type	id	old_length	new_length
added	sp|A0A2K4Z9G8|COMPA_BACSU		37
added	sp|A0A2K4Z9J5|BSRE_BACSU		30
added	sp|A0A2K4Z9K4|BSRH_BACSU		29
added	sp|C0H3P8|YTRH_BACSU		113
added	sp|C0H3P9|YTZJ_BACSU		63
added	sp|C0H3Q1|YTZI_BACSU		58
added	sp|C0H3Q2|YTZL_BACSU		52
added	sp|C0H3Q3|YUZH_BACSU		84
added	sp|C0H3Q4|YUZI_BACSU		87
added	sp|C0H3Q6|YBDZ_BACSU		69
added	sp|C0H3Q7|YUZJ_BACSU		43
added	sp|C0H3Q8|YUZN_BACSU		92
added	sp|C0H3Q9|YUZK_BACSU		45
added	sp|C0H3R0|YUZL_BACSU		48
added	sp|C0H3R1|YUZM_BACSU		81
added	sp|C0H3R3|YVZF_BACSU		61
added	sp|C0H3R4|RSOA_BACSU		79
added	sp|C0H3R5|YVRJ_BACSU		112
added	sp|C0H3R7|YVZJ_BACSU		69
added	sp|C0H3R9|YVZG_BACSU		125
added	sp|C0H3S3|YWZD_BACSU		47
added	sp|C0H3S6|YWZG_BACSU		112
added	sp|C0H3S8|YBZG_BACSU		74
added	sp|C0H3S9|YBZH_BACSU		100
added	sp|C0H3T1|YBZI_BACSU		87
added	sp|C0H3T2|YCZK_BACSU		58
added	sp|C0H3T3|YWZH_BACSU		49
added	sp|C0H3T5|YXZJ_BACSU		43
added	sp|C0H3T6|YXZL_BACSU		54
added	sp|C0H3T7|YXZK_BACSU		134
added	sp|C0H3T8|YYZN_BACSU		52
added	sp|C0H3T9|YYZF_BACSU		56
added	sp|C0H3U0|YYZG_BACSU		56
added	sp|C0H3U2|YYZH_BACSU		49
added	sp|C0H3U7|YCZL_BACSU		61
added	sp|C0H3U9|BSDD_BACSU		75
added	sp|C0H3V0|YCZM_BACSU		29
added	sp|C0H3V1|YCZN_BACSU		37
added	sp|C0H3V2|PTMA_BACSU		143
added	sp|C0H3V3|YCZO_BACSU		54
added	sp|C0H3V4|YDZK_BACSU		88
added	sp|C0H3V5|YDZL_BACSU		86
added	sp|C0H3V7|YDZN_BACSU		61
added	sp|C0H3V8|YYZM_BACSU		68
added	sp|C0H3V9|YDZO_BACSU		61
added	sp|C0H3W0|YDZP_BACSU		59
added	sp|C0H3W1|YDZQ_BACSU		47
added	sp|C0H3W2|YDZR_BACSU		76
added	sp|C0H3W7|YDZU_BACSU		90
added	sp|C0H3X2|YDZX_BACSU		95
added	sp|C0H3X3|YEZF_BACSU		75
added	sp|C0H3X4|YEZG_BACSU		151
added	sp|C0H3X6|YFZA_BACSU		88
added	sp|C0H3X7|MPRF_BACSU		856
added	sp|C0H3X8|YGZC_BACSU		90
added	sp|C0H3X9|YGZD_BACSU		66
added	sp|C0H3Y1|YHZD_BACSU		61
added	sp|C0H3Y2|SSCA_BACSU		28
added	sp|C0H3Y3|YHZF_BACSU		63
added	sp|C0H3Y4|YIZB_BACSU		115
added	sp|C0H3Y5|YIZC_BACSU		65
added	sp|C0H3Y6|YIZD_BACSU		55
added	sp|C0H3Y7|YJZK_BACSU		68
added	sp|C0H3Y8|YJCZ_BACSU		49
added	sp|C0H3Y9|YJZE_BACSU		84
added	sp|C0H3Z0|YJZF_BACSU		43
added	sp|C0H3Z1|YJZG_BACSU		57
added	sp|C0H3Z2|YJZH_BACSU		64
added	sp|C0H3Z3|YJZI_BACSU		62
added	sp|C0H3Z4|YJZJ_BACSU		59
added	sp|C0H3Z5|YKZK_BACSU		55
added	sp|C0H3Z6|YKZL_BACSU		127
added	sp|C0H3Z7|YKZM_BACSU		72
added	sp|C0H3Z8|XKZB_BACSU		49
added	sp|C0H3Z9|XKZA_BACSU		90
added	sp|C0H400|YKZN_BACSU		56
added	sp|C0H402|YKZP_BACSU		51
added	sp|C0H403|YKZQ_BACSU		75
added	sp|C0H404|YKZR_BACSU		83
added	sp|C0H405|YKZS_BACSU		64
added	sp|C0H406|YKZT_BACSU		53
added	sp|C0H408|YKZU_BACSU		172
added	sp|C0H409|YKZV_BACSU		52
added	sp|C0H410|YKZW_BACSU		39
added	sp|C0H411|YLZH_BACSU		61
added	sp|C0H412|SWRD_BACSU		71
added	sp|C0H413|YLZJ_BACSU		70
added	sp|C0H415|YNZI_BACSU		54
added	sp|C0H417|YNZK_BACSU		118
added	sp|C0H418|YNZL_BACSU		41
added	sp|C0H419|BLAP_BACSU		73
added	sp|C0H420|YOZS_BACSU		101
added	sp|C0H421|YOZT_BACSU		79
added	sp|C0H423|YOZV_BACSU		79
added	sp|C0H424|YOZW_BACSU		57
added	sp|C0H425|YOZX_BACSU		74
added	sp|C0H426|YOZY_BACSU		86
added	sp|C0H429|YOYB_BACSU		75
added	sp|C0H431|YOYD_BACSU		66
added	sp|C0H432|YOYE_BACSU		41
added	sp|C0H433|YOYF_BACSU		47
added	sp|C0H434|YOKU_BACSU		92
added	sp|C0H435|YOYG_BACSU		37
added	sp|C0H437|YOYH_BACSU		59
added	sp|C0H438|YOYI_BACSU		76
added	sp|C0H439|YOYJ_BACSU		83
added	sp|C0H440|YOUA_BACSU		203
added	sp|C0H443|YPZF_BACSU		48
added	sp|C0H444|YPZG_BACSU		50
added	sp|C0H445|YPZH_BACSU		64
added	sp|C0H446|YPZI_BACSU		45
added	sp|C0H447|YPZJ_BACSU		68
added	sp|C0H450|S5AEB_BACSU		116
added	sp|C0H451|YQZK_BACSU		75
added	sp|C0H452|YQZL_BACSU		47
added	sp|C0H453|YQZM_BACSU		44
added	sp|C0H454|YQZN_BACSU		63
added	sp|C0H455|YQZO_BACSU		49
added	sp|C0H458|YRZO_BACSU		47
added	sp|C0H461|YRZQ_BACSU		43
added	sp|C0H462|YRZR_BACSU		63
added	sp|C0H463|YRZS_BACSU		66
added	sp|C0H464|YRZT_BACSU		46
added	sp|C0H465|YSZA_BACSU		63
added	sp|C0SP78|MNEP_BACSU		297
added	sp|C0SP79|YTAF_BACSU		210
added	sp|C0SP80|YTES_BACSU		167
added	sp|C0SP82|YOAE_BACSU		680
added	sp|C0SP84|YTLA_BACSU		334
added	sp|C0SP85|YUKE_BACSU		97
added	sp|C0SP86|SFTA_BACSU		952
added	sp|C0SP89|YOAH_BACSU		561
added	sp|C0SP90|YTHA_BACSU		443
added	sp|C0SP91|YYCJ_BACSU		264
added	sp|C0SP93|ACCD_BACSU		290
added	sp|C0SP94|YHFQ_BACSU		323
added	sp|C0SP95|CUTJ_BACSU		541
added	sp|C0SP98|YKFD_BACSU		329
added	sp|C0SP99|YCIB_BACSU		194
added	sp|C0SPA0|PULA_BACSU		718
added	sp|C0SPA3|YLXW_BACSU		231
added	sp|C0SPA5|ADHA_BACSU		349
added	sp|C0SPA7|YUKB_BACSU		1495
added	sp|C0SPA8|YOBH_BACSU		217
added	sp|C0SPB0|YTCI_BACSU		529
added	sp|C0SPB1|YUKJ_BACSU		225
added	sp|C0SPB2|YWTG_BACSU		457
added	sp|C0SPB3|YTEP_BACSU		321
added	sp|C0SPB4|YHAQ_BACSU		298
added	sp|C0SPB5|YCLD_BACSU		154
added	sp|C0SPB6|SSBB_BACSU		113
added	sp|C0SPB8|YVAV_BACSU		177
added	sp|C0SPB9|YKON_BACSU		373
added	sp|C0SPC0|YOAI_BACSU		483
added	sp|C0SPC1|CCRZ_BACSU		269
added	sp|C0SPC3|YJHB_BACSU		208
added	sp|L8EAY0|BSRG_BACSU		38
added	sp|L8EBJ6|SSCB_BACSU		28
added	sp|L8EBJ9|MCIZ_BACSU		40
added	sp|O05213|AMIE_BACSU		441
added	sp|O05215|CHRA_BACSU		178
added	sp|O05216|CHRB_BACSU		197
added	sp|O05217|YWRC_BACSU		158
added	sp|O05218|YWRD_BACSU		525
added	sp|O05219|YWRE_BACSU		111
added	sp|O05220|YWRF_BACSU		205
added	sp|O05223|YWRJ_BACSU		225
added	sp|O05224|YWRK_BACSU		442
added	sp|O05227|MRPG_BACSU		124
added	sp|O05228|MRPF_BACSU		94
added	sp|O05229|MRPD_BACSU		493
added	sp|O05231|KAPD_BACSU		205
added	sp|O05234|YUGE_BACSU		86
added	sp|O05235|YUGF_BACSU		273
added	sp|O05236|YUGG_BACSU		166
added	sp|O05239|YUGJ_BACSU		387
added	sp|O05240|YUGK_BACSU		390
added	sp|O05241|YUGS_BACSU		429
added	sp|O05242|O16G3_BACSU		554
added	sp|O05243|YUGU_BACSU		132
added	sp|O05245|YUGM_BACSU		123
added	sp|O05246|YUGN_BACSU		134
added	sp|O05248|YUGP_BACSU		225
added	sp|O05249|YUFK_BACSU		185
added	sp|O05250|MALK_BACSU		533
added	sp|O05251|MALR_BACSU		235
added	sp|O05252|NUPN_BACSU		359
added	sp|O05253|NUPO_BACSU		510
added	sp|O05254|NUPP_BACSU		348
added	sp|O05255|NUPQ_BACSU		319
added	sp|O05256|MAEN_BACSU		448
added	sp|O05257|YUFS_BACSU		71
added	sp|O05259|MRPB_BACSU		143
added	sp|O05260|MRPC_BACSU		113
added	sp|O05261|YULB_BACSU		258
added	sp|O05262|RHAB_BACSU		485
added	sp|O05263|RHAM_BACSU		104
added	sp|O05264|RHAA_BACSU		424
added	sp|O05265|IOLU_BACSU		328
added	sp|O05267|YUMB_BACSU		406
added	sp|O05268|FENR2_BACSU		332
added	sp|O05269|GUAC_BACSU		326
added	sp|O05272|ASNO_BACSU		614
added	sp|O05389|YRBE_BACSU		341
added	sp|O05390|CSBX_BACSU		435
added	sp|O05391|BOFC_BACSU		170
added	sp|O05392|RUVA_BACSU		201
added	sp|O05393|MCCA_BACSU		307
added	sp|O05394|MCCB_BACSU		379
added	sp|O05395|YRHC_BACSU		76
added	sp|O05396|FDHD2_BACSU		160
added	sp|O05398|YRHF_BACSU		122
added	sp|O05399|YRHG_BACSU		266
added	sp|O05400|YRHH_BACSU		180
added	sp|O05401|YRHK_BACSU		96
added	sp|O05402|YRHL_BACSU		634
added	sp|O05403|RSIV_BACSU		285
added	sp|O05404|SIGV_BACSU		166
added	sp|O05405|YRHO_BACSU		275
added	sp|O05406|YRHP_BACSU		210
added	sp|O05407|YRAO_BACSU		438
added	sp|O05408|YRPG_BACSU		326
added	sp|O05409|SIGZ_BACSU		176
added	sp|O05410|YRPE_BACSU		251
added	sp|O05411|YRPD_BACSU		235
added	sp|O05412|MURI2_BACSU		265
added	sp|O05413|NMO_BACSU		347
added	sp|O05493|YDHB_BACSU		245
added	sp|O05494|YDHC_BACSU		224
added	sp|O05495|YDHD_BACSU		420
added	sp|O05496|YDHE_BACSU		395
added	sp|O05497|YDHF_BACSU		236
added	sp|O05500|YDHH_BACSU		165
added	sp|O05501|YDHI_BACSU		160
added	sp|O05502|YDHJ_BACSU		325
added	sp|O05503|YDHK_BACSU		205
added	sp|O05505|PTEB_BACSU		103
added	sp|O05506|PTEA_BACSU		110
added	sp|O05507|PTEC_BACSU		442
added	sp|O05508|GMUD_BACSU		465
added	sp|O05509|GMUR_BACSU		237
added	sp|O05510|SCRK_BACSU		299
added	sp|O05511|MANA2_BACSU		315
added	sp|O05512|MANB_BACSU		362
added	sp|O05514|THIL_BACSU		325
added	sp|O05515|TSAE_BACSU		158
added	sp|O05516|TSAB_BACSU		229
added	sp|O05517|RIMI_BACSU		151
added	sp|O05518|TSAD_BACSU		346
added	sp|O05519|YDIF_BACSU		642
added	sp|O05520|MOAC_BACSU		170
added	sp|O05521|REX_BACSU		215
added	sp|O05522|TATAY_BACSU		57
added	sp|O05523|TATCY_BACSU		254
added	sp|O05524|YDIK_BACSU		63
added	sp|O05525|YDIL_BACSU		244
added	sp|O06005|AAPA_BACSU		462
added	sp|O06006|YRAA_BACSU		169
added	sp|O06008|ADHR_BACSU		140
added	sp|O06010|YRAD_BACSU		99
added	sp|O06011|YRAE_BACSU		65
added	sp|O06012|ADHB_BACSU		378
added	sp|O06472|YFMN_BACSU		51
added	sp|O06473|YFMO_BACSU		396
added	sp|O06474|YFMP_BACSU		140
added	sp|O06475|YFMQ_BACSU		148
added	sp|O06476|YFMR_BACSU		629
added	sp|O06477|YFMS_BACSU		286
added	sp|O06478|ALDH5_BACSU		485
added	sp|O06480|YFNB_BACSU		235
added	sp|O06481|YFNC_BACSU		409
added	sp|O06483|YFNE_BACSU		392
added	sp|O06484|YFNF_BACSU		303
added	sp|O06485|YFNG_BACSU		322
added	sp|O06486|RFBF_BACSU		254
added	sp|O06489|YETM_BACSU		369
added	sp|O06490|YETN_BACSU		356
added	sp|O06491|GATA_BACSU		485
added	sp|O06492|GATC_BACSU		96
added	sp|O06493|OPUE_BACSU		492
added	sp|O06714|SBCC_BACSU		1130
added	sp|O06715|YISB_BACSU		100
added	sp|O06716|GERPF_BACSU		72
added	sp|O06717|GERPE_BACSU		133
added	sp|O06718|GERPD_BACSU		58
added	sp|O06719|GERPC_BACSU		205
added	sp|O06720|GERPB_BACSU		77
added	sp|O06721|GERPA_BACSU		73
added	sp|O06722|YISI_BACSU		56
added	sp|O06723|YISJ_BACSU		307
added	sp|O06724|YISK_BACSU		301
added	sp|O06725|YISL_BACSU		118
added	sp|O06727|YISN_BACSU		195
added	sp|O06728|YISP_BACSU		267
added	sp|O06730|YISU_BACSU		220
added	sp|O06733|YISX_BACSU		212
added	sp|O06734|YISY_BACSU		268
added	sp|O06735|CYSC2_BACSU		199
added	sp|O06736|SAT2_BACSU		389
added	sp|O06737|CYSH2_BACSU		236
added	sp|O06738|COMB_BACSU		228
added	sp|O06739|PSLS_BACSU		252
added	sp|O06740|YITE_BACSU		209
added	sp|O06741|YITF_BACSU		371
added	sp|O06743|YITH_BACSU		282
added	sp|O06744|YITI_BACSU		149
added	sp|O06745|YITJ_BACSU		612
added	sp|O06746|YITK_BACSU		163
added	sp|O06747|YITL_BACSU		298
added	sp|O06748|YITM_BACSU		194
added	sp|O06750|YITO_BACSU		309
added	sp|O06751|YITP_BACSU		178
added	sp|O06752|YITQ_BACSU		195
added	sp|O06753|YITR_BACSU		97
added	sp|O06965|YVCA_BACSU		241
added	sp|O06966|YVCB_BACSU		636
added	sp|O06967|BMRA_BACSU		589
added	sp|O06968|YVCD_BACSU		484
added	sp|O06972|YVCI_BACSU		158
added	sp|O06973|YVCJ_BACSU		295
added	sp|O06974|GNGF_BACSU		317
added	sp|O06975|WHIA_BACSU		316
added	sp|O06976|CRH_BACSU		85
added	sp|O06977|YVCN_BACSU		254
added	sp|O06978|YVCP_BACSU		237
added	sp|O06979|YVCQ_BACSU		356
added	sp|O06980|YVCR_BACSU		259
added	sp|O06981|YVCS_BACSU		646
added	sp|O06983|YVDA_BACSU		197
added	sp|O06984|YVDB_BACSU		530
added	sp|O06986|YVDD_BACSU		191
added	sp|O06987|YVDE_BACSU		316
added	sp|O06988|BBMA_BACSU		588
added	sp|O06989|MDXE_BACSU		417
added	sp|O06990|MDXF_BACSU		435
added	sp|O06991|MDXG_BACSU		278
added	sp|O06992|MALA_BACSU		294
added	sp|O06993|MALPY_BACSU		757
added	sp|O06994|O16G1_BACSU		561
added	sp|O06995|PGMB_BACSU		226
added	sp|O06996|COTR_BACSU		320
added	sp|O06997|YVDP_BACSU		447
added	sp|O06998|YVDQ_BACSU		170
added	sp|O06999|YVDR_BACSU		106
added	sp|O07001|YVDT_BACSU		194
added	sp|O07002|ASPP_BACSU		520
added	sp|O07003|LEVB_BACSU		516
added	sp|O07004|YVEF_BACSU		30
added	sp|O07005|YVEG_BACSU		156
added	sp|O07006|PADC_BACSU		161
added	sp|O07007|LUTR_BACSU		219
added	sp|O07008|GANR_BACSU		330
added	sp|O07009|GANS_BACSU		421
added	sp|O07011|GANQ_BACSU		283
added	sp|O07012|BGAL2_BACSU		672
added	sp|O07013|GANB_BACSU		429
added	sp|O07014|RSBP_BACSU		403
added	sp|O07015|RSBQ_BACSU		269
added	sp|O07016|YVFR_BACSU		301
added	sp|O07017|YVFS_BACSU		245
added	sp|O07019|YVFU_BACSU		200
added	sp|O07020|LUTA_BACSU		238
added	sp|O07021|LUTB_BACSU		479
added	sp|O07079|YRDA_BACSU		167
added	sp|O07080|YRDB_BACSU		123
added	sp|O07081|YRDC_BACSU		187
added	sp|O07084|CZCD_BACSU		311
added	sp|O07085|CZCO_BACSU		345
added	sp|O07086|YRDR_BACSU		321
added	sp|O07509|PROJ_BACSU		371
added	sp|O07513|HIT_BACSU		145
added	sp|O07515|TRPP_BACSU		172
added	sp|O07516|YHAH_BACSU		118
added	sp|O07517|YHAI_BACSU		113
added	sp|O07518|YHAJ_BACSU		172
added	sp|O07520|YHAL_BACSU		70
added	sp|O07521|YHAM_BACSU		314
added	sp|O07522|YHAO_BACSU		408
added	sp|O07523|YHAP_BACSU		419
added	sp|O07527|YHCY_BACSU		379
added	sp|O07528|YHCZ_BACSU		214
added	sp|O07529|AZR_BACSU		174
added	sp|O07530|YHDB_BACSU		80
added	sp|O07531|YHDC_BACSU		107
added	sp|O07532|LYTF_BACSU		488
added	sp|O07533|YHAR_BACSU		255
added	sp|O07534|KHTS_BACSU		112
added	sp|O07535|KHTT_BACSU		165
added	sp|O07536|KHTU_BACSU		405
added	sp|O07539|YHAX_BACSU		288
added	sp|O07541|YHAZ_BACSU		357
added	sp|O07542|YHEA_BACSU		117
added	sp|O07543|YHEB_BACSU		377
added	sp|O07544|YHEC_BACSU		363
added	sp|O07545|YHED_BACSU		453
added	sp|O07546|YHEE_BACSU		72
added	sp|O07547|YHEF_BACSU		41
added	sp|O07548|YHEG_BACSU		206
added	sp|O07549|BMRD_BACSU		673
added	sp|O07550|BMRC_BACSU		585
added	sp|O07551|YHEJ_BACSU		53
added	sp|O07552|NHAX_BACSU		166
added	sp|O07553|NHAC_BACSU		453
added	sp|O07555|YHJA_BACSU		89
added	sp|O07556|YHJB_BACSU		489
added	sp|O07557|YHJC_BACSU		66
added	sp|O07558|YHJD_BACSU		120
added	sp|O07559|YHJE_BACSU		207
added	sp|O07560|LEPV_BACSU		168
added	sp|O07561|YHJG_BACSU		499
added	sp|O07563|GLCP_BACSU		401
added	sp|O07564|NTDC_BACSU		350
added	sp|O07565|NTDB_BACSU		282
added	sp|O07566|NTDA_BACSU		441
added	sp|O07567|NTDR_BACSU		329
added	sp|O07568|YHJN_BACSU		384
added	sp|O07569|YHJO_BACSU		401
added	sp|O07570|YHJP_BACSU		575
added	sp|O07571|YHJQ_BACSU		108
added	sp|O07572|YHJR_BACSU		145
added	sp|O07573|NSRR_BACSU		146
added	sp|O07575|YHDF_BACSU		289
added	sp|O07576|BCAP_BACSU		465
added	sp|O07577|YHDH_BACSU		451
added	sp|O07578|YHDI_BACSU		469
added	sp|O07579|YHDJ_BACSU		142
added	sp|O07580|YHDK_BACSU		96
added	sp|O07581|YHDL_BACSU		358
added	sp|O07582|SIGM_BACSU		163
added	sp|O07584|PLSC_BACSU		199
added	sp|O07585|YHDP_BACSU		444
added	sp|O07586|CUER_BACSU		143
added	sp|O07587|AAT3_BACSU		393
added	sp|O07589|YHDT_BACSU		461
added	sp|O07590|FLUC1_BACSU		118
added	sp|O07591|FLUC2_BACSU		131
added	sp|O07592|YHDW_BACSU		243
added	sp|O07593|YHDX_BACSU		35
added	sp|O07594|YHDY_BACSU		371
added	sp|O07595|NPD_BACSU		247
added	sp|O07596|YHEN_BACSU		282
added	sp|O07597|DAAA_BACSU		282
added	sp|O07598|YHAA_BACSU		396
added	sp|O07599|YHFA_BACSU		463
added	sp|O07600|FABH2_BACSU		325
added	sp|O07601|YHFC_BACSU		258
added	sp|O07603|YHFE_BACSU		346
added	sp|O07604|YHFF_BACSU		135
added	sp|O07605|GLTT_BACSU		429
added	sp|O07606|YHFH_BACSU		46
added	sp|O07607|YHFI_BACSU		244
added	sp|O07608|LPLJ_BACSU		331
added	sp|O07609|YHFK_BACSU		214
added	sp|O07610|LCFB_BACSU		513
added	sp|O07611|YHFM_BACSU		131
added	sp|O07614|YHFO_BACSU		149
added	sp|O07615|YHFP_BACSU		330
added	sp|O07617|PHOE_BACSU		193
added	sp|O07618|YHFS_BACSU		364
added	sp|O07619|YHFT_BACSU		479
added	sp|O07620|BIOY_BACSU		186
added	sp|O07621|HEMAT_BACSU		432
added	sp|O07622|YHFW_BACSU		509
added	sp|O07623|SBOA_BACSU		43
added	sp|O07624|YWIB_BACSU		142
added	sp|O07625|YLAA_BACSU		646
added	sp|O07626|YLAB_BACSU		89
added	sp|O07627|YLAC_BACSU		173
added	sp|O07628|YLAD_BACSU		97
added	sp|O07629|YLAE_BACSU		203
added	sp|O07630|YLAF_BACSU		62
added	sp|O07631|BIPA_BACSU		612
added	sp|O07632|YLAH_BACSU		105
added	sp|O07633|YLAI_BACSU		69
added	sp|O07634|YLAJ_BACSU		209
added	sp|O07635|PHOH2_BACSU		442
added	sp|O07636|YLAL_BACSU		161
added	sp|O07637|GLSA2_BACSU		309
added	sp|O07638|YLAN_BACSU		93
added	sp|O07639|FTSW_BACSU		403
added	sp|O07906|YRAN_BACSU		289
added	sp|O07909|YRAI_BACSU		119
added	sp|O07917|YRAL_BACSU		87
added	sp|O07918|YRAH_BACSU		128
added	sp|O07919|YRAG_BACSU		81
added	sp|O07920|AZLB_BACSU		157
added	sp|O07921|CHIS_BACSU		277
added	sp|O07923|AZLD_BACSU		110
added	sp|O07931|YRAM_BACSU		367
added	sp|O07934|YRAJ_BACSU		118
added	sp|O07937|YRAK_BACSU		271
added	sp|O07938|YRDF_BACSU		91
added	sp|O07939|YIST_BACSU		169
added	sp|O07940|YISQ_BACSU		455
added	sp|O07942|AZLC_BACSU		254
added	sp|O07949|YRAF_BACSU		122
added	sp|O08335|FATR_BACSU		194
added	sp|O08336|CYPB_BACSU		1054
added	sp|O08394|CYPD_BACSU		1061
added	sp|O08455|YHAN_BACSU		963
added	sp|O08469|CPXY_BACSU		410
added	sp|O24817|YDZJ_BACSU		52
added	sp|O30472|YODL_BACSU		104
added	sp|O30509|GATB_BACSU		476
added	sp|O30601|YOSP_BACSU		329
added	sp|O30602|YOJW_BACSU		55
added	sp|O31398|YKWD_BACSU		257
added	sp|O31404|ACOA_BACSU		333
added	sp|O31414|YAZA_BACSU		99
added	sp|O31417|YAZB_BACSU		69
added	sp|O31418|MRNC_BACSU		143
added	sp|O31421|YBCM_BACSU		104
added	sp|O31422|SKFA_BACSU		55
added	sp|O31423|SKFB_BACSU		410
added	sp|O31425|SKFC_BACSU		496
added	sp|O31427|SKFE_BACSU		239
added	sp|O31428|SKFF_BACSU		447
added	sp|O31429|SKFG_BACSU		171
added	sp|O31430|SKFH_BACSU		141
added	sp|O31431|YBDG_BACSU		325
added	sp|O31432|YBDJ_BACSU		223
added	sp|O31433|YBDK_BACSU		320
added	sp|O31435|YBDM_BACSU		256
added	sp|O31436|YBDN_BACSU		285
added	sp|O31437|YBDO_BACSU		394
added	sp|O31440|CYPC_BACSU		417
added	sp|O31441|YBYB_BACSU		86
added	sp|O31442|YBEF_BACSU		82
added	sp|O31443|YBFA_BACSU		305
added	sp|O31444|YBFB_BACSU		416
added	sp|O31445|YBFE_BACSU		94
added	sp|O31446|YBFF_BACSU		303
added	sp|O31447|YBFG_BACSU		732
added	sp|O31448|YBFH_BACSU		306
added	sp|O31449|YBFI_BACSU		275
added	sp|O31451|YBFJ_BACSU		132
added	sp|O31452|YBFK_BACSU		296
added	sp|O31453|YBFM_BACSU		162
added	sp|O31454|YBFN_BACSU		92
added	sp|O31455|YBFO_BACSU		446
added	sp|O31456|YBFP_BACSU		295
added	sp|O31457|TRHO_BACSU		322
added	sp|O31458|GAMA_BACSU		249
added	sp|O31459|GAMR_BACSU		235
added	sp|O31460|YBGB_BACSU		91
added	sp|O31461|ILVE1_BACSU		356
added	sp|O31462|YBGF_BACSU		470
added	sp|O31463|HMT_BACSU		315
added	sp|O31464|GLNT_BACSU		478
added	sp|O31465|GLSA1_BACSU		327
added	sp|O31466|RTPA_BACSU		53
added	sp|O31467|TATAD_BACSU		70
added	sp|O31469|YCZC_BACSU		127
added	sp|O31472|YCGE_BACSU		154
added	sp|O31473|YCGI_BACSU		198
added	sp|O31474|YCGJ_BACSU		253
added	sp|O31475|FENR1_BACSU		336
added	sp|O31479|YCZF_BACSU		73
added	sp|O31480|YCZG_BACSU		104
added	sp|O31482|YCZH_BACSU		202
added	sp|O31484|YCZJ_BACSU		95
added	sp|O31485|YDZA_BACSU		96
added	sp|O31486|YDAJ_BACSU		362
added	sp|O31487|YDAL_BACSU		569
added	sp|O31488|YDAN_BACSU		703
added	sp|O31489|YDCI_BACSU		719
added	sp|O31490|XIS_BACSU		64
added	sp|O31491|YDDB_BACSU		354
added	sp|O31492|PHRI_BACSU		39
added	sp|O31493|YDZE_BACSU		78
added	sp|O31494|YDZF_BACSU		109
added	sp|O31496|YDZH_BACSU		78
added	sp|O31497|YEZC_BACSU		139
added	sp|O31498|DNLJ_BACSU		668
added	sp|O31500|YERO_BACSU		289
added	sp|O31501|SWRC_BACSU		1052
added	sp|O31502|DAGK_BACSU		303
added	sp|O31503|RLMCD_BACSU		459
added	sp|O31504|DNMA_BACSU		879
added	sp|O31505|YEZA_BACSU		68
added	sp|O31506|YEEF_BACSU		669
added	sp|O31507|YEEG_BACSU		340
added	sp|O31509|YEEI_BACSU		239
added	sp|O31510|YEEK_BACSU		145
added	sp|O31511|YESE_BACSU		147
added	sp|O31512|YESF_BACSU		286
added	sp|O31513|YESJ_BACSU		180
added	sp|O31514|YESK_BACSU		100
added	sp|O31515|YESL_BACSU		209
added	sp|O31516|YESM_BACSU		577
added	sp|O31517|YESN_BACSU		368
added	sp|O31518|YESO_BACSU		427
added	sp|O31519|YESP_BACSU		309
added	sp|O31520|YESQ_BACSU		296
added	sp|O31521|URHG1_BACSU		344
added	sp|O31522|YESS_BACSU		761
added	sp|O31523|RHGT1_BACSU		232
added	sp|O31524|YESU_BACSU		220
added	sp|O31525|YESV_BACSU		208
added	sp|O31526|YESW_BACSU		620
added	sp|O31527|YESX_BACSU		612
added	sp|O31528|RHGT2_BACSU		217
added	sp|O31529|BGAL1_BACSU		663
added	sp|O31530|YETA_BACSU		857
added	sp|O31533|YETF_BACSU		231
added	sp|O31534|HMOA_BACSU		108
added	sp|O31535|YETH_BACSU		120
added	sp|O31537|YEZB_BACSU		98
added	sp|O31538|YEZD_BACSU		55
added	sp|O31539|CALJ_BACSU		214
added	sp|O31540|YETK_BACSU		330
added	sp|O31541|YETL_BACSU		167
added	sp|O31542|YFND_BACSU		311
added	sp|O31543|YFJQ_BACSU		319
added	sp|O31544|YFJP_BACSU		287
added	sp|O31545|YFJO_BACSU		466
added	sp|O31546|DUS2_BACSU		325
added	sp|O31547|YFJM_BACSU		150
added	sp|O31550|ACOC_BACSU		398
added	sp|O31551|ACOR_BACSU		605
added	sp|O31552|SSPH_BACSU		59
added	sp|O31553|YFJF_BACSU		109
added	sp|O31554|YFJE_BACSU		152
added	sp|O31555|YFJD_BACSU		185
added	sp|O31556|YFJC_BACSU		255
added	sp|O31557|YFJB_BACSU		407
added	sp|O31558|YFJA_BACSU		104
added	sp|O31559|YFIQ_BACSU		362
added	sp|O31560|YFIR_BACSU		205
added	sp|O31561|YFIS_BACSU		417
added	sp|O31562|YFIT_BACSU		178
added	sp|O31563|YFIU_BACSU		518
added	sp|O31564|YFIV_BACSU		160
added	sp|O31567|YFIY_BACSU		325
added	sp|O31568|YFIZ_BACSU		333
added	sp|O31569|YFHA_BACSU		343
added	sp|O31570|YFHB_BACSU		293
added	sp|O31571|YFHC_BACSU		194
added	sp|O31572|YFHD_BACSU		63
added	sp|O31573|YFHE_BACSU		36
added	sp|O31574|YFHF_BACSU		303
added	sp|O31575|RECX_BACSU		264
added	sp|O31576|YFHH_BACSU		104
added	sp|O31577|YFHI_BACSU		397
added	sp|O31578|YFHJ_BACSU		89
added	sp|O31579|YFHK_BACSU		172
added	sp|O31580|YFHL_BACSU		110
added	sp|O31581|YFHM_BACSU		286
added	sp|O31582|YFHO_BACSU		861
added	sp|O31583|YFHP_BACSU		327
added	sp|O31584|MUTY_BACSU		369
added	sp|O31585|YFHS_BACSU		74
added	sp|O31586|YGZA_BACSU		67
added	sp|O31587|RS14_BACSU		89
added	sp|O31588|YHZB_BACSU		207
added	sp|O31589|YHBB_BACSU		311
added	sp|O31590|TRML_BACSU		160
added	sp|O31592|YHBI_BACSU		154
added	sp|O31593|YHBJ_BACSU		221
added	sp|O31594|YHZC_BACSU		77
added	sp|O31596|YJAZ_BACSU		261
added	sp|O31597|YJBA_BACSU		250
added	sp|O31600|YJBB_BACSU		405
added	sp|O31601|YJBC_BACSU		192
added	sp|O31602|SPX_BACSU		131
added	sp|O31603|YJBE_BACSU		218
added	sp|O31604|COIA_BACSU		373
added	sp|O31605|PEPF_BACSU		670
added	sp|O31606|SPXH_BACSU		299
added	sp|O31607|TRHBO_BACSU		132
added	sp|O31608|CWLQ_BACSU		181
added	sp|O31609|YJBK_BACSU		190
added	sp|O31610|YJBL_BACSU		122
added	sp|O31611|YJBM_BACSU		211
added	sp|O31612|NADK1_BACSU		266
added	sp|O31613|YJBO_BACSU		283
added	sp|O31614|PRPE_BACSU		244
added	sp|O31615|CPAA_BACSU		614
added	sp|O31616|GLYOX_BACSU		369
added	sp|O31617|THIS_BACSU		66
added	sp|O31618|THIG_BACSU		256
added	sp|O31619|THIF_BACSU		336
added	sp|O31620|THID_BACSU		271
added	sp|O31622|COTO_BACSU		227
added	sp|O31623|YJCA_BACSU		118
added	sp|O31625|SPVIF_BACSU		84
added	sp|O31626|YJCD_BACSU		759
added	sp|O31628|YJCF_BACSU		140
added	sp|O31629|YJCG_BACSU		171
added	sp|O31630|YJCH_BACSU		240
added	sp|O31631|METI_BACSU		373
added	sp|O31632|METC_BACSU		390
added	sp|O31633|YJCK_BACSU		181
added	sp|O31634|YJCL_BACSU		396
added	sp|O31635|YJCM_BACSU		409
added	sp|O31636|YJCN_BACSU		106
added	sp|O31637|YJCO_BACSU		153
added	sp|O31638|YJCP_BACSU		167
added	sp|O31639|YJCQ_BACSU		94
added	sp|O31640|YJCR_BACSU		175
added	sp|O31641|YJCS_BACSU		105
added	sp|O31642|YJDA_BACSU		251
added	sp|O31643|YJDB_BACSU		115
added	sp|O31644|MANR_BACSU		648
added	sp|O31645|PTN3B_BACSU		650
added	sp|O31646|MANA1_BACSU		315
added	sp|O31647|YJDF_BACSU		160
added	sp|O31648|YJDG_BACSU		168
added	sp|O31649|YJDH_BACSU		131
added	sp|O31650|YJDI_BACSU		159
added	sp|O31651|YJDJ_BACSU		109
added	sp|O31652|COXX1_BACSU		320
added	sp|O31653|YKZH_BACSU		74
added	sp|O31654|SIGI_BACSU		251
added	sp|O31655|RSGI_BACSU		381
added	sp|O31656|YKRK_BACSU		233
added	sp|O31657|HTPX_BACSU		298
added	sp|O31658|KTRD_BACSU		449
added	sp|O31659|YKZE_BACSU		58
added	sp|O31660|YKRP_BACSU		340
added	sp|O31661|KINE_BACSU		738
added	sp|O31662|MTNA_BACSU		353
added	sp|O31663|MTNK_BACSU		397
added	sp|O31664|MTNU_BACSU		259
added	sp|O31665|MTNE_BACSU		398
added	sp|O31666|MTNW_BACSU		405
added	sp|O31667|MTNX_BACSU		235
added	sp|O31668|MTNB_BACSU		209
added	sp|O31669|MTND_BACSU		178
added	sp|O31670|YKVA_BACSU		106
added	sp|O31671|KIND_BACSU		506
added	sp|O31672|MHQR_BACSU		145
added	sp|O31673|CLPE_BACSU		699
added	sp|O31674|YKVI_BACSU		347
added	sp|O31675|QUEC_BACSU		219
added	sp|O31676|QUED_BACSU		146
added	sp|O31677|QUEE_BACSU		243
added	sp|O31678|QUEF_BACSU		165
added	sp|O31679|YKVN_BACSU		118
added	sp|O31680|YKVO_BACSU		248
added	sp|O31681|YKVP_BACSU		399
added	sp|O31682|YKVQ_BACSU		232
added	sp|O31683|YKVR_BACSU		96
added	sp|O31684|YKVS_BACSU		61
added	sp|O31685|YKVT_BACSU		208
added	sp|O31686|YKVU_BACSU		445
added	sp|O31687|STOA_BACSU		165
added	sp|O31688|ZOSA_BACSU		637
added	sp|O31689|YKVY_BACSU		363
added	sp|O31690|YKVZ_BACSU		321
added	sp|O31691|GLCT_BACSU		281
added	sp|O31695|YKUC_BACSU		430
added	sp|O31696|YKUH_BACSU		182
added	sp|O31697|YKZF_BACSU		65
added	sp|O31698|DARB_BACSU		147
added	sp|O31699|YKUV_BACSU		148
added	sp|O31700|CSE15_BACSU		321
added	sp|O31701|MOBA_BACSU		199
added	sp|O31702|MOEB_BACSU		339
added	sp|O31703|MOEA_BACSU		430
added	sp|O31704|MOBB_BACSU		173
added	sp|O31705|MOAE_BACSU		157
added	sp|O31706|MOAD_BACSU		77
added	sp|O31707|YKNU_BACSU		585
added	sp|O31708|YKNV_BACSU		604
added	sp|O31709|YKNW_BACSU		231
added	sp|O31710|YKNX_BACSU		377
added	sp|O31711|YKNY_BACSU		230
added	sp|O31712|YKNZ_BACSU		397
added	sp|O31713|FRUR_BACSU		251
added	sp|O31714|K1PF_BACSU		303
added	sp|O31715|YKOA_BACSU		89
added	sp|O31716|YKPA_BACSU		540
added	sp|O31717|YKPB_BACSU		303
added	sp|O31718|RPOY_BACSU		69
added	sp|O31719|YKZI_BACSU		62
added	sp|O31720|YKZC_BACSU		142
added	sp|O31723|YLMA_BACSU		264
added	sp|O31724|FAPD_BACSU		426
added	sp|O31725|YLMC_BACSU		81
added	sp|O31726|PURNU_BACSU		278
added	sp|O31727|PLPHP_BACSU		230
added	sp|O31728|SEPF_BACSU		151
added	sp|O31729|YLMG_BACSU		90
added	sp|O31737|YLQB_BACSU		161
added	sp|O31738|KHPA_BACSU		81
added	sp|O31739|YLQD_BACSU		128
added	sp|O31740|RIMM_BACSU		174
added	sp|O31741|TRMD_BACSU		243
added	sp|O31742|RL19_BACSU		115
added	sp|O31743|RBGA_BACSU		282
added	sp|O31744|RNH2_BACSU		255
added	sp|O31745|YLQG_BACSU		576
added	sp|O31749|PYRH_BACSU		240
added	sp|O31751|ISPT_BACSU		260
added	sp|O31752|CDSA_BACSU		269
added	sp|O31753|DXR_BACSU		383
added	sp|O31754|RASP_BACSU		422
added	sp|O31755|SYP_BACSU		564
added	sp|O31760|RNJ2_BACSU		555
added	sp|O31761|YMFC_BACSU		241
added	sp|O31762|BBEX_BACSU		402
added	sp|O31764|YMFF_BACSU		426
added	sp|O31766|YMFH_BACSU		428
added	sp|O31767|YMFI_BACSU		242
added	sp|O31768|YMFJ_BACSU		85
added	sp|O31769|YMFK_BACSU		269
added	sp|O31771|YMFM_BACSU		288
added	sp|O31773|PBPX_BACSU		391
added	sp|O31774|RNY_BACSU		520
added	sp|O31775|YMDB_BACSU		264
added	sp|O31776|TDH_BACSU		347
added	sp|O31777|BIOF1_BACSU		392
added	sp|O31778|MIAB_BACSU		509
added	sp|O31779|YMCA_BACSU		143
added	sp|O31780|YMCC_BACSU		185
added	sp|O31782|PKSN_BACSU		5488
added	sp|O31784|PKSR_BACSU		2543
added	sp|O31785|PKSS_BACSU		405
added	sp|O31786|YMZB_BACSU		118
added	sp|O31787|YMAE_BACSU		274
added	sp|O31788|APRX_BACSU		442
added	sp|O31789|YMAC_BACSU		235
added	sp|O31790|YMAD_BACSU		150
added	sp|O31793|YMAG_BACSU		91
added	sp|O31794|GERY_BACSU		137
added	sp|O31795|MIAA_BACSU		314
added	sp|O31796|HFQ_BACSU		73
added	sp|O31797|YMZC_BACSU		90
added	sp|O31798|YMZA_BACSU		76
added	sp|O31799|YNZF_BACSU		114
added	sp|O31800|YNZG_BACSU		83
added	sp|O31801|YNCF_BACSU		144
added	sp|O31802|YNZH_BACSU		86
added	sp|O31803|YNCM_BACSU		250
added	sp|O31804|TATAC_BACSU		62
added	sp|O31805|YNDA_BACSU		132
added	sp|O31806|YNDB_BACSU		144
added	sp|O31807|YNZB_BACSU		62
added	sp|O31808|YNDD_BACSU		520
added	sp|O31809|YNDE_BACSU		363
added	sp|O31810|YNDF_BACSU		404
added	sp|O31811|YNDG_BACSU		268
added	sp|O31812|YNDH_BACSU		205
added	sp|O31813|YNDJ_BACSU		546
added	sp|O31814|YNDK_BACSU		121
added	sp|O31815|YNDL_BACSU		252
added	sp|O31816|YNDM_BACSU		179
added	sp|O31817|FOSB_BACSU		144
added	sp|O31818|YNZC_BACSU		77
added	sp|O31819|YNZD_BACSU		57
added	sp|O31820|YNEN_BACSU		170
added	sp|O31821|YNGA_BACSU		148
added	sp|O31822|YNGB_BACSU		297
added	sp|O31823|UPTA_BACSU		198
added	sp|O31824|NRNB_BACSU		399
added	sp|O31825|YNGE_BACSU		511
added	sp|O31826|YNGI_BACSU		549
added	sp|O31827|PPSE_BACSU		1279
added	sp|O31829|YOAF_BACSU		97
added	sp|O31830|YOAG_BACSU		134
added	sp|O31831|YOAQ_BACSU		118
added	sp|O31832|YOZF_BACSU		165
added	sp|O31833|YOAS_BACSU		160
added	sp|O31834|YOZG_BACSU		84
added	sp|O31835|YOBA_BACSU		120
added	sp|O31836|YOBB_BACSU		87
added	sp|O31837|YOZH_BACSU		118
added	sp|O31838|YOZI_BACSU		121
added	sp|O31839|YOZJ_BACSU		151
added	sp|O31840|PHRK_BACSU		40
added	sp|O31841|YOZK_BACSU		115
added	sp|O31842|YOZL_BACSU		97
added	sp|O31843|YOZM_BACSU		111
added	sp|O31844|CZRA_BACSU		107
added	sp|O31845|YOZB_BACSU		178
added	sp|O31846|YOZN_BACSU		87
added	sp|O31847|YOZO_BACSU		114
added	sp|O31848|YOZC_BACSU		67
added	sp|O31849|YOJO_BACSU		638
added	sp|O31850|YOJN_BACSU		304
added	sp|O31851|YOJM_BACSU		196
added	sp|O31852|CWLS_BACSU		414
added	sp|O31853|YOJK_BACSU		405
added	sp|O31854|CDAS_BACSU		207
added	sp|O31855|NORM_BACSU		452
added	sp|O31856|RSBRC_BACSU		282
added	sp|O31857|BSHB2_BACSU		221
added	sp|O31858|YOJF_BACSU		116
added	sp|O31859|YOJE_BACSU		298
added	sp|O31861|YOJB_BACSU		78
added	sp|O31862|YOJA_BACSU		444
added	sp|O31863|YOZD_BACSU		58
added	sp|O31864|YOZE_BACSU		74
added	sp|O31865|YOTL_BACSU		80
added	sp|O31866|YOTK_BACSU		61
added	sp|O31867|YOTH_BACSU		57
added	sp|O31868|YOTG_BACSU		105
added	sp|O31869|YOTF_BACSU		25
added	sp|O31870|YOTE_BACSU		48
added	sp|O31872|YOSW_BACSU		113
added	sp|O31873|YOSU_BACSU		81
added	sp|O31875|NRDEB_BACSU		1084
added	sp|O31877|YOSL_BACSU		117
added	sp|O31878|YOSK_BACSU		66
added	sp|O31879|YOSJ_BACSU		64
added	sp|O31880|YOSI_BACSU		44
added	sp|O31881|YOSH_BACSU		156
added	sp|O31882|YOSG_BACSU		120
added	sp|O31883|YOSF_BACSU		41
added	sp|O31884|YOSE_BACSU		115
added	sp|O31885|YOSD_BACSU		131
added	sp|O31886|YOSC_BACSU		180
added	sp|O31887|YOSB_BACSU		59
added	sp|O31888|YOSA_BACSU		39
added	sp|O31889|YORZ_BACSU		70
added	sp|O31890|YORY_BACSU		60
added	sp|O31891|YORX_BACSU		75
added	sp|O31892|YORW_BACSU		121
added	sp|O31893|YORV_BACSU		72
added	sp|O31894|YORT_BACSU		39
added	sp|O31896|YORR_BACSU		165
added	sp|O31897|YORQ_BACSU		51
added	sp|O31898|YORP_BACSU		71
added	sp|O31899|YORO_BACSU		65
added	sp|O31900|YORN_BACSU		49
added	sp|O31901|YORM_BACSU		238
added	sp|O31902|YORL_BACSU		1305
added	sp|O31903|YORK_BACSU		576
added	sp|O31904|YORJ_BACSU		378
added	sp|O31905|YORI_BACSU		504
added	sp|O31906|YORH_BACSU		156
added	sp|O31907|YORG_BACSU		323
added	sp|O31908|YORF_BACSU		304
added	sp|O31909|YORE_BACSU		123
added	sp|O31910|YORC_BACSU		126
added	sp|O31911|YORB_BACSU		98
added	sp|O31912|YORA_BACSU		586
added	sp|O31913|YOQZ_BACSU		274
added	sp|O31914|YOQY_BACSU		131
added	sp|O31915|YOQX_BACSU		73
added	sp|O31916|YOQW_BACSU		224
added	sp|O31917|LIGB_BACSU		270
added	sp|O31918|YOQU_BACSU		137
added	sp|O31919|YOQT_BACSU		49
added	sp|O31920|YOQS_BACSU		115
added	sp|O31921|YOQR_BACSU		118
added	sp|O31922|YOQP_BACSU		113
added	sp|O31923|YOQO_BACSU		124
added	sp|O31924|YOQN_BACSU		72
added	sp|O31925|YOQM_BACSU		92
added	sp|O31926|YOPL_BACSU		41
added	sp|O31927|YOPK_BACSU		386
added	sp|O31928|YOPJ_BACSU		138
added	sp|O31929|YOPI_BACSU		177
added	sp|O31930|YOPH_BACSU		178
added	sp|O31931|YOPG_BACSU		43
added	sp|O31932|YOPF_BACSU		71
added	sp|O31933|YOPE_BACSU		83
added	sp|O31934|YOPD_BACSU		131
added	sp|O31935|YOPC_BACSU		442
added	sp|O31936|YOPB_BACSU		75
added	sp|O31937|YOPA_BACSU		438
added	sp|O31938|YONX_BACSU		168
added	sp|O31939|YONV_BACSU		410
added	sp|O31940|YONU_BACSU		62
added	sp|O31941|YONT_BACSU		58
added	sp|O31942|YONS_BACSU		203
added	sp|O31943|YONR_BACSU		108
added	sp|O31944|YONP_BACSU		64
added	sp|O31945|YONO_BACSU		839
added	sp|O31947|YONK_BACSU		63
added	sp|O31948|YONJ_BACSU		405
added	sp|O31949|YONI_BACSU		136
added	sp|O31950|YONH_BACSU		166
added	sp|O31951|YONG_BACSU		306
added	sp|O31952|YONF_BACSU		589
added	sp|O31953|YONE_BACSU		506
added	sp|O31954|YOND_BACSU		478
added	sp|O31955|YONC_BACSU		178
added	sp|O31956|YONB_BACSU		338
added	sp|O31957|YONA_BACSU		156
added	sp|O31958|YOMZ_BACSU		131
added	sp|O31959|YOMY_BACSU		84
added	sp|O31960|YOMX_BACSU		216
added	sp|O31961|YOMW_BACSU		168
added	sp|O31962|YOMV_BACSU		236
added	sp|O31963|YOMU_BACSU		265
added	sp|O31964|YOMT_BACSU		75
added	sp|O31965|YOMS_BACSU		118
added	sp|O31966|YOMR_BACSU		405
added	sp|O31967|YOMQ_BACSU		116
added	sp|O31968|YOMP_BACSU		63
added	sp|O31969|YOMO_BACSU		166
added	sp|O31970|YOMN_BACSU		139
added	sp|O31971|YOMM_BACSU		333
added	sp|O31972|YOZP_BACSU		109
added	sp|O31973|YOML_BACSU		228
added	sp|O31974|YOMK_BACSU		148
added	sp|O31975|YOMJ_BACSU		227
added	sp|O31976|YOMI_BACSU		2285
added	sp|O31977|YOMH_BACSU		252
added	sp|O31978|YOMG_BACSU		875
added	sp|O31979|YOMF_BACSU		273
added	sp|O31980|YOME_BACSU		644
added	sp|O31981|YOMD_BACSU		274
added	sp|O31982|BLYA_BACSU		367
added	sp|O31983|BHLA_BACSU		70
added	sp|O31984|BHLB_BACSU		88
added	sp|O31986|SUNS_BACSU		422
added	sp|O31989|SUNI_BACSU		105
added	sp|O31990|UVRX_BACSU		416
added	sp|O31991|YOLD_BACSU		110
added	sp|O31992|YOLC_BACSU		111
added	sp|O31993|YOLB_BACSU		118
added	sp|O31994|YOLA_BACSU		155
added	sp|O31995|YOKL_BACSU		177
added	sp|O31996|YOKK_BACSU		192
added	sp|O31997|YOKJ_BACSU		165
added	sp|O31998|YOKI_BACSU		571
added	sp|O31999|YOKH_BACSU		185
added	sp|O32000|YOKG_BACSU		357
added	sp|O32001|YOKF_BACSU		296
added	sp|O32002|YOKE_BACSU		160
added	sp|O32003|YOKD_BACSU		272
added	sp|O32004|YOKC_BACSU		171
added	sp|O32005|YOKB_BACSU		236
added	sp|O32006|YOKA_BACSU		545
added	sp|O32007|YPZA_BACSU		89
added	sp|O32012|YPZC_BACSU		78
added	sp|O32013|YPZD_BACSU		70
added	sp|O32014|YQZH_BACSU		68
added	sp|O32015|YQZF_BACSU		78
added	sp|O32019|YQZG_BACSU		108
added	sp|O32020|SPO3L_BACSU		59
added	sp|O32022|YQZD_BACSU		117
added	sp|O32023|YQZC_BACSU		154
added	sp|O32025|PHRE_BACSU		44
added	sp|O32026|YQZI_BACSU		52
added	sp|O32027|YRZI_BACSU		49
added	sp|O32028|MTNN_BACSU		231
added	sp|O32029|YRRT_BACSU		213
added	sp|O32030|YRZA_BACSU		67
added	sp|O32031|YRRS_BACSU		233
added	sp|O32032|PBPI_BACSU		584
added	sp|O32033|URK_BACSU		211
added	sp|O32034|TRHP1_BACSU		422
added	sp|O32035|TRHP2_BACSU		309
added	sp|O32036|TRMR_BACSU		217
added	sp|O32037|TCDA_BACSU		254
added	sp|O32038|SYDND_BACSU		592
added	sp|O32039|SYH_BACSU		424
added	sp|O32040|YRZK_BACSU		56
added	sp|O32041|YRVJ_BACSU		518
added	sp|O32042|DTD_BACSU		132
added	sp|O32044|RECJ_BACSU		786
added	sp|O32045|YRVD_BACSU		107
added	sp|O32046|YRVC_BACSU		165
added	sp|O32047|SECDF_BACSU		737
added	sp|O32049|COMN_BACSU		98
added	sp|O32050|YRBG_BACSU		218
added	sp|O32051|YRZE_BACSU		150
added	sp|O32052|YRBF_BACSU		89
added	sp|O32053|TGT_BACSU		381
added	sp|O32054|QUEA_BACSU		342
added	sp|O32055|RUVB_BACSU		334
added	sp|O32057|YRZF_BACSU		215
added	sp|O32059|YRZH_BACSU		43
added	sp|O32060|YRBD_BACSU		484
added	sp|O32062|SAFA_BACSU		387
added	sp|O32064|YTZA_BACSU		127
added	sp|O32065|YTZB_BACSU		105
added	sp|O32066|YTZH_BACSU		92
added	sp|O32067|YTZE_BACSU		73
added	sp|O32068|YTZG_BACSU		239
added	sp|O32071|YTDP_BACSU		772
added	sp|O32072|YTWF_BACSU		103
added	sp|O32073|YTZC_BACSU		90
added	sp|O32074|THIT_BACSU		192
added	sp|O32075|YUAI_BACSU		173
added	sp|O32076|FLOT_BACSU		509
added	sp|O32077|NFED2_BACSU		174
added	sp|O32078|YUAE_BACSU		162
added	sp|O32079|YUAD_BACSU		192
added	sp|O32080|KTRA_BACSU		222
added	sp|O32081|KTRB_BACSU		445
added	sp|O32082|YUBF_BACSU		87
added	sp|O32083|LYTG_BACSU		282
added	sp|O32084|YUBD_BACSU		511
added	sp|O32085|CDOA_BACSU		161
added	sp|O32086|YUBA_BACSU		388
added	sp|O32087|YUZA_BACSU		78
added	sp|O32089|YUZC_BACSU		122
added	sp|O32090|PNCB_BACSU		490
added	sp|O32091|PNCA_BACSU		183
added	sp|O32092|YUEI_BACSU		132
added	sp|O32093|YUEH_BACSU		82
added	sp|O32094|YUEG_BACSU		73
added	sp|O32095|YUEF_BACSU		369
added	sp|O32096|YUZE_BACSU		129
added	sp|O32097|YUZF_BACSU		78
added	sp|O32098|YUEE_BACSU		176
added	sp|O32099|BZRD_BACSU		243
added	sp|O32100|YUEC_BACSU		151
added	sp|O32101|YUEB_BACSU		1076
added	sp|O32102|BESA_BACSU		289
added	sp|O32103|YUIH_BACSU		198
added	sp|O32104|BIOYB_BACSU		200
added	sp|O32105|YUIF_BACSU		442
added	sp|O32106|AMPA_BACSU		500
added	sp|O32107|YUID_BACSU		158
added	sp|O32108|YUIC_BACSU		218
added	sp|O32109|YUIB_BACSU		106
added	sp|O32110|YUIA_BACSU		47
added	sp|O32111|YUZG_BACSU		46
added	sp|O32113|SUFA_BACSU		120
added	sp|O32114|DAPF_BACSU		284
added	sp|O32115|YUTK_BACSU		404
added	sp|O32116|YUZB_BACSU		78
added	sp|O32117|YUTJ_BACSU		355
added	sp|O32118|YUZD_BACSU		108
added	sp|O32119|YUTI_BACSU		111
added	sp|O32123|YUTH_BACSU		339
added	sp|O32124|YUTG_BACSU		166
added	sp|O32125|YUTF_BACSU		256
added	sp|O32126|YUTE_BACSU		144
added	sp|O32127|YUTD_BACSU		91
added	sp|O32128|YUTC_BACSU		210
added	sp|O32129|LIPA_BACSU		298
added	sp|O32130|LYTH_BACSU		326
added	sp|O32131|FISB_BACSU		254
added	sp|O32132|YUNC_BACSU		101
added	sp|O32133|YUND_BACSU		462
added	sp|O32134|YUNE_BACSU		273
added	sp|O32135|YUNF_BACSU		282
added	sp|O32136|YUNG_BACSU		115
added	sp|O32137|ALLB_BACSU		446
added	sp|O32138|PUCR_BACSU		531
added	sp|O32139|PUCJ_BACSU		449
added	sp|O32140|PUCK_BACSU		430
added	sp|O32141|PUCL_BACSU		494
added	sp|O32142|HIUH_BACSU		114
added	sp|O32143|XDHE_BACSU		173
added	sp|O32144|XDHD_BACSU		745
added	sp|O32145|XDHC_BACSU		277
added	sp|O32146|PUCB_BACSU		205
added	sp|O32147|XDHA_BACSU		330
added	sp|O32148|PUCG_BACSU		416
added	sp|O32149|ALLC_BACSU		412
added	sp|O32150|BSN2_BACSU		288
added	sp|O32151|YURJ_BACSU		367
added	sp|O32152|YURK_BACSU		242
added	sp|O32153|FRLD_BACSU		284
added	sp|O32154|YURM_BACSU		300
added	sp|O32155|YURN_BACSU		292
added	sp|O32156|YURO_BACSU		422
added	sp|O32157|FRLB_BACSU		328
added	sp|O32158|YURQ_BACSU		124
added	sp|O32159|YURR_BACSU		372
added	sp|O32160|YURS_BACSU		91
added	sp|O32161|YURT_BACSU		127
added	sp|O32162|SUFB_BACSU		465
added	sp|O32163|SUFU_BACSU		147
added	sp|O32164|SUFS_BACSU		406
added	sp|O32165|SUFD_BACSU		437
added	sp|O32166|YURZ_BACSU		125
added	sp|O32167|METQ_BACSU		274
added	sp|O32168|METP_BACSU		222
added	sp|O32169|METN_BACSU		341
added	sp|O32170|YUSD_BACSU		114
added	sp|O32171|YUSE_BACSU		106
added	sp|O32172|YUSF_BACSU		146
added	sp|O32173|YUSG_BACSU		78
added	sp|O32174|GCSH_BACSU		127
added	sp|O32175|YUSI_BACSU		118
added	sp|O32176|FADE_BACSU		594
added	sp|O32177|FADA_BACSU		391
added	sp|O32178|FADN_BACSU		789
added	sp|O32179|PROD1_BACSU		302
added	sp|O32180|YUSN_BACSU		110
added	sp|O32181|MDTR_BACSU		155
added	sp|O32182|MDTP_BACSU		541
added	sp|O32183|YUSQ_BACSU		127
added	sp|O32184|YUSR_BACSU		129
added	sp|O32185|YUSS_BACSU		109
added	sp|O32186|YUST_BACSU		295
added	sp|O32187|YUSU_BACSU		95
added	sp|O32188|YUSV_BACSU		275
added	sp|O32189|YUSW_BACSU		145
added	sp|O32192|CSSR_BACSU		225
added	sp|O32193|CSSS_BACSU		451
added	sp|O32197|LIAR_BACSU		211
added	sp|O32198|LIAS_BACSU		360
added	sp|O32199|LIAF_BACSU		241
added	sp|O32200|LIAG_BACSU		290
added	sp|O32201|LIAH_BACSU		225
added	sp|O32202|LIAI_BACSU		126
added	sp|O32203|YVQJ_BACSU		422
added	sp|O32204|ARCD_BACSU		469
added	sp|O32205|YVSG_BACSU		160
added	sp|O32206|YVGJ_BACSU		617
added	sp|O32207|YVGK_BACSU		308
added	sp|O32208|YVGL_BACSU		260
added	sp|O32209|YVGM_BACSU		227
added	sp|O32210|GR_BACSU		276
added	sp|O32211|YVGO_BACSU		161
added	sp|O32212|NHAK_BACSU		670
added	sp|O32213|CYSI_BACSU		571
added	sp|O32214|CYSJ_BACSU		605
added	sp|O32215|HELR_BACSU		774
added	sp|O32216|YVGT_BACSU		202
added	sp|O32217|BDBC_BACSU		138
added	sp|O32218|BDBD_BACSU		222
added	sp|O32219|CADA_BACSU		702
added	sp|O32220|COPA_BACSU		802
added	sp|O32221|COPZ_BACSU		69
added	sp|O32222|CSOR_BACSU		101
added	sp|O32223|IOLW_BACSU		358
added	sp|O32224|AZOR2_BACSU		211
added	sp|O32225|YVAC_BACSU		631
added	sp|O32226|YVAD_BACSU		133
added	sp|O32227|YVAE_BACSU		119
added	sp|O32228|YVAF_BACSU		190
added	sp|O32229|YVAG_BACSU		264
added	sp|O32230|SSRP_BACSU		156
added	sp|O32231|RNR_BACSU		779
added	sp|O32232|EST_BACSU		246
added	sp|O32233|SECG_BACSU		76
added	sp|O32234|YVAM_BACSU		256
added	sp|O32235|YVZC_BACSU		77
added	sp|O32236|RGHR_BACSU		135
added	sp|O32237|RGHRB_BACSU		139
added	sp|O32238|YVAP_BACSU		108
added	sp|O32239|YVAQ_BACSU		566
added	sp|O32241|SDPI_BACSU		207
added	sp|O32242|SDPR_BACSU		90
added	sp|O32243|OPUCC_BACSU		303
added	sp|O32244|YVBG_BACSU		211
added	sp|O32245|YVBH_BACSU		204
added	sp|O32246|YVBI_BACSU		232
added	sp|O32247|YVBJ_BACSU		605
added	sp|O32248|YVBK_BACSU		155
added	sp|O32253|CGGR_BACSU		340
added	sp|O32254|YVBT_BACSU		336
added	sp|O32255|YVBU_BACSU		292
added	sp|O32256|YVBV_BACSU		305
added	sp|O32257|YVBW_BACSU		447
added	sp|O32258|YVBX_BACSU		344
added	sp|O32259|LUTC_BACSU		240
added	sp|O32261|GANP_BACSU		418
added	sp|O32262|YVDS_BACSU		111
added	sp|O32263|YVDC_BACSU		106
added	sp|O32264|TKRA_BACSU		325
added	sp|O32265|YVZA_BACSU		119
added	sp|O32266|SWRAA_BACSU		117
added	sp|O32267|TUAH_BACSU		397
added	sp|O32268|TUAG_BACSU		252
added	sp|O32269|TUAF_BACSU		226
added	sp|O32270|TUAE_BACSU		488
added	sp|O32271|TUAD_BACSU		461
added	sp|O32272|TUAC_BACSU		389
added	sp|O32273|TUAB_BACSU		483
added	sp|O32274|TUAA_BACSU		179
added	sp|O32276|USD_BACSU		36
added	sp|O32277|SPO2T_BACSU		246
added	sp|O32278|YWZB_BACSU		76
added	sp|O32280|YWZC_BACSU		74
added	sp|O32282|YWZA_BACSU		81
added	sp|O32283|YXZF_BACSU		52
added	sp|O32284|YXZE_BACSU		66
added	sp|O32285|YXZG_BACSU		150
added	sp|O32286|YXZC_BACSU		122
added	sp|O32291|YXNA_BACSU		356
added	sp|O32292|PTXA_BACSU		76
added	sp|O32293|YYCN_BACSU		156
added	sp|O32294|RAPG_BACSU		365
added	sp|O32295|PHRG_BACSU		38
added	sp|O32296|YYZB_BACSU		67
added	sp|O32302|SPXO_BACSU		54
added	sp|O32436|MED_BACSU		317
added	sp|O32437|COMZ_BACSU		63
added	sp|O34303|YDJA_BACSU		465
added	sp|O34305|YTOQ_BACSU		148
added	sp|O34306|YFLH_BACSU		104
added	sp|O34307|YVMA_BACSU		403
added	sp|O34308|YTKK_BACSU		255
added	sp|O34309|RPH_BACSU		866
added	sp|O34310|PLYC_BACSU		221
added	sp|O34311|DGCW_BACSU		800
added	sp|O34313|NTPES_BACSU		1462
added	sp|O34314|YTLC_BACSU		260
added	sp|O34315|TCYL_BACSU		239
added	sp|O34317|YODS_BACSU		229
added	sp|O34318|YLOU_BACSU		120
added	sp|O34319|YKCC_BACSU		323
added	sp|O34320|FADG_BACSU		576
added	sp|O34321|SLTSR_BACSU		158
added	sp|O34322|YVLA_BACSU		108
added	sp|O34324|DLDH3_BACSU		458
added	sp|O34325|DGCP_BACSU		579
added	sp|O34326|YOQK_BACSU		67
added	sp|O34327|RAPJ_BACSU		373
added	sp|O34328|KGUA_BACSU		204
added	sp|O34329|CTAG_BACSU		297
added	sp|O34330|YOBL_BACSU		600
added	sp|O34331|YLBH_BACSU		184
added	sp|O34334|YJOA_BACSU		154
added	sp|O34335|MELE_BACSU		426
added	sp|O34336|YOPP_BACSU		358
added	sp|O34338|MNTB_BACSU		250
added	sp|O34339|YOQI_BACSU		64
added	sp|O34340|FABF_BACSU		413
added	sp|O34341|YEBC_BACSU		267
added	sp|O34342|YOSR_BACSU		80
added	sp|O34343|YOAK_BACSU		225
added	sp|O34344|SDPC_BACSU		203
added	sp|O34345|YFLJ_BACSU		45
added	sp|O34346|UXUA_BACSU		359
added	sp|O34347|ASSY_BACSU		403
added	sp|O34348|YFMC_BACSU		315
added	sp|O34349|PGPB_BACSU		203
added	sp|O34350|SNAA_BACSU		178
added	sp|O34351|CDLS_BACSU		248
added	sp|O34352|YEEC_BACSU		382
added	sp|O34353|YDJN_BACSU		348
added	sp|O34354|UXAB_BACSU		480
added	sp|O34355|YTCJ_BACSU		529
added	sp|O34356|YNZE_BACSU		101
added	sp|O34357|YTPP_BACSU		107
added	sp|O34358|HTRA_BACSU		449
added	sp|O34359|YOQJ_BACSU		171
added	sp|O34360|CWLK_BACSU		167
added	sp|O34362|YKOD_BACSU		547
added	sp|O34363|YOBN_BACSU		478
added	sp|O34364|O16G2_BACSU		561
added	sp|O34365|YTMB_BACSU		80
added	sp|O34366|YVZB_BACSU		160
added	sp|O34367|YTBD_BACSU		396
added	sp|O34368|GUTA_BACSU		463
added	sp|O34371|YTET_BACSU		428
added	sp|O34374|YJIB_BACSU		396
added	sp|O34375|MINJ_BACSU		397
added	sp|O34376|YOBR_BACSU		247
added	sp|O34377|YOBM_BACSU		185
added	sp|O34378|YTEU_BACSU		222
added	sp|O34380|YBCI_BACSU		124
added	sp|O34381|PKSA_BACSU		205
added	sp|O34382|YVOD_BACSU		312
added	sp|O34383|YOCR_BACSU		445
added	sp|O34384|YCEE_BACSU		192
added	sp|O34385|MNTA_BACSU		306
added	sp|O34389|MAO3_BACSU		566
added	sp|O34391|XLYB_BACSU		317
added	sp|O34392|YTRE_BACSU		231
added	sp|O34394|YJJA_BACSU		270
added	sp|O34398|LIGD_BACSU		611
added	sp|O34399|GLTB_BACSU		493
added	sp|O34400|YFKA_BACSU		373
added	sp|O34401|YOPX_BACSU		134
added	sp|O34402|YRRD_BACSU		174
added	sp|O34403|FPG_BACSU		276
added	sp|O34405|YKZD_BACSU		45
added	sp|O34406|TCYJ_BACSU		269
added	sp|O34407|YOTD_BACSU		43
added	sp|O34409|YFLN_BACSU		264
added	sp|O34411|HIS9_BACSU		268
added	sp|O34412|YLBF_BACSU		149
added	sp|O34413|YTCC_BACSU		407
added	sp|O34414|YODN_BACSU		226
added	sp|O34416|YOAV_BACSU		292
added	sp|O34418|YFKI_BACSU		106
added	sp|O34421|ACDC_BACSU		380
added	sp|O34423|YJQC_BACSU		278
added	sp|O34424|YTEJ_BACSU		164
added	sp|O34425|G3P2_BACSU		340
added	sp|O34426|SPEH_BACSU		126
added	sp|O34427|CITS_BACSU		542
added	sp|O34428|YJLA_BACSU		324
added	sp|O34429|YOQE_BACSU		54
added	sp|O34430|YTNM_BACSU		300
added	sp|O34431|ATCL_BACSU		890
added	sp|O34433|YOBO_BACSU		806
added	sp|O34434|YDJG_BACSU		341
added	sp|O34436|PIT_BACSU		333
added	sp|O34437|YFKH_BACSU		275
added	sp|O34438|YJFB_BACSU		55
added	sp|O34439|YFLP_BACSU		319
added	sp|O34440|YFMI_BACSU		406
added	sp|O34441|YLOC_BACSU		291
added	sp|O34442|MGTE_BACSU		451
added	sp|O34443|APT_BACSU		170
added	sp|O34445|YLBN_BACSU		172
added	sp|O34446|YJPA_BACSU		85
added	sp|O34447|MEEF_BACSU		257
added	sp|O34448|YOPQ_BACSU		460
added	sp|O34449|YOQD_BACSU		251
added	sp|O34450|NAGA_BACSU		396
added	sp|O34451|YVRB_BACSU		353
added	sp|O34452|YRRB_BACSU		206
added	sp|O34453|NOSO_BACSU		363
added	sp|O34454|YKAA_BACSU		205
added	sp|O34456|EXUT_BACSU		422
added	sp|O34457|MOAB_BACSU		170
added	sp|O34458|YJFC_BACSU		299
added	sp|O34459|HISZ_BACSU		391
added	sp|O34460|YTRI_BACSU		167
added	sp|O34464|YCEK_BACSU		100
added	sp|O34466|YODR_BACSU		217
added	sp|O34468|YLBP_BACSU		160
added	sp|O34469|YEEB_BACSU		599
added	sp|O34470|YLBL_BACSU		341
added	sp|O34471|YTLQ_BACSU		304
added	sp|O34472|YRRI_BACSU		353
added	sp|O34474|YOEA_BACSU		463
added	sp|O34475|YFKO_BACSU		221
added	sp|O34476|CYSM_BACSU		311
added	sp|O34478|YCCF_BACSU		358
added	sp|O34479|YOSQ_BACSU		173
added	sp|O34481|RECD2_BACSU		798
added	sp|O34482|ASPG2_BACSU		375
added	sp|O34483|HPRK_BACSU		310
added	sp|O34484|MAP12_BACSU		249
added	sp|O34486|YFKQ_BACSU		513
added	sp|O34489|YFLD_BACSU		45
added	sp|O34493|YTMA_BACSU		257
added	sp|O34495|YKOP_BACSU		183
added	sp|O34496|YTPQ_BACSU		269
added	sp|O34497|YKGA_BACSU		286
added	sp|O34498|YOPT_BACSU		72
added	sp|O34499|6PGL_BACSU		349
added	sp|O34500|MNTD_BACSU		295
added	sp|O34502|YVKA_BACSU		444
added	sp|O34503|YTZD_BACSU		44
added	sp|O34504|YCEB_BACSU		331
added	sp|O34505|YTHB_BACSU		346
added	sp|O34506|YNGL_BACSU		130
added	sp|O34507|PRKC_BACSU		648
added	sp|O34508|AEEP_BACSU		366
added	sp|O34509|YOPZ_BACSU		67
added	sp|O34510|YFMF_BACSU		266
added	sp|O34512|YFMM_BACSU		518
added	sp|O34513|TMCAL_BACSU		415
added	sp|O34514|MENC_BACSU		371
added	sp|O34516|YOCB_BACSU		260
added	sp|O34518|MELC_BACSU		276
added	sp|O34520|HIS1_BACSU		213
added	sp|O34521|PTWCB_BACSU		452
added	sp|O34522|TRMB_BACSU		213
added	sp|O34524|YOCS_BACSU		321
added	sp|O34525|SPPA_BACSU		335
added	sp|O34526|SYA_BACSU		878
added	sp|O34527|CYMR_BACSU		138
added	sp|O34528|RARA_BACSU		421
added	sp|O34529|PFKA_BACSU		319
added	sp|O34530|RSGA_BACSU		298
added	sp|O34533|YTCD_BACSU		126
added	sp|O34534|CITT_BACSU		226
added	sp|O34535|YOAT_BACSU		264
added	sp|O34536|YFMK_BACSU		148
added	sp|O34537|YOSV_BACSU		96
added	sp|O34538|YCDA_BACSU		354
added	sp|O34539|NDPGT_BACSU		392
added	sp|O34541|YOAW_BACSU		143
added	sp|O34542|YFLK_BACSU		221
added	sp|O34543|MHQE_BACSU		303
added	sp|O34544|ACCC2_BACSU		444
added	sp|O34545|BRAB_BACSU		445
added	sp|O34546|YTTB_BACSU		397
added	sp|O34549|GERR_BACSU		193
added	sp|O34551|YKOI_BACSU		226
added	sp|O34553|YTSP_BACSU		163
added	sp|O34554|YJFA_BACSU		157
added	sp|O34555|YOED_BACSU		76
added	sp|O34557|RPE_BACSU		217
added	sp|O34558|YOPR_BACSU		325
added	sp|O34559|URHG2_BACSU		373
added	sp|O34560|YECA_BACSU		424
added	sp|O34563|GLNH_BACSU		273
added	sp|O34564|YKUU_BACSU		180
added	sp|O34565|HIS5_BACSU		212
added	sp|O34569|YOAA_BACSU		177
added	sp|O34570|THPR_BACSU		183
added	sp|O34572|YKOC_BACSU		254
added	sp|O34573|YFKT_BACSU		358
added	sp|O34574|YEFB_BACSU		300
added	sp|O34575|YKCB_BACSU		716
added	sp|O34577|CYSC1_BACSU		197
added	sp|O34578|YJNA_BACSU		254
added	sp|O34579|YFKD_BACSU		264
added	sp|O34580|PCRA_BACSU		739
added	sp|O34581|YOQL_BACSU		230
added	sp|O34584|YOQF_BACSU		67
added	sp|O34585|YJZC_BACSU		59
added	sp|O34586|YLBC_BACSU		346
added	sp|O34588|YKUJ_BACSU		79
added	sp|O34589|FLAW_BACSU		151
added	sp|O34591|ACOB_BACSU		342
added	sp|O34592|YDJP_BACSU		271
added	sp|O34593|YJQA_BACSU		125
added	sp|O34594|CY551_BACSU		112
added	sp|O34595|THII_BACSU		401
added	sp|O34596|YOBK_BACSU		152
added	sp|O34597|YFKL_BACSU		396
added	sp|O34598|GUAD_BACSU		156
added	sp|O34599|ISCS1_BACSU		379
added	sp|O34600|NRNA_BACSU		313
added	sp|O34601|YIDD_BACSU		75
added	sp|O34604|YVKN_BACSU		76
added	sp|O34605|YOPM_BACSU		66
added	sp|O34606|GLNP_BACSU		218
added	sp|O34607|SDHAA_BACSU		300
added	sp|O34608|YDIN_BACSU		71
added	sp|O34610|ZNUB_BACSU		280
added	sp|O34611|YOAR_BACSU		303
added	sp|O34612|YJLB_BACSU		165
added	sp|O34614|MNMM_BACSU		194
added	sp|O34616|SDPB_BACSU		323
added	sp|O34617|RLMN_BACSU		363
added	sp|O34618|YTNA_BACSU		463
added	sp|O34619|LMRA_BACSU		188
added	sp|O34621|YCDB_BACSU		472
added	sp|O34623|DPO3A_BACSU		1115
added	sp|O34624|YEBE_BACSU		184
added	sp|O34626|YFMB_BACSU		122
added	sp|O34627|PHOT_BACSU		261
added	sp|O34628|YVLB_BACSU		365
added	sp|O34629|YERH_BACSU		396
added	sp|O34631|YVRA_BACSU		442
added	sp|O34632|SIRB_BACSU		261
added	sp|O34633|YJLC_BACSU		140
added	sp|O34634|YQGF_BACSU		138
added	sp|O34635|SDHAB_BACSU		220
added	sp|O34636|YOCA_BACSU		225
added	sp|O34637|YOBU_BACSU		160
added	sp|O34638|YKOH_BACSU		454
added	sp|O34639|CMOI_BACSU		93
added	sp|O34640|AMIN_BACSU		336
added	sp|O34641|YTRB_BACSU		292
added	sp|O34642|YOTB_BACSU		275
added	sp|O34643|YVKB_BACSU		189
added	sp|O34645|AGAL_BACSU		432
added	sp|O34647|YOBD_BACSU		112
added	sp|O34648|YVLD_BACSU		119
added	sp|O34649|YTLD_BACSU		270
added	sp|O34651|HISX_BACSU		427
added	sp|O34653|DES_BACSU		352
added	sp|O34654|YODI_BACSU		83
added	sp|O34656|COTI_BACSU		357
added	sp|O34658|YLBG_BACSU		90
added	sp|O34659|CDAR_BACSU		483
added	sp|O34660|ALDH4_BACSU		495
added	sp|O34661|PANE_BACSU		298
added	sp|O34662|YODT_BACSU		444
added	sp|O34663|YBCL_BACSU		390
added	sp|O34664|THIN_BACSU		214
added	sp|O34666|CTPA_BACSU		466
added	sp|O34667|LUXS_BACSU		157
added	sp|O34669|YOCH_BACSU		287
added	sp|O34671|GLNM_BACSU		216
added	sp|O34672|YDIM_BACSU		126
added	sp|O34673|UXAA_BACSU		497
added	sp|O34674|MURJ_BACSU		544
added	sp|O34676|KAMA_BACSU		471
added	sp|O34677|GLNQ_BACSU		242
added	sp|O34678|YTBE_BACSU		280
added	sp|O34679|YJIA_BACSU		92
added	sp|O34680|YDIP_BACSU		389
added	sp|O34681|YJGD_BACSU		186
added	sp|O34682|YLBB_BACSU		148
added	sp|O34683|HIS7_BACSU		194
added	sp|O34684|YJKA_BACSU		250
added	sp|O34685|YOFA_BACSU		285
added	sp|O34686|YVRL_BACSU		136
added	sp|O34687|RL32_BACSU		59
added	sp|O34688|DABA_BACSU		871
added	sp|O34689|MHQA_BACSU		316
added	sp|O34691|NIAP_BACSU		400
added	sp|O34692|YVNA_BACSU		157
added	sp|O34693|RQCH_BACSU		570
added	sp|O34694|YTAB_BACSU		155
added	sp|O34696|YTOA_BACSU		171
added	sp|O34697|BCEA_BACSU		253
added	sp|O34699|YOTJ_BACSU		70
added	sp|O34700|YEBG_BACSU		65
added	sp|O34701|YOAU_BACSU		290
added	sp|O34702|YOTC_BACSU		63
added	sp|O34703|YJOB_BACSU		423
added	sp|O34704|YXNB_BACSU		160
added	sp|O34705|PLBAC_BACSU		259
added	sp|O34706|MELD_BACSU		303
added	sp|O34707|YTPB_BACSU		367
added	sp|O34708|YFLA_BACSU		471
added	sp|O34709|OPCR_BACSU		185
added	sp|O34712|YTRA_BACSU		130
added	sp|O34713|YJZD_BACSU		61
added	sp|O34714|OXDC_BACSU		385
added	sp|O34715|YDJC_BACSU		116
added	sp|O34717|FADH_BACSU		254
added	sp|O34718|IOLT_BACSU		473
added	sp|O34719|YVLC_BACSU		65
added	sp|O34720|YJGC_BACSU		985
added	sp|O34722|YFMG_BACSU		487
added	sp|O34723|DESR_BACSU		199
added	sp|O34724|YCEJ_BACSU		390
added	sp|O34725|YJHA_BACSU		213
added	sp|O34726|YFLS_BACSU		478
added	sp|O34727|HIS6_BACSU		252
added	sp|O34730|YOPY_BACSU		92
added	sp|O34731|YLBK_BACSU		260
added	sp|O34733|YDJJ_BACSU		341
added	sp|O34734|SULP_BACSU		354
added	sp|O34735|YVPB_BACSU		250
added	sp|O34736|YJMC_BACSU		337
added	sp|O34737|FLAV_BACSU		158
added	sp|O34738|YKOE_BACSU		199
added	sp|O34739|STET_BACSU		438
added	sp|O34741|BCEB_BACSU		646
added	sp|O34742|OPUCD_BACSU		229
added	sp|O34743|YLBA_BACSU		120
added	sp|O34744|SUMT_BACSU		257
added	sp|O34745|YODF_BACSU		496
added	sp|O34746|FABH1_BACSU		312
added	sp|O34748|RECQ_BACSU		591
added	sp|O34750|YFML_BACSU		376
added	sp|O34751|YLOV_BACSU		553
added	sp|O34752|LGT_BACSU		269
added	sp|O34753|TAGO_BACSU		358
added	sp|O34755|YKOT_BACSU		337
added	sp|O34756|YJKB_BACSU		250
added	sp|O34757|DESK_BACSU		370
added	sp|O34758|MLTG_BACSU		360
added	sp|O34759|YDJO_BACSU		69
added	sp|O34760|YTNP_BACSU		281
added	sp|O34762|OHRA_BACSU		141
added	sp|O34763|YKOL_BACSU		60
added	sp|O34764|SAT1_BACSU		382
added	sp|O34765|YLBJ_BACSU		408
added	sp|O34766|YOPS_BACSU		74
added	sp|O34767|OXDD_BACSU		392
added	sp|O34768|YDJE_BACSU		320
added	sp|O34769|PKSB_BACSU		225
added	sp|O34772|YCDC_BACSU		453
added	sp|O34774|YOBJ_BACSU		280
added	sp|O34775|YOST_BACSU		149
added	sp|O34776|YKUK_BACSU		172
added	sp|O34777|OHRR_BACSU		147
added	sp|O34778|YDJB_BACSU		111
added	sp|O34779|PRPC_BACSU		254
added	sp|O34780|YOBF_BACSU		307
added	sp|O34782|YVRD_BACSU		263
added	sp|O34783|YKUS_BACSU		81
added	sp|O34784|YOBI_BACSU		1201
added	sp|O34785|YJQB_BACSU		200
added	sp|O34787|PKSE_BACSU		767
added	sp|O34788|BDHA_BACSU		346
added	sp|O34789|YDJI_BACSU		323
added	sp|O34790|PCRB_BACSU		228
added	sp|O34791|YOPO_BACSU		70
added	sp|O34792|YVJA_BACSU		281
added	sp|O34795|YBCH_BACSU		96
added	sp|O34796|YVKC_BACSU		831
added	sp|O34797|COAD_BACSU		161
added	sp|O34798|PDAC_BACSU		467
added	sp|O34799|YTLR_BACSU		309
added	sp|O34800|SP2SB_BACSU		56
added	sp|O34803|YEAA_BACSU		329
added	sp|O34805|YVRC_BACSU		314
added	sp|O34806|GERW_BACSU		151
added	sp|O34808|UXAC_BACSU		473
added	sp|O34809|YCEG_BACSU		537
added	sp|O34811|YTWI_BACSU		154
added	sp|O34812|YFMJ_BACSU		339
added	sp|O34813|SIRC_BACSU		162
added	sp|O34814|FTSE_BACSU		228
added	sp|O34815|YOAD_BACSU		344
added	sp|O34816|YKUD_BACSU		164
added	sp|O34817|NAGR_BACSU		243
added	sp|O34819|PEL1_BACSU		345
added	sp|O34820|YOTM_BACSU		195
added	sp|O34823|YBCF_BACSU		175
added	sp|O34824|GLMM_BACSU		448
added	sp|O34825|PKSC_BACSU		288
added	sp|O34827|YKUM_BACSU		293
added	sp|O34828|YRZB_BACSU		93
added	sp|O34829|MELR_BACSU		344
added	sp|O34830|YKOS_BACSU		564
added	sp|O34831|YOQB_BACSU		112
added	sp|O34832|YFME_BACSU		333
added	sp|O34833|YCEH_BACSU		363
added	sp|O34834|YOQC_BACSU		135
added	sp|O34835|FAPR_BACSU		188
added	sp|O34838|YOPW_BACSU		111
added	sp|O34840|CHAA_BACSU		351
added	sp|O34841|YOEB_BACSU		181
added	sp|O34842|MHQD_BACSU		200
added	sp|O34843|SIGO_BACSU		176
added	sp|O34844|YODB_BACSU		112
added	sp|O34846|CMOO_BACSU		334
added	sp|O34847|ACCA_BACSU		325
added	sp|O34849|YERD_BACSU		525
added	sp|O34850|YOTN_BACSU		58
added	sp|O34851|LDC_BACSU		319
added	sp|O34852|TCYK_BACSU		270
added	sp|O34853|SP2SA_BACSU		248
added	sp|O34855|YOCN_BACSU		77
added	sp|O34857|ROK_BACSU		191
added	sp|O34858|ARLY_BACSU		461
added	sp|O34859|KU_BACSU		311
added	sp|O34860|RSBRB_BACSU		277
added	sp|O34861|YOAC_BACSU		487
added	sp|O34862|YTCA_BACSU		428
added	sp|O34863|UVRA_BACSU		957
added	sp|O34864|YOAB_BACSU		414
added	sp|O34866|YODJ_BACSU		273
added	sp|O34867|YLQH_BACSU		93
added	sp|O34869|YOPV_BACSU		64
added	sp|O34870|YKUE_BACSU		286
added	sp|O34872|YTIB_BACSU		187
added	sp|O34873|HMGCL_BACSU		299
added	sp|O34874|ISCS2_BACSU		381
added	sp|O34876|FTSX_BACSU		296
added	sp|O34877|PKSD_BACSU		324
added	sp|O34878|OPUCB_BACSU		217
added	sp|O34879|YKUO_BACSU		297
added	sp|O34880|YLBD_BACSU		132
added	sp|O34881|YTVB_BACSU		111
added	sp|O34882|YOLI_BACSU		129
added	sp|O34883|YTKC_BACSU		134
added	sp|O34885|YDIS_BACSU		343
added	sp|O34886|YTCB_BACSU		316
added	sp|O34887|YFLB_BACSU		130
added	sp|O34889|SDPA_BACSU		158
added	sp|O34891|YJZB_BACSU		79
added	sp|O34892|YOBS_BACSU		191
added	sp|O34893|YNGF_BACSU		260
added	sp|O34894|EZRA_BACSU		562
added	sp|O34895|YODP_BACSU		275
added	sp|O34896|UXUB_BACSU		278
added	sp|O34897|YKUT_BACSU		267
added	sp|O34898|YTRC_BACSU		328
added	sp|O34899|PDUO_BACSU		193
added	sp|O34900|TCYN_BACSU		259
added	sp|O34901|YOBQ_BACSU		241
added	sp|O34903|YKOG_BACSU		228
added	sp|O34904|YEBD_BACSU		55
added	sp|O34905|YFLI_BACSU		51
added	sp|O34906|YOAM_BACSU		227
added	sp|O34908|YKOX_BACSU		221
added	sp|O34909|YERA_BACSU		580
added	sp|O34910|YOBT_BACSU		233
added	sp|O34911|YKOF_BACSU		200
added	sp|O34912|HIS2_BACSU		209
added	sp|O34915|YOBE_BACSU		219
added	sp|O34916|DAPEL_BACSU		374
added	sp|O34917|YTFI_BACSU		226
added	sp|O34918|YOAJ_BACSU		232
added	sp|O34919|YOSS_BACSU		142
added	sp|O34920|YOBV_BACSU		313
added	sp|O34921|YTOI_BACSU		439
added	sp|O34922|YTPI_BACSU		100
added	sp|O34923|YKZB_BACSU		51
added	sp|O34924|YTOP_BACSU		357
added	sp|O34925|DEOD_BACSU		233
added	sp|O34926|CYPX_BACSU		405
added	sp|O34927|YCZE_BACSU		215
added	sp|O34928|PDAA_BACSU		263
added	sp|O34929|YFKF_BACSU		391
added	sp|O34930|RAPK_BACSU		371
added	sp|O34931|TCYM_BACSU		235
added	sp|O34932|COAE_BACSU		197
added	sp|O34933|YFMD_BACSU		333
added	sp|O34934|NADK2_BACSU		267
added	sp|O34937|YOPU_BACSU		65
added	sp|O34939|YDIO_BACSU		427
added	sp|O34940|YVRE_BACSU		292
added	sp|O34942|RECG_BACSU		682
added	sp|O34943|YTPR_BACSU		201
added	sp|O34944|PEPVL_BACSU		463
added	sp|O34946|ZNUC_BACSU		231
added	sp|O34947|YOAZ_BACSU		210
added	sp|O34948|YKWC_BACSU		288
added	sp|O34949|YKOM_BACSU		154
added	sp|O34950|YEED_BACSU		101
added	sp|O34951|BCER_BACSU		231
added	sp|O34952|LTAS2_BACSU		649
added	sp|O34953|YTRD_BACSU		325
added	sp|O34954|YODH_BACSU		233
added	sp|O34958|YLBE_BACSU		79
added	sp|O34959|YJAV_BACSU		185
added	sp|O34960|YJGB_BACSU		191
added	sp|O34961|YJMB_BACSU		459
added	sp|O34962|MAO4_BACSU		410
added	sp|O34966|ZNUA_BACSU		319
added	sp|O34967|RL31B_BACSU		82
added	sp|O34968|YERB_BACSU		331
added	sp|O34969|YFJR_BACSU		286
added	sp|O34970|YTTP_BACSU		207
added	sp|O34973|YTAP_BACSU		299
added	sp|O34974|CMOJ_BACSU		442
added	sp|O34976|YOCL_BACSU		110
added	sp|O34977|YTHP_BACSU		236
added	sp|O34978|PBUO_BACSU		432
added	sp|O34979|YVRO_BACSU		229
added	sp|O34980|SNDA_BACSU		416
added	sp|O34981|DAPH_BACSU		236
added	sp|O34983|YOAP_BACSU		251
added	sp|O34984|YODQ_BACSU		436
added	sp|O34985|YOAO_BACSU		162
added	sp|O34986|YVNB_BACSU		1289
added	sp|O34987|PBUG_BACSU		440
added	sp|O34988|YOQA_BACSU		116
added	sp|O34989|YVRG_BACSU		580
added	sp|O34990|PURU_BACSU		300
added	sp|O34991|YTVI_BACSU		371
added	sp|O34992|OPUCA_BACSU		380
added	sp|O34993|YVOF_BACSU		172
added	sp|O34994|CCPN_BACSU		212
added	sp|O34996|DPO1_BACSU		880
added	sp|O34997|MEEY_BACSU		324
added	sp|O34999|YOQH_BACSU		150
added	sp|O35000|NAGB_BACSU		242
added	sp|O35001|YJAU_BACSU		244
added	sp|O35002|CTPB_BACSU		480
added	sp|O35004|YDJH_BACSU		254
added	sp|O35005|YTRF_BACSU		436
added	sp|O35006|HIS4_BACSU		245
added	sp|O35007|YVRP_BACSU		397
added	sp|O35008|YTQA_BACSU		322
added	sp|O35009|YOEC_BACSU		181
added	sp|O35010|YKFC_BACSU		296
added	sp|O35011|RPOZ_BACSU		67
added	sp|O35012|YKOJ_BACSU		170
added	sp|O35013|YTKD_BACSU		158
added	sp|O35014|YKUI_BACSU		407
added	sp|O35015|YNGK_BACSU		510
added	sp|O35016|YFKJ_BACSU		156
added	sp|O35017|YOGA_BACSU		329
added	sp|O35018|LMRB_BACSU		479
added	sp|O35019|YFKK_BACSU		71
added	sp|O35020|MNMA_BACSU		371
added	sp|O35022|AZOR1_BACSU		208
added	sp|O35023|SODF_BACSU		281
added	sp|O35024|MNTC_BACSU		435
added	sp|O35025|YDIR_BACSU		313
added	sp|O35027|YJGA_BACSU		132
added	sp|O35028|YFKR_BACSU		384
added	sp|O35029|YTHQ_BACSU		385
added	sp|O35030|YOQG_BACSU		85
added	sp|O35031|ACYP_BACSU		91
added	sp|O35033|COABC_BACSU		406
added	sp|O35034|YEFC_BACSU		111
added	sp|O35036|YFKS_BACSU		66
added	sp|O35038|YTLI_BACSU		308
added	sp|O35040|YKOQ_BACSU		270
added	sp|O35041|YFJT_BACSU		61
added	sp|O35042|YOCC_BACSU		165
added	sp|O35043|YFKC_BACSU		280
added	sp|O35044|BCES_BACSU		334
added	sp|O35045|YJMD_BACSU		339
added	sp|O35046|YOCD_BACSU		325
added	sp|O54408|RELA_BACSU		734
added	sp|O68260|YOYC_BACSU		92
added	sp|P00497|PUR1_BACSU		476
added	sp|P00691|AMY_BACSU		659
added	sp|P02394|RL7_BACSU		123
added	sp|P02958|SSPC_BACSU		72
added	sp|P02968|FLA_BACSU		304
added	sp|P03947|TRPD_BACSU		338
added	sp|P03963|TRPE_BACSU		515
added	sp|P03964|TRPC_BACSU		249
added	sp|P04189|SUBT_BACSU		381
added	sp|P04831|SSPA_BACSU		69
added	sp|P04832|SSPB_BACSU		67
added	sp|P04833|SSPD_BACSU		64
added	sp|P04948|KHSE_BACSU		309
added	sp|P04957|GUB_BACSU		242
added	sp|P04969|RS11_BACSU		131
added	sp|P04990|THRC_BACSU		352
added	sp|P05043|SP0E_BACSU		85
added	sp|P05096|DNAG_BACSU		603
added	sp|P05306|PTSBC_BACSU		461
added	sp|P05645|LEU3_BACSU		365
added	sp|P05647|RL34_BACSU		44
added	sp|P05648|DNAA_BACSU		446
added	sp|P05649|DPO3B_BACSU		378
added	sp|P05650|RLBA_BACSU		71
added	sp|P05651|RECF_BACSU		370
added	sp|P05652|GYRB_BACSU		638
added	sp|P05653|GYRA_BACSU		821
added	sp|P05654|PYRB_BACSU		304
added	sp|P05655|LSC_BACSU		473
added	sp|P05656|SACC_BACSU		677
added	sp|P05657|RL27_BACSU		94
added	sp|P06222|RPSE_BACSU		239
added	sp|P06224|SIGA_BACSU		371
added	sp|P06533|SINR_BACSU		111
added	sp|P06534|SP0A_BACSU		267
added	sp|P06535|SP0B_BACSU		192
added	sp|P06567|DNAI_BACSU		311
added	sp|P06568|YTXB_BACSU		213
added	sp|P06569|YTXC_BACSU		281
added	sp|P06574|RPSB_BACSU		262
added	sp|P06628|SP0F_BACSU		124
added	sp|P06629|YWJG_BACSU		173
added	sp|P06630|EAG_BACSU		143
added	sp|P07343|FUMC_BACSU		462
added	sp|P07372|SP2D_BACSU		343
added	sp|P07373|SP5E_BACSU		366
added	sp|P07600|TRPB_BACSU		400
added	sp|P07601|TRPA_BACSU		267
added	sp|P07784|SSPE_BACSU		84
added	sp|P07788|COTA_BACSU		513
added	sp|P07789|COTB_BACSU		380
added	sp|P07790|COTC_BACSU		66
added	sp|P07791|COTD_BACSU		75
added	sp|P07819|SCRB_BACSU		479
added	sp|P07860|RPSF_BACSU		255
added	sp|P07868|GERAA_BACSU		482
added	sp|P07869|GERAB_BACSU		365
added	sp|P07870|GERAC_BACSU		373
added	sp|P07908|DNAB_BACSU		472
added	sp|P08064|DHSC_BACSU		202
added	sp|P08065|SDHA_BACSU		586
added	sp|P08066|SDHB_BACSU		253
added	sp|P08164|NADE_BACSU		272
added	sp|P08495|AK2_BACSU		408
added	sp|P08497|LPA2_BACSU		24
added	sp|P08750|DACA_BACSU		443
added	sp|P08821|DBH1_BACSU		92
added	sp|P08838|PT1_BACSU		570
added	sp|P08874|ABRB_BACSU		96
added	sp|P08877|PTHP_BACSU		88
added	sp|P09122|DPO3X_BACSU		563
added	sp|P09124|G3P1_BACSU		335
added	sp|P09339|ACNA_BACSU		909
added	sp|P0C8M5|SLRA_BACSU		52
added	sp|P0CI73|GLMS_BACSU		600
added	sp|P0CI74|GPSB_BACSU		98
added	sp|P0CI75|BIRA_BACSU		325
added	sp|P0CI76|RTP_BACSU		122
added	sp|P0CI77|P5CR1_BACSU		297
added	sp|P0CI78|RL24_BACSU		103
added	sp|P0CI79|TYSY1_BACSU		279
added	sp|P0CI80|XYLA_BACSU		445
added	sp|P0CW80|EBRA_BACSU		105
added	sp|P0CW82|EBRB_BACSU		117
added	sp|P10475|GUN2_BACSU		499
added	sp|P10585|GNTR_BACSU		243
added	sp|P10725|ALR1_BACSU		389
added	sp|P10726|RPSD_BACSU		254
added	sp|P10727|SP2AA_BACSU		117
added	sp|P10728|SP2AB_BACSU		146
added	sp|P10943|HUTP_BACSU		148
added	sp|P10944|HUTH_BACSU		508
added	sp|P11018|ISP1_BACSU		319
added	sp|P11044|TYSY2_BACSU		264
added	sp|P11045|DYR_BACSU		168
added	sp|P11065|HPR_BACSU		203
added	sp|P11469|YSMA_BACSU		147
added	sp|P11470|GERE_BACSU		74
added	sp|P11742|OGT_BACSU		165
added	sp|P11863|COTT_BACSU		82
added	sp|P11998|RISB_BACSU		154
added	sp|P12011|GNTK_BACSU		513
added	sp|P12012|GNTP_BACSU		448
added	sp|P12013|6PGDH_BACSU		468
added	sp|P12039|PUR2_BACSU		422
added	sp|P12040|PUR3_BACSU		195
added	sp|P12041|PURQ_BACSU		227
added	sp|P12042|PURL_BACSU		742
added	sp|P12043|PUR5_BACSU		346
added	sp|P12044|PURE_BACSU		162
added	sp|P12045|PURK_BACSU		380
added	sp|P12046|PUR7_BACSU		241
added	sp|P12047|PUR8_BACSU		431
added	sp|P12048|PUR9_BACSU		512
added	sp|P12049|PURS_BACSU		84
added	sp|P12254|RPSK_BACSU		294
added	sp|P12310|DHG_BACSU		261
added	sp|P12425|GLN1A_BACSU		444
added	sp|P12464|RPOE_BACSU		173
added	sp|P12667|NUCA_BACSU		147
added	sp|P12669|NIN_BACSU		132
added	sp|P12873|RL29_BACSU		66
added	sp|P12874|RS17_BACSU		87
added	sp|P12875|RL14_BACSU		122
added	sp|P12877|RL5_BACSU		179
added	sp|P12878|RS14B_BACSU		61
added	sp|P12879|RS8_BACSU		132
added	sp|P12921|TMRB_BACSU		197
added	sp|P12946|CTAA_BACSU		306
added	sp|P13242|PYRG_BACSU		535
added	sp|P13243|ALF_BACSU		285
added	sp|P13267|DPO3_BACSU		1437
added	sp|P13484|TAGE_BACSU		673
added	sp|P13485|TAGF_BACSU		746
added	sp|P13714|LDH_BACSU		320
added	sp|P13792|PHOP_BACSU		240
added	sp|P13799|DEGS_BACSU		385
added	sp|P13800|DEGU_BACSU		229
added	sp|P13801|SP2G_BACSU		309
added	sp|P14016|COTE_BACSU		181
added	sp|P14192|GLMU_BACSU		456
added	sp|P14193|KPRS_BACSU		317
added	sp|P14194|CTC_BACSU		204
added	sp|P14203|PDEH_BACSU		409
added	sp|P14204|CMPA_BACSU		214
added	sp|P14205|COMA2_BACSU		126
added	sp|P14577|RL16_BACSU		144
added	sp|P14802|YOXD_BACSU		238
added	sp|P14949|THIO_BACSU		104
added	sp|P14951|UVRC_BACSU		590
added	sp|P15281|SP3D_BACSU		93
added	sp|P15378|LEP4_BACSU		248
added	sp|P15400|SACX_BACSU		459
added	sp|P15401|SACY_BACSU		280
added	sp|P15874|GRPE_BACSU		187
added	sp|P16263|ODO2_BACSU		417
added	sp|P16304|KAD_BACSU		217
added	sp|P16336|SECY_BACSU		431
added	sp|P16396|SUBE_BACSU		645
added	sp|P16397|SUBF_BACSU		1433
added	sp|P16440|RISA_BACSU		215
added	sp|P16449|KBAA_BACSU		198
added	sp|P16450|GERD_BACSU		185
added	sp|P16497|KINA_BACSU		606
added	sp|P16524|DAPX_BACSU		393
added	sp|P16616|HEM3_BACSU		314
added	sp|P16618|HEM1_BACSU		455
added	sp|P16645|HEMX_BACSU		276
added	sp|P16655|DIVIB_BACSU		263
added	sp|P16971|RECA_BACSU		348
added	sp|P17585|AADK_BACSU		284
added	sp|P17616|YPUD_BACSU		114
added	sp|P17617|YPUF_BACSU		174
added	sp|P17618|RIBD_BACSU		361
added	sp|P17620|RIBBA_BACSU		398
added	sp|P17622|RIBT_BACSU		124
added	sp|P17631|DNAJ_BACSU		375
added	sp|P17731|HIS8_BACSU		360
added	sp|P17820|DNAK_BACSU		611
added	sp|P17865|FTSZ_BACSU		382
added	sp|P17867|CISA_BACSU		500
added	sp|P17868|YQXD_BACSU		164
added	sp|P17869|RPSH_BACSU		218
added	sp|P17889|IF2_BACSU		716
added	sp|P17893|ARGR_BACSU		149
added	sp|P17894|RECN_BACSU		576
added	sp|P17896|SP4B_BACSU		426
added	sp|P17903|RSBV_BACSU		109
added	sp|P17904|RSBW_BACSU		160
added	sp|P17906|RSBX_BACSU		199
added	sp|P17921|SYFA_BACSU		344
added	sp|P17922|SYFB_BACSU		804
added	sp|P18156|GLPF_BACSU		274
added	sp|P18157|GLPK_BACSU		496
added	sp|P18158|GLPD_BACSU		555
added	sp|P18159|PGCA_BACSU		581
added	sp|P18185|CARY_BACSU		1030
added	sp|P18186|OTC_BACSU		319
added	sp|P18255|SYT1_BACSU		643
added	sp|P18256|SYT2_BACSU		638
added	sp|P18429|XYNA_BACSU		213
added	sp|P18579|MURB_BACSU		303
added	sp|P19079|CDD_BACSU		136
added	sp|P19080|AROH_BACSU		127
added	sp|P19219|ADAA_BACSU		211
added	sp|P19220|ADAB_BACSU		179
added	sp|P19405|PPB3_BACSU		462
added	sp|P19406|PPB4_BACSU		461
added	sp|P19465|GCH1_BACSU		190
added	sp|P19466|MTRB_BACSU		75
added	sp|P19582|DHOM_BACSU		433
added	sp|P19638|UDPK_BACSU		123
added	sp|P19669|TAL_BACSU		212
added	sp|P19670|MURA2_BACSU		429
added	sp|P19672|YQXC_BACSU		281
added	sp|P19940|RPSG_BACSU		260
added	sp|P19946|RL15_BACSU		146
added	sp|P19947|RL30_BACSU		59
added	sp|P19994|MAP11_BACSU		248
added	sp|P20166|PTG3C_BACSU		699
added	sp|P20167|TRPF_BACSU		215
added	sp|P20277|RL17_BACSU		120
added	sp|P20278|RL36_BACSU		37
added	sp|P20282|RS13_BACSU		121
added	sp|P20429|RPOA_BACSU		314
added	sp|P20458|IF1_BACSU		72
added	sp|P20487|FLIJ_BACSU		147
added	sp|P20668|GLTC_BACSU		300
added	sp|P20691|AROA_BACSU		428
added	sp|P20692|TYRA_BACSU		371
added	sp|P20964|OBG_BACSU		428
added	sp|P21203|PHEA_BACSU		285
added	sp|P21204|YSZB_BACSU		147
added	sp|P21248|HEM4_BACSU		262
added	sp|P21335|TADA_BACSU		161
added	sp|P21340|PAIA_BACSU		172
added	sp|P21341|PAIB_BACSU		207
added	sp|P21344|SENS_BACSU		65
added	sp|P21458|SP3E_BACSU		787
added	sp|P21464|RS2_BACSU		246
added	sp|P21465|RS3_BACSU		218
added	sp|P21466|RS4_BACSU		200
added	sp|P21467|RS5_BACSU		166
added	sp|P21468|RS6_BACSU		95
added	sp|P21469|RS7_BACSU		156
added	sp|P21470|RS9_BACSU		130
added	sp|P21471|RS10_BACSU		102
added	sp|P21472|RS12_BACSU		138
added	sp|P21473|RS15_BACSU		89
added	sp|P21474|RS16_BACSU		90
added	sp|P21475|RS18_BACSU		79
added	sp|P21476|RS19_BACSU		92
added	sp|P21477|RS20_BACSU		88
added	sp|P21478|RS21_BACSU		57
added	sp|P21656|SYW_BACSU		330
added	sp|P21879|IMDH_BACSU		488
added	sp|P21880|DLDH1_BACSU		470
added	sp|P21881|ODPA_BACSU		371
added	sp|P21882|ODPB_BACSU		325
added	sp|P21883|ODP2_BACSU		442
added	sp|P21884|YKYA_BACSU		223
added	sp|P21885|SPEA_BACSU		490
added	sp|P22250|SYE_BACSU		483
added	sp|P22322|GPR_BACSU		368
added	sp|P22326|SYY1_BACSU		422
added	sp|P23053|LPTR_BACSU		20
added	sp|P23054|TCRB_BACSU		458
added	sp|P23129|ODO1_BACSU		944
added	sp|P23261|COTF_BACSU		160
added	sp|P23308|SINI_BACSU		57
added	sp|P23445|FLII_BACSU		438
added	sp|P23446|FLGG_BACSU		264
added	sp|P23447|FLIF_BACSU		536
added	sp|P23448|FLIG_BACSU		338
added	sp|P23449|FLIH_BACSU		208
added	sp|P23451|FLIK_BACSU		487
added	sp|P23452|FLIL_BACSU		140
added	sp|P23453|FLIM_BACSU		332
added	sp|P23454|YLXF_BACSU		204
added	sp|P23455|YLXG_BACSU		140
added	sp|P23477|ADDB_BACSU		1166
added	sp|P23478|ADDA_BACSU		1232
added	sp|P23479|SBCD_BACSU		391
added	sp|P23545|PHOR_BACSU		579
added	sp|P23630|DCDA_BACSU		439
added	sp|P23715|ARGC_BACSU		345
added	sp|P23789|XRE_BACSU		113
added	sp|P23914|LEVR_BACSU		935
added	sp|P23966|MENB_BACSU		271
added	sp|P23970|MEND_BACSU		580
added	sp|P23971|MENE_BACSU		486
added	sp|P23973|MENF_BACSU		471
added	sp|P23974|MENH_BACSU		274
added	sp|P24009|COXX2_BACSU		305
added	sp|P24010|COX1_BACSU		622
added	sp|P24011|COX2_BACSU		356
added	sp|P24012|COX3_BACSU		207
added	sp|P24013|COX4_BACSU		110
added	sp|P24072|CHEY_BACSU		120
added	sp|P24073|FLIY_BACSU		378
added	sp|P24136|OPPD_BACSU		358
added	sp|P24137|OPPF_BACSU		305
added	sp|P24138|OPPB_BACSU		311
added	sp|P24139|OPPC_BACSU		305
added	sp|P24141|OPPA_BACSU		545
added	sp|P24219|RP54_BACSU		436
added	sp|P24277|RECR_BACSU		198
added	sp|P24281|YAAK_BACSU		107
added	sp|P24282|BOFA_BACSU		87
added	sp|P24327|PRSA_BACSU		292
added	sp|P24469|C550_BACSU		120
added	sp|P24500|FLGB_BACSU		129
added	sp|P24501|FLGC_BACSU		150
added	sp|P24502|FLIE_BACSU		106
added	sp|P24808|CWLA_BACSU		272
added	sp|P24809|YQXJ_BACSU		120
added	sp|P24810|YQXG_BACSU		297
added	sp|P24811|YQXH_BACSU		140
added	sp|P24812|YQXI_BACSU		159
added	sp|P25052|TENA_BACSU		236
added	sp|P25053|TENI_BACSU		205
added	sp|P25144|CCPA_BACSU		334
added	sp|P25148|GSPA_BACSU		286
added	sp|P25149|YWAF_BACSU		237
added	sp|P25150|YWAE_BACSU		171
added	sp|P25151|SYY2_BACSU		413
added	sp|P25152|BSAP_BACSU		455
added	sp|P25499|HRCA_BACSU		343
added	sp|P25503|HUTU_BACSU		552
added	sp|P25811|MNME_BACSU		459
added	sp|P25812|MNMG_BACSU		628
added	sp|P25813|RSMG_BACSU		239
added	sp|P25814|RNPA_BACSU		116
added	sp|P25953|COMGA_BACSU		356
added	sp|P25954|COMGB_BACSU		323
added	sp|P25955|COMGC_BACSU		98
added	sp|P25956|COMGD_BACSU		143
added	sp|P25957|COMGE_BACSU		115
added	sp|P25958|COMGF_BACSU		127
added	sp|P25959|COMGG_BACSU		124
added	sp|P25971|PYRF_BACSU		239
added	sp|P25972|PYRE_BACSU		216
added	sp|P25983|PYRK_BACSU		256
added	sp|P25993|CARA_BACSU		364
added	sp|P25994|CARB_BACSU		1071
added	sp|P25995|PYRC_BACSU		428
added	sp|P25996|PYRDB_BACSU		311
added	sp|P26212|SACT_BACSU		276
added	sp|P26379|PTFA_BACSU		146
added	sp|P26380|PTFB_BACSU		163
added	sp|P26381|PTFC_BACSU		269
added	sp|P26382|PTFD_BACSU		275
added	sp|P26497|SP0J_BACSU		282
added	sp|P26899|ASPA_BACSU		475
added	sp|P26900|ASPG1_BACSU		329
added	sp|P26901|CATA_BACSU		483
added	sp|P26902|DPPA_BACSU		274
added	sp|P26903|DPPB_BACSU		308
added	sp|P26904|DPPC_BACSU		320
added	sp|P26905|DPPD_BACSU		335
added	sp|P26906|DPPE_BACSU		543
added	sp|P26907|GSIB_BACSU		123
added	sp|P26908|RL21_BACSU		102
added	sp|P26935|IOLG_BACSU		344
added	sp|P26936|SP4FA_BACSU		264
added	sp|P26937|SP4FB_BACSU		288
added	sp|P26942|PRP_BACSU		112
added	sp|P27206|SRFAA_BACSU		3587
added	sp|P27620|TAGA_BACSU		256
added	sp|P27621|TAGB_BACSU		381
added	sp|P27622|TAGC_BACSU		442
added	sp|P27623|TAGD_BACSU		129
added	sp|P27643|SP5K_BACSU		322
added	sp|P27876|TPIS_BACSU		253
added	sp|P28015|SP5G_BACSU		97
added	sp|P28264|FTSA_BACSU		440
added	sp|P28265|SBP_BACSU		121
added	sp|P28366|SECA_BACSU		841
added	sp|P28367|RF2_BACSU		366
added	sp|P28368|HPF_BACSU		189
added	sp|P28598|CH60_BACSU		544
added	sp|P28599|CH10_BACSU		94
added	sp|P28611|MOTA_BACSU		270
added	sp|P28612|MOTB_BACSU		261
added	sp|P28618|PCP_BACSU		215
added	sp|P28619|RNPH_BACSU		245
added	sp|P28628|LEPS_BACSU		184
added	sp|P28670|YOXC_BACSU		101
added	sp|P28671|YOXB_BACSU		256
added	sp|P28819|PABA_BACSU		194
added	sp|P28820|PABB_BACSU		470
added	sp|P28821|PABC_BACSU		293
added	sp|P28822|DHPS_BACSU		285
added	sp|P28823|FOLB_BACSU		120
added	sp|P29072|CHEA_BACSU		672
added	sp|P29141|SUBV_BACSU		806
added	sp|P29252|HPPK_BACSU		167
added	sp|P29726|PURA_BACSU		430
added	sp|P29727|GUAA_BACSU		513
added	sp|P30300|GLPP_BACSU		192
added	sp|P30949|GSA_BACSU		430
added	sp|P30950|HEM2_BACSU		324
added	sp|P31080|LEXA_BACSU		205
added	sp|P31102|AROB_BACSU		362
added	sp|P31103|NDK_BACSU		149
added	sp|P31104|AROC_BACSU		390
added	sp|P31105|CHER_BACSU		256
added	sp|P31112|HEPS1_BACSU		251
added	sp|P31113|MENG_BACSU		233
added	sp|P31114|HEPS2_BACSU		348
added	sp|P31844|YNXB_BACSU		96
added	sp|P31845|SP5AF_BACSU		493
added	sp|P31847|YPUA_BACSU		290
added	sp|P32081|CSPB_BACSU		67
added	sp|P32393|COMEB_BACSU		189
added	sp|P32395|DCUP_BACSU		353
added	sp|P32396|CPFC_BACSU		310
added	sp|P32397|CGOX_BACSU		470
added	sp|P32398|YHGD_BACSU		191
added	sp|P32399|YHGE_BACSU		775
added	sp|P32436|DEGV_BACSU		281
added	sp|P32437|YVYE_BACSU		217
added	sp|P32726|RIMP_BACSU		156
added	sp|P32727|NUSA_BACSU		371
added	sp|P32728|YLXR_BACSU		91
added	sp|P32729|YLXQ_BACSU		100
added	sp|P32730|YLXP_BACSU		92
added	sp|P32731|RBFA_BACSU		117
added	sp|P32732|TRUB_BACSU		309
added	sp|P32959|PBPE_BACSU		451
added	sp|P32960|RACX_BACSU		227
added	sp|P33166|EFTU_BACSU		396
added	sp|P33189|YHXA_BACSU		450
added	sp|P33449|BMR1_BACSU		389
added	sp|P33690|COMQ_BACSU		299
added	sp|P33911|CSRA_BACSU		74
added	sp|P34956|QOX1_BACSU		649
added	sp|P34957|QOX2_BACSU		321
added	sp|P34958|QOX3_BACSU		204
added	sp|P34959|QOX4_BACSU		124
added	sp|P35136|SERA_BACSU		525
added	sp|P35137|PPIB_BACSU		143
added	sp|P35146|AROD_BACSU		255
added	sp|P35149|SP4A_BACSU		492
added	sp|P35150|DACB_BACSU		382
added	sp|P35151|YPUB_BACSU		67
added	sp|P35153|YPUE_BACSU		50
added	sp|P35154|SCPA_BACSU		251
added	sp|P35155|SCPB_BACSU		197
added	sp|P35156|YPUI_BACSU		179
added	sp|P35157|SPMA_BACSU		196
added	sp|P35158|SPMB_BACSU		178
added	sp|P35159|RLUB_BACSU		244
added	sp|P35160|RESA_BACSU		179
added	sp|P35161|RESB_BACSU		542
added	sp|P35162|RESC_BACSU		391
added	sp|P35163|RESD_BACSU		240
added	sp|P35164|RESE_BACSU		589
added	sp|P35165|SIGX_BACSU		194
added	sp|P35166|RSIX_BACSU		368
added	sp|P35528|FLIP_BACSU		221
added	sp|P35535|FLIQ_BACSU		89
added	sp|P35536|FLIZ_BACSU		219
added	sp|P35537|FLIR_BACSU		259
added	sp|P35538|FLHB_BACSU		360
added	sp|P35620|FLHA_BACSU		677
added	sp|P36430|SYL_BACSU		804
added	sp|P36838|CARX_BACSU		353
added	sp|P36839|ARGD_BACSU		385
added	sp|P36843|ARGJ_BACSU		406
added	sp|P36944|RBSR_BACSU		326
added	sp|P36945|RBSK_BACSU		293
added	sp|P36946|RBSD_BACSU		131
added	sp|P36947|RBSA_BACSU		493
added	sp|P36948|RBSC_BACSU		322
added	sp|P36949|RBSB_BACSU		305
added	sp|P37104|YLXM_BACSU		110
added	sp|P37105|SRP54_BACSU		446
added	sp|P37251|ILVB_BACSU		574
added	sp|P37252|ILVH_BACSU		172
added	sp|P37253|ILVC_BACSU		342
added	sp|P37437|RL9_BACSU		149
added	sp|P37454|EXOA_BACSU		252
added	sp|P37455|SSBA_BACSU		172
added	sp|P37464|SYS_BACSU		425
added	sp|P37465|SYM_BACSU		664
added	sp|P37466|VEG_BACSU		86
added	sp|P37467|XPAC_BACSU		204
added	sp|P37468|RSMA_BACSU		292
added	sp|P37469|DNAC_BACSU		454
added	sp|P37470|PTH_BACSU		188
added	sp|P37471|DIVIC_BACSU		125
added	sp|P37472|HGPRT_BACSU		180
added	sp|P37474|MFD_BACSU		1177
added	sp|P37475|SP2E_BACSU		827
added	sp|P37476|FTSH_BACSU		637
added	sp|P37477|SYK_BACSU		499
added	sp|P37478|WALR_BACSU		235
added	sp|P37479|YYCE_BACSU		139
added	sp|P37480|YYCD_BACSU		66
added	sp|P37481|YYCC_BACSU		46
added	sp|P37482|YYCB_BACSU		402
added	sp|P37483|YYCA_BACSU		685
added	sp|P37484|GDPP_BACSU		659
added	sp|P37485|YYBS_BACSU		309
added	sp|P37486|YYBR_BACSU		125
added	sp|P37487|PPAC_BACSU		309
added	sp|P37488|YYBP_BACSU		148
added	sp|P37489|YYBO_BACSU		435
added	sp|P37490|YYBN_BACSU		145
added	sp|P37491|YYBM_BACSU		251
added	sp|P37492|YYBL_BACSU		236
added	sp|P37493|YYBK_BACSU		251
added	sp|P37494|YYBJ_BACSU		218
added	sp|P37495|YYBI_BACSU		262
added	sp|P37496|YYBH_BACSU		129
added	sp|P37497|YYBG_BACSU		279
added	sp|P37498|YYBF_BACSU		404
added	sp|P37499|YYBE_BACSU		292
added	sp|P37500|ATSE_BACSU		147
added	sp|P37501|YYBC_BACSU		159
added	sp|P37502|YYBB_BACSU		220
added	sp|P37503|YYBA_BACSU		150
added	sp|P37504|YYAT_BACSU		148
added	sp|P37505|YYAS_BACSU		201
added	sp|P37506|STA_BACSU		173
added	sp|P37507|YYAQ_BACSU		118
added	sp|P37508|YYAP_BACSU		188
added	sp|P37509|YYAO_BACSU		79
added	sp|P37510|YYAN_BACSU		138
added	sp|P37511|YYAM_BACSU		305
added	sp|P37512|YYAL_BACSU		689
added	sp|P37513|YYAK_BACSU		299
added	sp|P37514|YYAJ_BACSU		451
added	sp|P37515|MAA_BACSU		184
added	sp|P37516|YYAH_BACSU		126
added	sp|P37517|CCPB_BACSU		311
added	sp|P37518|YCHF_BACSU		366
added	sp|P37519|YYAE_BACSU		667
added	sp|P37520|YYAD_BACSU		338
added	sp|P37521|YYAC_BACSU		205
added	sp|P37522|SOJ_BACSU		253
added	sp|P37523|YYAB_BACSU		146
added	sp|P37524|NOC_BACSU		283
added	sp|P37525|REMB_BACSU		81
added	sp|P37526|YAAC_BACSU		315
added	sp|P37527|PDXS_BACSU		294
added	sp|P37528|PDXT_BACSU		196
added	sp|P37529|DCK_BACSU		217
added	sp|P37530|DGK_BACSU		207
added	sp|P37531|SLEL_BACSU		431
added	sp|P37532|YAAI_BACSU		181
added	sp|P37533|YAAL_BACSU		74
added	sp|P37534|GIN_BACSU		64
added	sp|P37535|YAAN_BACSU		386
added	sp|P37536|YAAO_BACSU		480
added	sp|P37537|KTHY_BACSU		212
added	sp|P37538|DARA_BACSU		109
added	sp|P37539|YAAR_BACSU		146
added	sp|P37540|HOLB_BACSU		329
added	sp|P37541|YAAT_BACSU		275
added	sp|P37542|YABA_BACSU		119
added	sp|P37543|YABB_BACSU		247
added	sp|P37544|RSMI_BACSU		292
added	sp|P37545|YABD_BACSU		255
added	sp|P37546|YABE_BACSU		407
added	sp|P37547|RNM5_BACSU		186
added	sp|P37548|PRTG_BACSU		290
added	sp|P37549|SSPF_BACSU		61
added	sp|P37550|ISPE_BACSU		289
added	sp|P37551|PURR_BACSU		285
added	sp|P37552|RIDA_BACSU		125
added	sp|P37553|FIN_BACSU		76
added	sp|P37554|SPOVT_BACSU		178
added	sp|P37555|YABM_BACSU		532
added	sp|P37556|YABN_BACSU		489
added	sp|P37557|RQCP_BACSU		86
added	sp|P37558|YABP_BACSU		100
added	sp|P37559|YABQ_BACSU		211
added	sp|P37560|YABR_BACSU		128
added	sp|P37561|YABS_BACSU		245
added	sp|P37562|PKN1_BACSU		338
added	sp|P37563|TILS_BACSU		472
added	sp|P37564|COAX_BACSU		258
added	sp|P37565|HSLO_BACSU		291
added	sp|P37566|YACD_BACSU		297
added	sp|P37567|DUS1_BACSU		333
added	sp|P37568|CTSR_BACSU		154
added	sp|P37569|MCSA_BACSU		185
added	sp|P37570|MCSB_BACSU		363
added	sp|P37571|CLPC_BACSU		810
added	sp|P37572|RADA_BACSU		458
added	sp|P37573|DISA_BACSU		360
added	sp|P37574|RAE1_BACSU		170
added	sp|P37575|SP2B_BACSU		332
added	sp|P37580|FHUD_BACSU		315
added	sp|P37582|GLNR_BACSU		135
added	sp|P37584|CSAA_BACSU		110
added	sp|P37585|MURG_BACSU		363
added	sp|P37599|CHEV_BACSU		303
added	sp|P37807|RL28_BACSU		62
added	sp|P37808|ATPA_BACSU		502
added	sp|P37809|ATPB_BACSU		473
added	sp|P37810|ATPG_BACSU		287
added	sp|P37811|ATPD_BACSU		181
added	sp|P37812|ATPE_BACSU		132
added	sp|P37813|ATP6_BACSU		244
added	sp|P37814|ATPF_BACSU		170
added	sp|P37815|ATPL_BACSU		70
added	sp|P37816|ATPZ_BACSU		127
added	sp|P37817|SPOVM_BACSU		26
added	sp|P37869|ENO_BACSU		430
added	sp|P37870|RPOB_BACSU		1193
added	sp|P37871|RPOC_BACSU		1199
added	sp|P37872|YBXB_BACSU		201
added	sp|P37873|SP2M_BACSU		214
added	sp|P37874|YGXB_BACSU		552
added	sp|P37875|SP5R_BACSU		468
added	sp|P37876|YTXK_BACSU		329
added	sp|P37877|ACKA_BACSU		395
added	sp|P37878|3MGA_BACSU		303
added	sp|P37887|CYSK_BACSU		308
added	sp|P37940|ODBA_BACSU		330
added	sp|P37941|ODBB_BACSU		327
added	sp|P37942|ODB2_BACSU		424
added	sp|P37944|AROK_BACSU		186
added	sp|P37945|LON1_BACSU		774
added	sp|P37946|ILVA_BACSU		422
added	sp|P37947|DEGA_BACSU		337
added	sp|P37948|GLPT_BACSU		444
added	sp|P37949|LEPA_BACSU		612
added	sp|P37953|CSBA_BACSU		76
added	sp|P37954|UVRB_BACSU		661
added	sp|P37955|SPLA_BACSU		79
added	sp|P37956|SPL_BACSU		342
added	sp|P37957|ESTA_BACSU		212
added	sp|P37958|MECA1_BACSU		218
added	sp|P37959|YUSZ_BACSU		280
added	sp|P37960|MRGA_BACSU		153
added	sp|P37963|SP6D_BACSU		575
added	sp|P37964|YSXE_BACSU		341
added	sp|P37965|GLPQ_BACSU		293
added	sp|P37966|LIPO_BACSU		502
added	sp|P37967|PNBA_BACSU		489
added	sp|P37968|SP2P_BACSU		401
added	sp|P38021|OAT_BACSU		401
added	sp|P38022|ROCR_BACSU		461
added	sp|P38032|NADB_BACSU		531
added	sp|P38033|NIFS_BACSU		395
added	sp|P38048|YHGB_BACSU		104
added	sp|P38049|HMOB_BACSU		166
added	sp|P38050|PBPF_BACSU		714
added	sp|P38422|DACF_BACSU		389
added	sp|P38423|YQXK_BACSU		387
added	sp|P38424|ENGB_BACSU		195
added	sp|P38425|YQXA_BACSU		112
added	sp|P38490|YPEB_BACSU		450
added	sp|P38491|MOTI_BACSU		217
added	sp|P38492|YPFB_BACSU		58
added	sp|P38493|KCY_BACSU		224
added	sp|P38494|RS1H_BACSU		382
added	sp|P39062|ACSA_BACSU		572
added	sp|P39063|YTXD_BACSU		272
added	sp|P39064|YTXE_BACSU		242
added	sp|P39065|ACUA_BACSU		210
added	sp|P39066|ACUB_BACSU		214
added	sp|P39067|ACUC_BACSU		387
added	sp|P39070|CLPQ_BACSU		181
added	sp|P39071|DHBA_BACSU		261
added	sp|P39072|GERM_BACSU		366
added	sp|P39074|BMRU_BACSU		297
added	sp|P39075|BMRR_BACSU		278
added	sp|P39115|VMLR_BACSU		547
added	sp|P39116|PLY_BACSU		420
added	sp|P39118|GLGB_BACSU		627
added	sp|P39119|CISY_BACSU		366
added	sp|P39120|CISY2_BACSU		372
added	sp|P39121|DEOC_BACSU		223
added	sp|P39122|GLGC_BACSU		380
added	sp|P39123|PHSG_BACSU		798
added	sp|P39124|GLGD_BACSU		343
added	sp|P39125|GLGA_BACSU		484
added	sp|P39126|IDH_BACSU		423
added	sp|P39127|CITR_BACSU		291
added	sp|P39128|LPLB_BACSU		318
added	sp|P39129|LPLC_BACSU		295
added	sp|P39130|LPLD_BACSU		446
added	sp|P39131|MNAA_BACSU		380
added	sp|P39132|YHBE_BACSU		237
added	sp|P39133|YHBF_BACSU		235
added	sp|P39134|PRKA_BACSU		631
added	sp|P39135|SFP_BACSU		224
added	sp|P39137|ROCE_BACSU		467
added	sp|P39138|ARGI_BACSU		296
added	sp|P39139|YXXB_BACSU		275
added	sp|P39140|DEOR_BACSU		313
added	sp|P39141|NUPC_BACSU		393
added	sp|P39142|PDP_BACSU		433
added	sp|P39143|GUTR_BACSU		829
added	sp|P39145|COMFA_BACSU		463
added	sp|P39146|COMFB_BACSU		98
added	sp|P39147|COMFC_BACSU		240
added	sp|P39148|GLYA_BACSU		415
added	sp|P39149|UPP_BACSU		209
added	sp|P39150|YWLA_BACSU		120
added	sp|P39151|SP2R_BACSU		224
added	sp|P39152|YWLB_BACSU		147
added	sp|P39153|SUA5_BACSU		346
added	sp|P39154|MNTP_BACSU		185
added	sp|P39155|PAP_BACSU		150
added	sp|P39156|YWLF_BACSU		149
added	sp|P39157|YWLG_BACSU		180
added	sp|P39158|CSPC_BACSU		66
added	sp|P39209|TLPC_BACSU		573
added	sp|P39211|XYLB_BACSU		499
added	sp|P39214|MCPA_BACSU		661
added	sp|P39215|MCPB_BACSU		662
added	sp|P39216|TLPA_BACSU		662
added	sp|P39217|TLPB_BACSU		662
added	sp|P39456|TCYC_BACSU		247
added	sp|P39569|GERBA_BACSU		483
added	sp|P39570|GERBB_BACSU		368
added	sp|P39571|GERBC_BACSU		374
added	sp|P39574|GAL1_BACSU		390
added	sp|P39575|GALT_BACSU		513
added	sp|P39576|ILVE2_BACSU		363
added	sp|P39577|DLTE_BACSU		252
added	sp|P39578|DLTD_BACSU		392
added	sp|P39579|DLTC_BACSU		78
added	sp|P39580|DLTB_BACSU		395
added	sp|P39581|DLTA_BACSU		503
added	sp|P39582|MENA_BACSU		311
added	sp|P39583|YWAC_BACSU		210
added	sp|P39584|YWBA_BACSU		444
added	sp|P39585|YWBB_BACSU		225
added	sp|P39586|YWBC_BACSU		126
added	sp|P39587|YWBD_BACSU		396
added	sp|P39588|YWBE_BACSU		65
added	sp|P39589|YWBF_BACSU		399
added	sp|P39590|YWBG_BACSU		225
added	sp|P39591|CIDA_BACSU		128
added	sp|P39592|YWBI_BACSU		301
added	sp|P39593|THIM_BACSU		272
added	sp|P39594|THIE_BACSU		222
added	sp|P39595|EFEU_BACSU		481
added	sp|P39596|EFEM_BACSU		385
added	sp|P39597|EFEB_BACSU		416
added	sp|P39598|YWBO_BACSU		200
added	sp|P39599|YWCA_BACSU		513
added	sp|P39600|YWCB_BACSU		102
added	sp|P39601|YWCC_BACSU		223
added	sp|P39602|YWCD_BACSU		127
added	sp|P39603|YWCE_BACSU		87
added	sp|P39604|RODA_BACSU		393
added	sp|P39605|NFRA1_BACSU		249
added	sp|P39606|YWCH_BACSU		333
added	sp|P39607|YWCI_BACSU		100
added	sp|P39608|YWCJ_BACSU		256
added	sp|P39609|YWDA_BACSU		82
added	sp|P39610|PDXK_BACSU		271
added	sp|P39612|YWDD_BACSU		211
added	sp|P39613|YWDE_BACSU		177
added	sp|P39614|YWDF_BACSU		268
added	sp|P39615|UNG_BACSU		225
added	sp|P39616|ALDH2_BACSU		456
added	sp|P39617|YWDI_BACSU		105
added	sp|P39618|YWDJ_BACSU		440
added	sp|P39619|YWDK_BACSU		123
added	sp|P39620|GERQ_BACSU		181
added	sp|P39621|SPSA_BACSU		256
added	sp|P39622|SPSB_BACSU		474
added	sp|P39623|SPSC_BACSU		389
added	sp|P39624|SPSD_BACSU		289
added	sp|P39625|SPSE_BACSU		373
added	sp|P39626|SPSF_BACSU		240
added	sp|P39627|SPSG_BACSU		339
added	sp|P39629|RMLA_BACSU		246
added	sp|P39630|RMLB_BACSU		315
added	sp|P39631|SPSK_BACSU		283
added	sp|P39632|BSLB_BACSU		154
added	sp|P39633|DHE2_BACSU		424
added	sp|P39634|ROCA_BACSU		515
added	sp|P39635|ROCB_BACSU		566
added	sp|P39636|ROCC_BACSU		470
added	sp|P39637|YWFA_BACSU		412
added	sp|P39638|BACA_BACSU		204
added	sp|P39639|BACB_BACSU		235
added	sp|P39640|BACC_BACSU		253
added	sp|P39641|BACD_BACSU		472
added	sp|P39642|BACE_BACSU		394
added	sp|P39643|BACF_BACSU		399
added	sp|P39644|BACG_BACSU		259
added	sp|P39645|CHDC_BACSU		254
added	sp|P39646|PTAS_BACSU		323
added	sp|P39647|CYSL_BACSU		299
added	sp|P39648|LIPL_BACSU		281
added	sp|P39649|YWFM_BACSU		296
added	sp|P39650|RSFA_BACSU		258
added	sp|P39651|YWFO_BACSU		433
added	sp|P39666|NADC_BACSU		289
added	sp|P39667|NADR_BACSU		180
added	sp|P39668|YYXA_BACSU		400
added	sp|P39694|COMEA_BACSU		205
added	sp|P39695|COMEC_BACSU		776
added	sp|P39696|COMER_BACSU		273
added	sp|P39737|YVYC_BACSU		109
added	sp|P39738|FLID_BACSU		498
added	sp|P39739|FLIS_BACSU		133
added	sp|P39740|FLIT_BACSU		113
added	sp|P39751|MBL_BACSU		333
added	sp|P39752|FLHO_BACSU		270
added	sp|P39753|FLHP_BACSU		269
added	sp|P39755|DABB_BACSU		505
added	sp|P39756|FDHD_BACSU		262
added	sp|P39757|MOAA_BACSU		341
added	sp|P39758|ABH_BACSU		92
added	sp|P39759|YKQA_BACSU		277
added	sp|P39760|KTRC_BACSU		221
added	sp|P39761|ADEC_BACSU		577
added	sp|P39762|AMPS_BACSU		410
added	sp|P39763|MREBH_BACSU		335
added	sp|P39764|KINC_BACSU		428
added	sp|P39765|PYRR_BACSU		181
added	sp|P39766|PYRP_BACSU		435
added	sp|P39771|PURT_BACSU		384
added	sp|P39772|SYN_BACSU		430
added	sp|P39773|GPMI_BACSU		511
added	sp|P39775|OPUBD_BACSU		226
added	sp|P39776|XERC_BACSU		304
added	sp|P39778|CLPY_BACSU		467
added	sp|P39779|CODY_BACSU		259
added	sp|P39780|XKDA_BACSU		198
added	sp|P39781|XKDB_BACSU		278
added	sp|P39782|XKDC_BACSU		266
added	sp|P39783|XKDD_BACSU		116
added	sp|P39784|PCF_BACSU		169
added	sp|P39785|XTMA_BACSU		265
added	sp|P39786|XTMB_BACSU		433
added	sp|P39787|DNAD_BACSU		232
added	sp|P39788|END3_BACSU		219
added	sp|P39789|YPOC_BACSU		164
added	sp|P39790|MPR_BACSU		313
added	sp|P39791|YPPC_BACSU		320
added	sp|P39792|RECU_BACSU		206
added	sp|P39793|PBPA_BACSU		914
added	sp|P39794|PTTBC_BACSU		470
added	sp|P39795|TREC_BACSU		561
added	sp|P39796|TRER_BACSU		238
added	sp|P39797|XEPA_BACSU		279
added	sp|P39798|XHLA_BACSU		89
added	sp|P39800|XLYA_BACSU		297
added	sp|P39801|COTG_BACSU		195
added	sp|P39802|CHEW_BACSU		156
added	sp|P39803|YITT_BACSU		280
added	sp|P39804|IPI_BACSU		119
added	sp|P39805|LICT_BACSU		277
added	sp|P39807|YVYF_BACSU		139
added	sp|P39808|YVYG_BACSU		160
added	sp|P39809|FLGM_BACSU		88
added	sp|P39810|FLGK_BACSU		507
added	sp|P39812|GLTA_BACSU		1520
added	sp|P39813|DPRA_BACSU		297
added	sp|P39814|TOP1_BACSU		691
added	sp|P39815|TRMFO_BACSU		435
added	sp|P39816|PTW3C_BACSU		631
added	sp|P39817|GLTP_BACSU		414
added	sp|P39820|PROB_BACSU		365
added	sp|P39821|PROA_BACSU		415
added	sp|P39822|PSD_BACSU		263
added	sp|P39823|PSS_BACSU		177
added	sp|P39824|BLAC_BACSU		306
added	sp|P39839|YUXL_BACSU		657
added	sp|P39840|GALM_BACSU		325
added	sp|P39841|MANA3_BACSU		316
added	sp|P39842|BLTR_BACSU		273
added	sp|P39843|BMR2_BACSU		400
added	sp|P39844|DACC_BACSU		491
added	sp|P39845|PPSA_BACSU		2561
added	sp|P39846|PPSB_BACSU		2560
added	sp|P39847|PPSC_BACSU		2555
added	sp|P39848|LYTD_BACSU		880
added	sp|P39899|NPRB_BACSU		538
added	sp|P39909|BLTD_BACSU		152
added	sp|P39910|SLP_BACSU		124
added	sp|P39911|YPHF_BACSU		244
added	sp|P39912|AROG_BACSU		358
added	sp|P39914|BRXC_BACSU		108
added	sp|P40331|YISR_BACSU		287
added	sp|P40332|IOLX_BACSU		342
added	sp|P40396|COMK_BACSU		192
added	sp|P40397|YHXC_BACSU		285
added	sp|P40398|YHXD_BACSU		299
added	sp|P40399|RSBU_BACSU		335
added	sp|P40400|SSUA_BACSU		332
added	sp|P40401|SSUC_BACSU		276
added	sp|P40402|SSUD_BACSU		376
added	sp|P40403|CHEC_BACSU		209
added	sp|P40404|CHED_BACSU		166
added	sp|P40405|SWRB_BACSU		167
added	sp|P40406|NAGZ_BACSU		642
added	sp|P40407|NAMZ_BACSU		414
added	sp|P40408|BTR_BACSU		529
added	sp|P40409|FEUA_BACSU		317
added	sp|P40410|FEUB_BACSU		334
added	sp|P40411|FEUC_BACSU		336
added	sp|P40420|GLCU_BACSU		287
added	sp|P40735|ECFA1_BACSU		281
added	sp|P40736|YSXD_BACSU		165
added	sp|P40737|YXXD_BACSU		147
added	sp|P40738|YXXE_BACSU		102
added	sp|P40739|PTV3B_BACSU		609
added	sp|P40740|BGLH_BACSU		469
added	sp|P40742|YLXH_BACSU		298
added	sp|P40746|TGL_BACSU		245
added	sp|P40747|YUXG_BACSU		689
added	sp|P40750|PBPD_BACSU		624
added	sp|P40758|GLNK_BACSU		410
added	sp|P40759|GLNL_BACSU		314
added	sp|P40760|YUXJ_BACSU		392
added	sp|P40761|YUXK_BACSU		137
added	sp|P40762|PCHR_BACSU		169
added	sp|P40766|YPMR_BACSU		255
added	sp|P40767|CWLO_BACSU		473
added	sp|P40768|YTKA_BACSU		145
added	sp|P40769|YHFN_BACSU		426
added	sp|P40770|YQIH_BACSU		97
added	sp|P40773|YFJL_BACSU		229
added	sp|P40775|YDJM_BACSU		123
added	sp|P40778|MURC_BACSU		432
added	sp|P40779|YTXG_BACSU		140
added	sp|P40780|YTXH_BACSU		151
added	sp|P40802|PKSI_BACSU		249
added	sp|P40804|PKSF_BACSU		415
added	sp|P40805|PKSH_BACSU		259
added	sp|P40806|PKSJ_BACSU		5043
added	sp|P40830|PKSG_BACSU		420
added	sp|P40866|SP5AA_BACSU		206
added	sp|P40867|SP5AB_BACSU		141
added	sp|P40868|SP5AC_BACSU		150
added	sp|P40869|SP5AD_BACSU		338
added	sp|P40870|S5AEA_BACSU		203
added	sp|P40871|DHBE_BACSU		539
added	sp|P40872|PKSM_BACSU		4262
added	sp|P40924|PGK_BACSU		394
added	sp|P40948|CORA_BACSU		317
added	sp|P40949|TAPA_BACSU		253
added	sp|P40950|YUXN_BACSU		291
added	sp|P42060|RL22_BACSU		113
added	sp|P42061|APPA_BACSU		543
added	sp|P42062|APPB_BACSU		316
added	sp|P42063|APPC_BACSU		303
added	sp|P42064|APPD_BACSU		328
added	sp|P42065|APPF_BACSU		329
added	sp|P42068|HUTG_BACSU		319
added	sp|P42084|HUTI_BACSU		421
added	sp|P42085|XPT_BACSU		194
added	sp|P42086|PBUX_BACSU		438
added	sp|P42087|HUTM_BACSU		475
added	sp|P42089|CGEA_BACSU		133
added	sp|P42090|CGEB_BACSU		317
added	sp|P42091|CGEC_BACSU		101
added	sp|P42092|CGED_BACSU		426
added	sp|P42093|CGEE_BACSU		259
added	sp|P42094|PHYT_BACSU		382
added	sp|P42095|RECO_BACSU		255
added	sp|P42100|GLXK_BACSU		382
added	sp|P42101|GS30_BACSU		343
added	sp|P42102|YXAC_BACSU		230
added	sp|P42103|YXAD_BACSU		143
added	sp|P42105|YXAF_BACSU		191
added	sp|P42106|QDOI_BACSU		337
added	sp|P42107|YXAH_BACSU		402
added	sp|P42108|YXAI_BACSU		151
added	sp|P42109|YXAJ_BACSU		141
added	sp|P42111|YXAL_BACSU		410
added	sp|P42112|YXAM_BACSU		399
added	sp|P42113|ASNH_BACSU		747
added	sp|P42175|NARG_BACSU		1228
added	sp|P42176|NARH_BACSU		487
added	sp|P42177|NARI_BACSU		223
added	sp|P42178|NARJ_BACSU		184
added	sp|P42182|ERA_BACSU		301
added	sp|P42199|TCYA_BACSU		268
added	sp|P42200|TCYB_BACSU		234
added	sp|P42234|CATE_BACSU		686
added	sp|P42235|KDGD_BACSU		308
added	sp|P42236|KGSDH_BACSU		488
added	sp|P42237|GUDP_BACSU		455
added	sp|P42238|GUDD_BACSU		455
added	sp|P42239|YCBG_BACSU		233
added	sp|P42240|GARD_BACSU		510
added	sp|P42242|YCBJ_BACSU		306
added	sp|P42243|YCBK_BACSU		312
added	sp|P42244|YCBL_BACSU		226
added	sp|P42245|YCBM_BACSU		311
added	sp|P42246|YCBN_BACSU		307
added	sp|P42247|YCBO_BACSU		228
added	sp|P42248|YCBP_BACSU		128
added	sp|P42249|CWLJ_BACSU		142
added	sp|P42250|YCBR_BACSU		243
added	sp|P42251|PPBD_BACSU		583
added	sp|P42252|TATCD_BACSU		242
added	sp|P42253|YCBU_BACSU		370
added	sp|P42293|EABN2_BACSU		469
added	sp|P42294|YXIB_BACSU		121
added	sp|P42295|YXIC_BACSU		89
added	sp|P42296|YXID_BACSU		569
added	sp|P42297|YXIE_BACSU		148
added	sp|P42298|YXIF_BACSU		156
added	sp|P42299|YXIG_BACSU		138
added	sp|P42300|YXIH_BACSU		109
added	sp|P42301|YXII_BACSU		162
added	sp|P42302|YXIK_BACSU		153
added	sp|P42304|YXIM_BACSU		382
added	sp|P42305|DBPA_BACSU		479
added	sp|P42306|YXIO_BACSU		428
added	sp|P42307|YXIP_BACSU		226
added	sp|P42308|CITN_BACSU		426
added	sp|P42310|YXIS_BACSU		96
added	sp|P42311|YXIT_BACSU		80
added	sp|P42312|NUPG_BACSU		397
added	sp|P42313|YXJB_BACSU		282
added	sp|P42314|YXJC_BACSU		472
added	sp|P42315|SCOA_BACSU		238
added	sp|P42316|SCOB_BACSU		216
added	sp|P42317|YXJF_BACSU		257
added	sp|P42318|YXJG_BACSU		378
added	sp|P42319|YXJH_BACSU		377
added	sp|P42320|YXIJ_BACSU		98
added	sp|P42399|YCKA_BACSU		226
added	sp|P42400|YCKB_BACSU		287
added	sp|P42401|YCKC_BACSU		151
added	sp|P42402|YCKD_BACSU		110
added	sp|P42403|BGLC_BACSU		477
added	sp|P42404|PHI_BACSU		185
added	sp|P42405|HPS_BACSU		210
added	sp|P42406|HXLR_BACSU		120
added	sp|P42407|YTDA_BACSU		272
added	sp|P42408|YTEA_BACSU		239
added	sp|P42409|RSBRA_BACSU		274
added	sp|P42410|RSBS_BACSU		121
added	sp|P42411|RSBT_BACSU		133
added	sp|P42412|IOLA_BACSU		487
added	sp|P42413|IOLB_BACSU		271
added	sp|P42414|IOLC_BACSU		325
added	sp|P42415|IOLD_BACSU		637
added	sp|P42416|IOLE_BACSU		297
added	sp|P42417|IOLF_BACSU		438
added	sp|P42418|IOLH_BACSU		289
added	sp|P42419|IOLI_BACSU		278
added	sp|P42420|IOLJ_BACSU		290
added	sp|P42421|YXDJ_BACSU		229
added	sp|P42422|YXDK_BACSU		325
added	sp|P42423|YXDL_BACSU		257
added	sp|P42424|YXDM_BACSU		622
added	sp|P42425|LON2_BACSU		552
added	sp|P42430|YKYB_BACSU		154
added	sp|P42432|NASA_BACSU		401
added	sp|P42433|NASB_BACSU		771
added	sp|P42434|NASC_BACSU		710
added	sp|P42435|NASD_BACSU		805
added	sp|P42436|NASE_BACSU		106
added	sp|P42437|NASF_BACSU		483
added	sp|P42919|RL2_BACSU		277
added	sp|P42920|RL3_BACSU		209
added	sp|P42921|RL4_BACSU		207
added	sp|P42923|RL10_BACSU		166
added	sp|P42924|RL23_BACSU		95
added	sp|P42953|TAGG_BACSU		275
added	sp|P42954|TAGH_BACSU		527
added	sp|P42955|YSLB_BACSU		148
added	sp|P42956|PTMCB_BACSU		478
added	sp|P42957|MTLD_BACSU		373
added	sp|P42958|TTUC_BACSU		354
added	sp|P42959|LEPU_BACSU		187
added	sp|P42961|YCSD_BACSU		130
added	sp|P42962|YCSE_BACSU		249
added	sp|P42963|PXPA_BACSU		257
added	sp|P42964|YCSG_BACSU		404
added	sp|P42966|YCSI_BACSU		257
added	sp|P42968|KIPR_BACSU		250
added	sp|P42969|LIPC_BACSU		213
added	sp|P42970|YCZI_BACSU		81
added	sp|P42971|PBPC_BACSU		668
added	sp|P42972|YCSN_BACSU		300
added	sp|P42973|BGLA_BACSU		479
added	sp|P42974|DHNA_BACSU		509
added	sp|P42976|DAPB_BACSU		267
added	sp|P42977|CCA_BACSU		397
added	sp|P42978|YPJC_BACSU		290
added	sp|P42979|YPJD_BACSU		111
added	sp|P42980|MGSA_BACSU		137
added	sp|P42981|BSHB1_BACSU		236
added	sp|P42982|BSHA_BACSU		377
added	sp|P42983|NUCB_BACSU		136
added	sp|P45453|COMX_BACSU		55
added	sp|P45693|SP5S_BACSU		86
added	sp|P45694|TKT_BACSU		667
added	sp|P45706|CCDA_BACSU		235
added	sp|P45707|SIRA_BACSU		148
added	sp|P45708|YNEF_BACSU		72
added	sp|P45709|CCDB_BACSU		120
added	sp|P45710|CCDC_BACSU		160
added	sp|P45711|YNEK_BACSU		142
added	sp|P45740|THIC_BACSU		590
added	sp|P45742|YHBH_BACSU		392
added	sp|P45743|DHBB_BACSU		312
added	sp|P45744|DHBC_BACSU		398
added	sp|P45745|DHBF_BACSU		2378
added	sp|P45855|THL_BACSU		393
added	sp|P45856|HBD_BACSU		287
added	sp|P45857|ACDB_BACSU		379
added	sp|P45858|MMGD_BACSU		372
added	sp|P45859|MMGE_BACSU		472
added	sp|P45860|CLS1_BACSU		500
added	sp|P45861|YWJA_BACSU		575
added	sp|P45862|YWJB_BACSU		174
added	sp|P45863|YWJC_BACSU		90
added	sp|P45864|UVSE_BACSU		320
added	sp|P45865|CLSB_BACSU		398
added	sp|P45866|FADF_BACSU		705
added	sp|P45867|ACDA_BACSU		379
added	sp|P45868|MAO2_BACSU		582
added	sp|P45869|YWKB_BACSU		319
added	sp|P45870|RACA_BACSU		184
added	sp|P45871|YWKD_BACSU		128
added	sp|P45872|RF1_BACSU		356
added	sp|P45873|PRMC_BACSU		288
added	sp|P45874|YWKF_BACSU		95
added	sp|P45899|YQAB_BACSU		172
added	sp|P45900|YQAC_BACSU		178
added	sp|P45901|YQAD_BACSU		55
added	sp|P45902|YQAE_BACSU		116
added	sp|P45903|YQAF_BACSU		76
added	sp|P45904|YQAG_BACSU		189
added	sp|P45905|YQAH_BACSU		85
added	sp|P45906|YQAI_BACSU		64
added	sp|P45907|YQAJ_BACSU		319
added	sp|P45908|YQAK_BACSU		284
added	sp|P45909|YQAL_BACSU		225
added	sp|P45910|YQAM_BACSU		313
added	sp|P45911|YQAN_BACSU		142
added	sp|P45912|YQAO_BACSU		68
added	sp|P45913|YQAP_BACSU		309
added	sp|P45914|YQAR_BACSU		154
added	sp|P45915|YQAS_BACSU		239
added	sp|P45916|YQAT_BACSU		431
added	sp|P45917|YQBA_BACSU		510
added	sp|P45918|YQBB_BACSU		305
added	sp|P45919|YQBC_BACSU		217
added	sp|P45920|YQBD_BACSU		322
added	sp|P45921|YQBE_BACSU		311
added	sp|P45922|YQBF_BACSU		103
added	sp|P45923|YQBG_BACSU		131
added	sp|P45924|YQBH_BACSU		120
added	sp|P45925|YQBI_BACSU		167
added	sp|P45926|YQBJ_BACSU		145
added	sp|P45927|YQBK_BACSU		466
added	sp|P45929|YQBM_BACSU		147
added	sp|P45930|YQBN_BACSU		149
added	sp|P45931|YQBO_BACSU		1585
added	sp|P45932|YQBP_BACSU		219
added	sp|P45933|YQBR_BACSU		87
added	sp|P45934|YQBS_BACSU		141
added	sp|P45935|YQBT_BACSU		348
added	sp|P45936|YQCA_BACSU		192
added	sp|P45937|YQCB_BACSU		90
added	sp|P45938|YQCC_BACSU		366
added	sp|P45939|YQCD_BACSU		111
added	sp|P45940|YQCE_BACSU		54
added	sp|P45941|YQCF_BACSU		192
added	sp|P45942|YQCG_BACSU		531
added	sp|P45943|RAPE_BACSU		375
added	sp|P45944|YQCI_BACSU		254
added	sp|P45945|ARSI_BACSU		146
added	sp|P45946|ARSB_BACSU		346
added	sp|P45947|ARSC_BACSU		139
added	sp|P45948|YQAQ_BACSU		151
added	sp|P45949|ARSR_BACSU		105
added	sp|P45950|YQBQ_BACSU		326
added	sp|P46208|HTPG_BACSU		626
added	sp|P46317|PTJC_BACSU		452
added	sp|P46318|PTJB_BACSU		102
added	sp|P46319|PTJA_BACSU		110
added	sp|P46320|LICH_BACSU		442
added	sp|P46321|LICR_BACSU		641
added	sp|P46322|PGSA_BACSU		193
added	sp|P46323|CINA_BACSU		416
added	sp|P46324|YVRN_BACSU		409
added	sp|P46325|YXBA_BACSU		89
added	sp|P46326|YXBB_BACSU		244
added	sp|P46327|YXBC_BACSU		330
added	sp|P46328|YXBD_BACSU		159
added	sp|P46329|ALDH3_BACSU		445
added	sp|P46330|YXBF_BACSU		380
added	sp|P46331|YXBG_BACSU		273
added	sp|P46332|YXCA_BACSU		83
added	sp|P46333|CSBC_BACSU		461
added	sp|P46334|YXCD_BACSU		102
added	sp|P46335|YXCE_BACSU		216
added	sp|P46336|IOLS_BACSU		310
added	sp|P46337|IOLR_BACSU		251
added	sp|P46338|PSTS_BACSU		300
added	sp|P46339|YQGH_BACSU		309
added	sp|P46340|YQGI_BACSU		294
added	sp|P46341|PSTB2_BACSU		269
added	sp|P46342|PSTB1_BACSU		260
added	sp|P46343|PHOL_BACSU		319
added	sp|P46344|PGPH_BACSU		711
added	sp|P46347|YBEY_BACSU		157
added	sp|P46348|MNES_BACSU		290
added	sp|P46349|GABP_BACSU		469
added	sp|P46350|RXL7_BACSU		82
added	sp|P46352|XERD_BACSU		296
added	sp|P46353|DEOB_BACSU		394
added	sp|P46354|PUNA_BACSU		271
added	sp|P46898|RL6_BACSU		179
added	sp|P46899|RL18_BACSU		120
added	sp|P46903|NATA_BACSU		246
added	sp|P46904|NATB_BACSU		386
added	sp|P46905|YCCK_BACSU		310
added	sp|P46906|SYR_BACSU		556
added	sp|P46907|NARK_BACSU		395
added	sp|P46908|FNR_BACSU		238
added	sp|P46909|YWIC_BACSU		239
added	sp|P46910|ARFM_BACSU		158
added	sp|P46911|QCRA_BACSU		167
added	sp|P46912|QCRB_BACSU		224
added	sp|P46913|QCRC_BACSU		255
added	sp|P46914|COTS_BACSU		351
added	sp|P46915|COTSA_BACSU		377
added	sp|P46916|YTXO_BACSU		143
added	sp|P46917|GGAA_BACSU		446
added	sp|P46918|GGAB_BACSU		900
added	sp|P46919|GPDA_BACSU		345
added	sp|P46920|OPUAA_BACSU		418
added	sp|P46921|OPUAB_BACSU		282
added	sp|P46922|OPUAC_BACSU		293
added	sp|P49778|EFP_BACSU		185
added	sp|P49779|YQHV_BACSU		93
added	sp|P49780|SP3AC_BACSU		68
added	sp|P49781|SP3AD_BACSU		133
added	sp|P49782|SP3AE_BACSU		399
added	sp|P49783|SP3AF_BACSU		206
added	sp|P49784|SP3AG_BACSU		229
added	sp|P49785|SP3AH_BACSU		218
added	sp|P49786|BCCP_BACSU		159
added	sp|P49787|ACCC1_BACSU		450
added	sp|P49814|MDH_BACSU		312
added	sp|P49849|MUTS_BACSU		858
added	sp|P49850|MUTL_BACSU		627
added	sp|P49851|YKHA_BACSU		172
added	sp|P49852|HMP_BACSU		399
added	sp|P49853|YKJA_BACSU		243
added	sp|P49854|YKKA_BACSU		175
added	sp|P49855|YKKB_BACSU		172
added	sp|P49856|GDNC_BACSU		112
added	sp|P49857|GDND_BACSU		105
added	sp|P49936|FHUB_BACSU		384
added	sp|P49937|FHUG_BACSU		336
added	sp|P49938|FHUC_BACSU		269
added	sp|P49939|GERKA_BACSU		544
added	sp|P49940|GERKB_BACSU		373
added	sp|P49941|GERKC_BACSU		407
added	sp|P50618|NRDI_BACSU		130
added	sp|P50619|YMAB_BACSU		206
added	sp|P50620|RIR1_BACSU		700
added	sp|P50621|RIR2_BACSU		329
added	sp|P50726|FMNP_BACSU		190
added	sp|P50727|FER_BACSU		82
added	sp|P50728|YPBB_BACSU		352
added	sp|P50729|RECS_BACSU		496
added	sp|P50730|YPBD_BACSU		189
added	sp|P50731|YPBE_BACSU		240
added	sp|P50732|YPBF_BACSU		147
added	sp|P50733|YPBG_BACSU		259
added	sp|P50734|MECA2_BACSU		194
added	sp|P50735|GUDB_BACSU		427
added	sp|P50736|BDR_BACSU		324
added	sp|P50738|PRSW_BACSU		218
added	sp|P50739|SLEB_BACSU		305
added	sp|P50740|IDI2_BACSU		349
added	sp|P50741|YPHA_BACSU		199
added	sp|P50742|YPHB_BACSU		297
added	sp|P50743|DER_BACSU		436
added	sp|P50744|YPHE_BACSU		67
added	sp|P50829|PTSA_BACSU		168
added	sp|P50830|YPRA_BACSU		749
added	sp|P50831|YPVA_BACSU		641
added	sp|P50832|YPPD_BACSU		81
added	sp|P50833|YPPE_BACSU		123
added	sp|P50834|YPPF_BACSU		62
added	sp|P50835|YPPG_BACSU		125
added	sp|P50836|YPQA_BACSU		139
added	sp|P50837|YPRB_BACSU		413
added	sp|P50838|YPSA_BACSU		180
added	sp|P50840|YPSC_BACSU		385
added	sp|P50841|YPTA_BACSU		63
added	sp|P50842|KDUD_BACSU		254
added	sp|P50843|KDUI_BACSU		275
added	sp|P50844|KDGR_BACSU		339
added	sp|P50845|KDGK_BACSU		324
added	sp|P50846|ALKD_BACSU		196
added	sp|P50847|KDGT_BACSU		330
added	sp|P50848|CBP1_BACSU		501
added	sp|P50849|PNP_BACSU		705
added	sp|P50850|SWSB_BACSU		319
added	sp|P50862|YBAK_BACSU		147
added	sp|P50863|APBC_BACSU		352
added	sp|P50864|CWLD_BACSU		237
added	sp|P50865|PDAB_BACSU		254
added	sp|P50866|CLPX_BACSU		420
added	sp|P51777|CSPD_BACSU		66
added	sp|P51785|ILVD_BACSU		558
added	sp|P51831|FABG_BACSU		246
added	sp|P51833|RNC_BACSU		249
added	sp|P51834|SMC_BACSU		1186
added	sp|P51835|FTSY_BACSU		329
added	sp|P52035|BSAA_BACSU		160
added	sp|P52996|PANB_BACSU		277
added	sp|P52998|PANC_BACSU		286
added	sp|P52999|PAND_BACSU		127
added	sp|P53001|AAT1_BACSU		393
added	sp|P53554|BIOI_BACSU		395
added	sp|P53555|BIOK_BACSU		448
added	sp|P53556|BIOF2_BACSU		389
added	sp|P53557|BIOB_BACSU		335
added	sp|P53558|BIOD_BACSU		231
added	sp|P53559|BIOW_BACSU		259
added	sp|P53560|YTBQ_BACSU		253
added	sp|P53561|YTCP_BACSU		286
added	sp|P54154|MSRA_BACSU		177
added	sp|P54155|MSRB_BACSU		143
added	sp|P54156|YPLP_BACSU		331
added	sp|P54157|BCSA_BACSU		365
added	sp|P54158|YPBQ_BACSU		168
added	sp|P54159|DYNA_BACSU		1193
added	sp|P54160|YPBS_BACSU		85
added	sp|P54161|EX53_BACSU		296
added	sp|P54162|RNHL_BACSU		132
added	sp|P54163|QPTR_BACSU		229
added	sp|P54164|YPEP_BACSU		226
added	sp|P54165|YPEQ_BACSU		60
added	sp|P54166|UGTP_BACSU		382
added	sp|P54167|METAA_BACSU		301
added	sp|P54168|YPGQ_BACSU		205
added	sp|P54169|YPGR_BACSU		377
added	sp|P54170|BRXA_BACSU		144
added	sp|P54171|YPIP_BACSU		257
added	sp|P54172|YPJP_BACSU		203
added	sp|P54173|YPJQ_BACSU		177
added	sp|P54174|YPKP_BACSU		206
added	sp|P54175|HLY3_BACSU		213
added	sp|P54177|YPMP_BACSU		83
added	sp|P54178|SCO1_BACSU		193
added	sp|P54179|YPMS_BACSU		187
added	sp|P54180|YPMT_BACSU		64
added	sp|P54181|YPNP_BACSU		445
added	sp|P54182|YPOP_BACSU		141
added	sp|P54304|HEMW_BACSU		379
added	sp|P54325|XKDE_BACSU		495
added	sp|P54326|XKDF_BACSU		275
added	sp|P54327|XKDG_BACSU		311
added	sp|P54328|XKDH_BACSU		118
added	sp|P54329|XKDI_BACSU		161
added	sp|P54330|XKDJ_BACSU		146
added	sp|P54331|XKDK_BACSU		466
added	sp|P54332|XKDM_BACSU		147
added	sp|P54333|XKDN_BACSU		148
added	sp|P54334|XKDO_BACSU		1332
added	sp|P54335|XKDP_BACSU		219
added	sp|P54336|XKDQ_BACSU		325
added	sp|P54337|XKDR_BACSU		88
added	sp|P54338|XKDS_BACSU		141
added	sp|P54339|XKDT_BACSU		348
added	sp|P54340|XKDU_BACSU		192
added	sp|P54341|XKDV_BACSU		687
added	sp|P54342|XKDW_BACSU		109
added	sp|P54343|XKDX_BACSU		54
added	sp|P54344|XTRA_BACSU		68
added	sp|P54372|YQDA_BACSU		46
added	sp|P54373|TXPA_BACSU		59
added	sp|P54374|AROE_BACSU		280
added	sp|P54375|SODM_BACSU		202
added	sp|P54376|GCSPA_BACSU		448
added	sp|P54377|GCSPB_BACSU		488
added	sp|P54378|GCST_BACSU		362
added	sp|P54379|CSGA_BACSU		82
added	sp|P54380|SYGA_BACSU		295
added	sp|P54381|SYGB_BACSU		679
added	sp|P54382|FOLD_BACSU		283
added	sp|P54383|ISPA_BACSU		296
added	sp|P54389|YPIA_BACSU		423
added	sp|P54390|REOY_BACSU		179
added	sp|P54391|YPIF_BACSU		148
added	sp|P54392|YPJA_BACSU		185
added	sp|P54393|YPJB_BACSU		264
added	sp|P54394|DING_BACSU		931
added	sp|P54395|YPMA_BACSU		56
added	sp|P54396|TSEB_BACSU		161
added	sp|P54417|OPUD_BACSU		512
added	sp|P54418|PCKA_BACSU		527
added	sp|P54419|METK_BACSU		400
added	sp|P54420|ASNB_BACSU		632
added	sp|P54421|LYTE_BACSU		334
added	sp|P54422|GGT_BACSU		587
added	sp|P54423|WPRA_BACSU		894
added	sp|P54425|YBXG_BACSU		462
added	sp|P54426|YBXH_BACSU		63
added	sp|P54427|YBXI_BACSU		267
added	sp|P54428|YRKA_BACSU		434
added	sp|P54429|YRKB_BACSU		48
added	sp|P54430|YRKC_BACSU		186
added	sp|P54431|YRKD_BACSU		63
added	sp|P54432|YRKE_BACSU		160
added	sp|P54433|YRKF_BACSU		185
added	sp|P54435|YRKH_BACSU		377
added	sp|P54436|YRKI_BACSU		75
added	sp|P54437|YRKJ_BACSU		261
added	sp|P54438|YRKK_BACSU		158
added	sp|P54439|YRKL_BACSU		174
added	sp|P54441|YRKN_BACSU		185
added	sp|P54442|YRKO_BACSU		405
added	sp|P54443|YRKP_BACSU		231
added	sp|P54444|YRKQ_BACSU		432
added	sp|P54445|PSIE_BACSU		138
added	sp|P54446|YRKS_BACSU		54
added	sp|P54447|YQEB_BACSU		240
added	sp|P54448|YQEC_BACSU		297
added	sp|P54449|YQED_BACSU		208
added	sp|P54450|CWLH_BACSU		250
added	sp|P54451|YQEF_BACSU		243
added	sp|P54452|PGPP_BACSU		172
added	sp|P54453|YQEH_BACSU		366
added	sp|P54454|YQEI_BACSU		96
added	sp|P54455|NADD_BACSU		189
added	sp|P54456|AP4AH_BACSU		186
added	sp|P54457|IOJAP_BACSU		118
added	sp|P54458|YQEM_BACSU		247
added	sp|P54459|HOLA_BACSU		347
added	sp|P54460|PRMA_BACSU		311
added	sp|P54461|RSME_BACSU		256
added	sp|P54462|MTAB_BACSU		451
added	sp|P54463|YQEW_BACSU		307
added	sp|P54464|YQEY_BACSU		148
added	sp|P54465|NFED1_BACSU		437
added	sp|P54466|FLOA_BACSU		331
added	sp|P54467|YQFB_BACSU		139
added	sp|P54468|YQFC_BACSU		93
added	sp|P54469|YQFD_BACSU		398
added	sp|P54470|PDRP_BACSU		270
added	sp|P54471|TRMK_BACSU		238
added	sp|P54472|GCH1L_BACSU		373
added	sp|P54473|ISPH_BACSU		314
added	sp|P54474|YQFQ_BACSU		247
added	sp|P54475|CSHB_BACSU		438
added	sp|P54476|END4_BACSU		297
added	sp|P54477|YQFT_BACSU		84
added	sp|P54478|YQFU_BACSU		293
added	sp|P54479|ZUR_BACSU		145
added	sp|P54480|YQFW_BACSU		193
added	sp|P54481|YQFX_BACSU		129
added	sp|P54482|ISPG_BACSU		377
added	sp|P54483|YQFZ_BACSU		99
added	sp|P54484|YQGA_BACSU		142
added	sp|P54485|YQGB_BACSU		255
added	sp|P54486|YQGC_BACSU		160
added	sp|P54487|YQGE_BACSU		430
added	sp|P54488|PBP2A_BACSU		716
added	sp|P54489|YQGL_BACSU		156
added	sp|P54490|YQGM_BACSU		359
added	sp|P54491|YQGN_BACSU		187
added	sp|P54492|YQGO_BACSU		57
added	sp|P54493|GLUP_BACSU		507
added	sp|P54494|YQGQ_BACSU		71
added	sp|P54495|GLK_BACSU		321
added	sp|P54496|YQGS_BACSU		638
added	sp|P54497|YQGT_BACSU		376
added	sp|P54498|YQGU_BACSU		353
added	sp|P54499|YQGV_BACSU		104
added	sp|P54500|YQGW_BACSU		57
added	sp|P54501|YQGX_BACSU		211
added	sp|P54502|YQGY_BACSU		81
added	sp|P54503|MGSR_BACSU		126
added	sp|P54504|RSBRD_BACSU		278
added	sp|P54505|YQHB_BACSU		442
added	sp|P54506|LEPW_BACSU		190
added	sp|P54507|TASA_BACSU		261
added	sp|P54508|YQHG_BACSU		264
added	sp|P54509|YQHH_BACSU		557
added	sp|P54510|YQHL_BACSU		126
added	sp|P54511|LIPM_BACSU		278
added	sp|P54512|MNTR_BACSU		142
added	sp|P54513|YQHO_BACSU		291
added	sp|P54514|YQHP_BACSU		131
added	sp|P54515|YQHQ_BACSU		318
added	sp|P54516|YQHR_BACSU		178
added	sp|P54517|AROQ_BACSU		148
added	sp|P54518|YQHT_BACSU		353
added	sp|P54519|YQHY_BACSU		135
added	sp|P54520|NUSB_BACSU		131
added	sp|P54521|EX7L_BACSU		448
added	sp|P54522|EX7S_BACSU		84
added	sp|P54523|DXS_BACSU		633
added	sp|P54524|YQIG_BACSU		372
added	sp|P54525|YQII_BACSU		206
added	sp|P54527|YQIK_BACSU		243
added	sp|P54528|MMGF_BACSU		301
added	sp|P54529|YQIR_BACSU		692
added	sp|P54530|PTB_BACSU		299
added	sp|P54531|DHLE_BACSU		364
added	sp|P54532|BUK_BACSU		363
added	sp|P54533|DLDH2_BACSU		474
added	sp|P54534|BRXB_BACSU		145
added	sp|P54535|ARTP_BACSU		255
added	sp|P54536|ARTQ_BACSU		219
added	sp|P54537|ARTM_BACSU		240
added	sp|P54538|YQJA_BACSU		322
added	sp|P54539|YQJB_BACSU		176
added	sp|P54540|YQJC_BACSU		140
added	sp|P54541|PCCB_BACSU		507
added	sp|P54542|YQJE_BACSU		371
added	sp|P54543|YQJF_BACSU		242
added	sp|P54544|MISCB_BACSU		275
added	sp|P54545|DPO41_BACSU		414
added	sp|P54547|G6PD_BACSU		489
added	sp|P54548|RNZ_BACSU		307
added	sp|P54549|YQJL_BACSU		253
added	sp|P54550|NAMA_BACSU		338
added	sp|P54551|YQJN_BACSU		547
added	sp|P54552|P5CR2_BACSU		278
added	sp|P54553|YQJP_BACSU		319
added	sp|P54554|YQJQ_BACSU		259
added	sp|P54555|SDHD_BACSU		448
added	sp|P54556|COAA_BACSU		319
added	sp|P54557|YQJT_BACSU		128
added	sp|P54558|YQJU_BACSU		52
added	sp|P54559|YQJV_BACSU		410
added	sp|P54560|DPO42_BACSU		412
added	sp|P54561|YQJX_BACSU		112
added	sp|P54562|YQJY_BACSU		156
added	sp|P54563|YQJZ_BACSU		114
added	sp|P54564|YQKA_BACSU		343
added	sp|P54565|YQKB_BACSU		107
added	sp|P54566|YQKC_BACSU		79
added	sp|P54567|YQKD_BACSU		305
added	sp|P54568|YQKE_BACSU		74
added	sp|P54569|YQKF_BACSU		306
added	sp|P54570|ADPP_BACSU		185
added	sp|P54571|MLEN_BACSU		468
added	sp|P54572|MAO1_BACSU		439
added	sp|P54573|YQKK_BACSU		71
added	sp|P54574|FUR_BACSU		149
added	sp|P54575|RIBC_BACSU		316
added	sp|P54576|MCPC_BACSU		655
added	sp|P54585|YHCA_BACSU		532
added	sp|P54586|YHCB_BACSU		176
added	sp|P54587|YHCC_BACSU		124
added	sp|P54588|YHCD_BACSU		51
added	sp|P54589|YHCE_BACSU		253
added	sp|P54590|YHCF_BACSU		121
added	sp|P54591|YHCG_BACSU		232
added	sp|P54592|YHCH_BACSU		305
added	sp|P54593|YHCI_BACSU		313
added	sp|P54594|YHCJ_BACSU		276
added	sp|P54595|DGCK_BACSU		359
added	sp|P54596|TCYP_BACSU		463
added	sp|P54597|YHCM_BACSU		151
added	sp|P54598|YHCN_BACSU		189
added	sp|P54599|YHCO_BACSU		322
added	sp|P54601|YHCQ_BACSU		217
added	sp|P54602|YHCR_BACSU		1217
added	sp|P54603|SRTD_BACSU		198
added	sp|P54604|YHCT_BACSU		302
added	sp|P54605|YHCU_BACSU		131
added	sp|P54606|YHCV_BACSU		140
added	sp|P54607|YHCW_BACSU		220
added	sp|P54608|YHCX_BACSU		513
added	sp|P54616|FABI_BACSU		258
added	sp|P54617|PSPA_BACSU		227
added	sp|P54715|PTOCB_BACSU		527
added	sp|P54716|GLVA_BACSU		449
added	sp|P54717|GLVR_BACSU		254
added	sp|P54718|YFIB_BACSU		573
added	sp|P54719|YFIC_BACSU		604
added	sp|P54720|CATD_BACSU		134
added	sp|P54721|CADE_BACSU		285
added	sp|P54722|YFIF_BACSU		314
added	sp|P54723|YFIG_BACSU		482
added	sp|P54724|YFIH_BACSU		313
added	sp|P54940|YXEA_BACSU		115
added	sp|P54941|YXEB_BACSU		321
added	sp|P54942|YXEC_BACSU		132
added	sp|P54943|YXED_BACSU		117
added	sp|P54944|COTNE_BACSU		121
added	sp|P54945|YXEF_BACSU		144
added	sp|P54946|YXEG_BACSU		185
added	sp|P54947|YXEH_BACSU		270
added	sp|P54948|PAC_BACSU		328
added	sp|P54949|YXEJ_BACSU		75
added	sp|P54950|SCMK_BACSU		441
added	sp|P54951|SCML_BACSU		165
added	sp|P54952|YXEM_BACSU		264
added	sp|P54953|YXEN_BACSU		224
added	sp|P54954|YXEO_BACSU		249
added	sp|P54955|SCMP_BACSU		380
added	sp|P54956|YXEQ_BACSU		445
added	sp|P54957|YXER_BACSU		370
added	sp|P54983|AMHX_BACSU		383
added	sp|P55069|CITM_BACSU		433
added	sp|P55179|PEPT_BACSU		410
added	sp|P55180|GALE_BACSU		339
added	sp|P55181|YXJO_BACSU		291
added	sp|P55182|YXJN_BACSU		157
added	sp|P55183|YXJM_BACSU		406
added	sp|P55184|YXJL_BACSU		218
added	sp|P55185|YXKA_BACSU		168
added	sp|P55189|YBAR_BACSU		478
added	sp|P55190|YBAS_BACSU		306
added	sp|P55192|YBBA_BACSU		250
added	sp|P55339|ECSA_BACSU		247
added	sp|P55340|ECSB_BACSU		408
added	sp|P55341|ECSC_BACSU		236
added	sp|P55342|BSHC_BACSU		539
added	sp|P55343|MRAZ_BACSU		143
added	sp|P55872|IF3_BACSU		173
added	sp|P55873|RL20_BACSU		119
added	sp|P55874|RL35_BACSU		66
added	sp|P55908|YCGA_BACSU		477
added	sp|P55909|YCGB_BACSU		193
added	sp|P55910|LCTP_BACSU		541
added	sp|P56849|RL331_BACSU		49
added	sp|P60495|PXPB_BACSU		240
added	sp|P68522|53DR_BACSU		172
added	sp|P68524|NRDIB_BACSU		129
added	sp|P68569|BDBA_BACSU		137
added	sp|P68571|BDBB_BACSU		148
added	sp|P68573|DBH2_BACSU		92
added	sp|P68575|SCP1_BACSU		104
added	sp|P68577|SUNA_BACSU		56
added	sp|P68579|SUNT_BACSU		705
added	sp|P68581|YOPN_BACSU		105
added	sp|P68583|YOSX_BACSU		117
added	sp|P68585|MTBP_BACSU		443
added	sp|P68729|ARGB_BACSU		258
added	sp|P68731|DEGR_BACSU		60
added	sp|P68736|NPRE_BACSU		521
added	sp|P70945|YITS_BACSU		283
added	sp|P70947|YITU_BACSU		270
added	sp|P70948|YITV_BACSU		255
added	sp|P70949|SUFT_BACSU		102
added	sp|P70952|YITZ_BACSU		164
added	sp|P70954|NATK_BACSU		318
added	sp|P70955|NATR_BACSU		233
added	sp|P70958|YWMA_BACSU		157
added	sp|P70960|YWMC_BACSU		227
added	sp|P70961|YWMD_BACSU		224
added	sp|P70962|RAPB_BACSU		377
added	sp|P70963|YWMF_BACSU		159
added	sp|P70964|CSBD_BACSU		62
added	sp|P70965|MURA1_BACSU		436
added	sp|P70966|YWME_BACSU		53
added	sp|P70970|ECFA2_BACSU		276
added	sp|P70972|ECFT_BACSU		265
added	sp|P70973|TRUA_BACSU		247
added	sp|P70974|RL13_BACSU		145
added	sp|P70976|YBAJ_BACSU		255
added	sp|P70981|YBAC_BACSU		318
added	sp|P70993|YWHA_BACSU		139
added	sp|P70994|4OT_BACSU		62
added	sp|P70995|YWHC_BACSU		219
added	sp|P70996|YWHD_BACSU		172
added	sp|P70997|PBPG_BACSU		691
added	sp|P70998|SPEE_BACSU		276
added	sp|P70999|SPEB_BACSU		290
added	sp|P71000|YWHH_BACSU		157
added	sp|P71001|PHRF_BACSU		39
added	sp|P71002|RAPF_BACSU		381
added	sp|P71003|YWHK_BACSU		451
added	sp|P71004|YWHL_BACSU		458
added	sp|P71005|ALBG_BACSU		233
added	sp|P71006|ALBF_BACSU		426
added	sp|P71007|ALBE_BACSU		386
added	sp|P71008|ALBD_BACSU		436
added	sp|P71009|ALBC_BACSU		239
added	sp|P71010|ALBB_BACSU		53
added	sp|P71011|ALBA_BACSU		448
added	sp|P71012|PTF3A_BACSU		635
added	sp|P71013|LEPT_BACSU		193
added	sp|P71014|BSLA_BACSU		181
added	sp|P71015|GBSR_BACSU		180
added	sp|P71016|GBSA_BACSU		490
added	sp|P71017|GBSB_BACSU		402
added	sp|P71018|PLSX_BACSU		333
added	sp|P71019|FABD_BACSU		317
added	sp|P71020|RQCP2_BACSU		257
added	sp|P71021|DIV4A_BACSU		164
added	sp|P71025|CZCR_BACSU		288
added	sp|P71031|SSPO_BACSU		48
added	sp|P71032|SSPP_BACSU		48
added	sp|P71035|URE2_BACSU		124
added	sp|P71036|YWNA_BACSU		133
added	sp|P71037|YWNB_BACSU		213
added	sp|P71038|YWNC_BACSU		127
added	sp|P71039|MTA_BACSU		257
added	sp|P71040|CLSA_BACSU		482
added	sp|P71041|YWNF_BACSU		144
added	sp|P71042|YWNG_BACSU		172
added	sp|P71043|YWNH_BACSU		163
added	sp|P71044|SP2Q_BACSU		283
added	sp|P71045|YWNJ_BACSU		140
added	sp|P71046|YWGA_BACSU		166
added	sp|P71047|YWGB_BACSU		156
added	sp|P71049|SLRR_BACSU		152
added	sp|P71050|YVEK_BACSU		234
added	sp|P71051|YVEL_BACSU		227
added	sp|P71052|EPSC_BACSU		598
added	sp|P71053|EPSD_BACSU		381
added	sp|P71054|EPSE_BACSU		278
added	sp|P71055|EPSF_BACSU		384
added	sp|P71056|EPSG_BACSU		367
added	sp|P71057|EPSH_BACSU		344
added	sp|P71058|EPSI_BACSU		358
added	sp|P71059|EPSJ_BACSU		344
added	sp|P71060|EPSK_BACSU		505
added	sp|P71062|EPSL_BACSU		202
added	sp|P71063|EPSM_BACSU		216
added	sp|P71065|EPSO_BACSU		322
added	sp|P71066|YVFG_BACSU		72
added	sp|P71067|LUTP_BACSU		563
added	sp|P71070|YUKC_BACSU		451
added	sp|P71071|YUKD_BACSU		79
added	sp|P71073|ADER_BACSU		422
added	sp|P71079|FABL_BACSU		250
added	sp|P71080|YGAB_BACSU		114
added	sp|P71082|YGAD_BACSU		580
added	sp|P71083|YGAE_BACSU		353
added	sp|P71084|GSAB_BACSU		429
added	sp|P71086|PERR_BACSU		145
added	sp|P71088|SP0M_BACSU		258
added	sp|P71089|YGAJ_BACSU		230
added	sp|P75030|URE3_BACSU		105
added	sp|P77837|URE1_BACSU		569
added	sp|P80238|GS26_BACSU		140
added	sp|P80239|AHPC_BACSU		187
added	sp|P80240|GREA_BACSU		157
added	sp|P80241|G17M_BACSU		115
added	sp|P80242|OHRB_BACSU		136
added	sp|P80244|CLPP_BACSU		197
added	sp|P80355|COMS_BACSU		46
added	sp|P80643|ACP_BACSU		77
added	sp|P80698|TIG_BACSU		424
added	sp|P80700|EFTS_BACSU		293
added	sp|P80858|LEUC_BACSU		472
added	sp|P80859|6PGD_BACSU		469
added	sp|P80860|G6PI_BACSU		450
added	sp|P80861|YJLD_BACSU		392
added	sp|P80862|SERC_BACSU		359
added	sp|P80864|TPX_BACSU		167
added	sp|P80865|SUCD_BACSU		300
added	sp|P80866|SUFC_BACSU		261
added	sp|P80868|EFG_BACSU		692
added	sp|P80869|DHG2_BACSU		258
added	sp|P80870|GS13_BACSU		130
added	sp|P80871|GS14_BACSU		175
added	sp|P80872|G16O_BACSU		163
added	sp|P80873|GS39_BACSU		286
added	sp|P80874|GS69_BACSU		331
added	sp|P80875|G16U_BACSU		193
added	sp|P80876|GS18_BACSU		172
added	sp|P80877|METE_BACSU		762
added	sp|P80878|MCAT_BACSU		273
added	sp|P80879|G20U_BACSU		145
added	sp|P80880|TRXB_BACSU		316
added	sp|P80885|KPYK_BACSU		585
added	sp|P80886|SUCC_BACSU		385
added	sp|P81100|SCP2_BACSU		199
added	sp|P81101|RRF_BACSU		185
added	sp|P81102|YODC_BACSU		202
added	sp|P94352|YXJI_BACSU		162
added	sp|P94353|YXJJ_BACSU		87
added	sp|P94356|YXKC_BACSU		180
added	sp|P94357|YXKD_BACSU		278
added	sp|P94358|ALDY_BACSU		485
added	sp|P94359|YXKF_BACSU		297
added	sp|P94360|MSMX_BACSU		365
added	sp|P94361|YXKH_BACSU		279
added	sp|P94362|YXKI_BACSU		562
added	sp|P94363|CIMH_BACSU		450
added	sp|P94364|CYDA_BACSU		468
added	sp|P94365|CYDB_BACSU		338
added	sp|P94366|CYDC_BACSU		567
added	sp|P94367|CYDD_BACSU		575
added	sp|P94368|NNRD_BACSU		276
added	sp|P94369|YXLA_BACSU		457
added	sp|P94370|SIGY_BACSU		178
added	sp|P94371|YXLC_BACSU		106
added	sp|P94372|YXLD_BACSU		68
added	sp|P94373|YXLE_BACSU		62
added	sp|P94374|YXLF_BACSU		295
added	sp|P94375|YXLG_BACSU		258
added	sp|P94376|YXLH_BACSU		400
added	sp|P94377|CATX_BACSU		547
added	sp|P94378|3MGH_BACSU		196
added	sp|P94381|YCGF_BACSU		209
added	sp|P94382|YCGG_BACSU		253
added	sp|P94383|YCGH_BACSU		446
added	sp|P94387|YCGK_BACSU		324
added	sp|P94388|CAH_BACSU		318
added	sp|P94389|YCGL_BACSU		260
added	sp|P94390|PROD2_BACSU		303
added	sp|P94391|ROCA2_BACSU		515
added	sp|P94392|PUTP_BACSU		473
added	sp|P94393|PUTR_BACSU		411
added	sp|P94394|YCGQ_BACSU		285
added	sp|P94395|YCGR_BACSU		294
added	sp|P94396|YCGS_BACSU		284
added	sp|P94398|GCH4_BACSU		304
added	sp|P94400|YCIC_BACSU		397
added	sp|P94403|BSDA_BACSU		290
added	sp|P94404|PADL_BACSU		204
added	sp|P94405|YCLC_BACSU		473
added	sp|P94407|YCLE_BACSU		281
added	sp|P94408|YCLF_BACSU		492
added	sp|P94409|YCLG_BACSU		584
added	sp|P94411|YCLH_BACSU		226
added	sp|P94412|YCLI_BACSU		486
added	sp|P94413|YCLJ_BACSU		227
added	sp|P94414|YCLK_BACSU		473
added	sp|P94415|RAPC_BACSU		382
added	sp|P94416|PHRC_BACSU		40
added	sp|P94417|AK3_BACSU		454
added	sp|P94418|YCLN_BACSU		316
added	sp|P94419|YCLO_BACSU		315
added	sp|P94420|YCLP_BACSU		252
added	sp|P94421|YCLQ_BACSU		317
added	sp|P94422|YCNB_BACSU		472
added	sp|P94423|YCNC_BACSU		292
added	sp|P94424|NFRA2_BACSU		249
added	sp|P94425|YCNE_BACSU		95
added	sp|P94426|GABR_BACSU		479
added	sp|P94427|GABT_BACSU		436
added	sp|P94428|GABD_BACSU		462
added	sp|P94431|CUTI_BACSU		204
added	sp|P94433|CUTR_BACSU		190
added	sp|P94434|YCNL_BACSU		117
added	sp|P94437|YFII_BACSU		393
added	sp|P94438|LNRJ_BACSU		400
added	sp|P94439|LNRK_BACSU		220
added	sp|P94440|LNRL_BACSU		311
added	sp|P94441|LNRM_BACSU		396
added	sp|P94442|LNRN_BACSU		385
added	sp|P94443|PADR_BACSU		182
added	sp|P94446|COXA_BACSU		198
added	sp|P94447|YRBC_BACSU		240
added	sp|P94459|PPSD_BACSU		3603
added	sp|P94461|PRIA_BACSU		805
added	sp|P94462|DEF1_BACSU		160
added	sp|P94463|FMT_BACSU		317
added	sp|P94464|RSMB_BACSU		447
added	sp|P94465|RIBR_BACSU		230
added	sp|P94474|YEAC_BACSU		320
added	sp|P94475|YEAD_BACSU		398
added	sp|P94476|YEBA_BACSU		737
added	sp|P94478|HFLX_BACSU		420
added	sp|P94479|YNBB_BACSU		421
added	sp|P94480|YNAB_BACSU		144
added	sp|P94481|YNAC_BACSU		263
added	sp|P94482|YNAD_BACSU		170
added	sp|P94483|YNAE_BACSU		213
added	sp|P94484|YNAF_BACSU		117
added	sp|P94485|YNAG_BACSU		91
added	sp|P94487|YNAI_BACSU		156
added	sp|P94488|YNAJ_BACSU		463
added	sp|P94489|XYNB_BACSU		533
added	sp|P94490|XYLR_BACSU		384
added	sp|P94492|YNCB_BACSU		211
added	sp|P94493|YNCC_BACSU		471
added	sp|P94494|ALR2_BACSU		394
added	sp|P94495|YNCE_BACSU		153
added	sp|P94496|CSE60_BACSU		60
added	sp|P94497|CSK22_BACSU		181
added	sp|P94498|CYSH1_BACSU		233
added	sp|P94499|BRNQ_BACSU		440
added	sp|P94500|YRDK_BACSU		105
added	sp|P94501|GLTR_BACSU		296
added	sp|P94502|YRDN_BACSU		129
added	sp|P94504|YVRH_BACSU		237
added	sp|P94507|UPPP_BACSU		276
added	sp|P94512|PSP_BACSU		260
added	sp|P94513|LYTS_BACSU		593
added	sp|P94514|LYTT_BACSU		241
added	sp|P94515|LRGA_BACSU		146
added	sp|P94516|LRGB_BACSU		231
added	sp|P94517|YSCB_BACSU		221
added	sp|P94519|YSDA_BACSU		89
added	sp|P94520|YSDB_BACSU		130
added	sp|P94521|YSDC_BACSU		361
added	sp|P94522|EABN1_BACSU		323
added	sp|P94523|ARAA_BACSU		496
added	sp|P94524|ARAB_BACSU		560
added	sp|P94525|ARAD_BACSU		229
added	sp|P94526|ARAL_BACSU		272
added	sp|P94527|G1PDH_BACSU		394
added	sp|P94528|ARAN_BACSU		433
added	sp|P94529|ARAP_BACSU		313
added	sp|P94530|ARAQ_BACSU		281
added	sp|P94531|IABF1_BACSU		500
added	sp|P94532|CSTA_BACSU		598
added	sp|P94533|YSFE_BACSU		80
added	sp|P94534|GLCF_BACSU		444
added	sp|P94535|GLCD_BACSU		470
added	sp|P94536|YSFB_BACSU		368
added	sp|P94537|SSPI_BACSU		71
added	sp|P94538|RLMP_BACSU		248
added	sp|P94541|RNH3_BACSU		313
added	sp|P94542|ZAPA_BACSU		85
added	sp|P94543|YSHB_BACSU		177
added	sp|P94544|POLX_BACSU		570
added	sp|P94545|MUTS2_BACSU		785
added	sp|P94546|YSHE_BACSU		134
added	sp|P94547|LCFA_BACSU		560
added	sp|P94548|FADR_BACSU		194
added	sp|P94549|FADB_BACSU		258
added	sp|P94550|ETFB_BACSU		257
added	sp|P94551|ETFA_BACSU		325
added	sp|P94552|IABF2_BACSU		495
added	sp|P94556|MURI1_BACSU		272
added	sp|P94558|IXTPA_BACSU		198
added	sp|P94559|YSNB_BACSU		169
added	sp|P94560|YSNF_BACSU		273
added	sp|P94562|YSNE_BACSU		151
added	sp|P94563|YSND_BACSU		111
added	sp|P94565|LEU1_BACSU		518
added	sp|P94568|LEUD_BACSU		199
added	sp|P94569|YSOA_BACSU		334
added	sp|P94571|BCRC_BACSU		193
added	sp|P94572|YWOB_BACSU		154
added	sp|P94573|YWOC_BACSU		189
added	sp|P94574|YWOD_BACSU		452
added	sp|P94575|ALLP_BACSU		490
added	sp|P94576|YWOF_BACSU		468
added	sp|P94577|YWOG_BACSU		396
added	sp|P94578|YWOH_BACSU		137
added	sp|P94583|RAPD_BACSU		354
added	sp|P94584|FABZ_BACSU		141
added	sp|P94585|MSCL_BACSU		130
added	sp|P94586|YWPD_BACSU		278
added	sp|P94587|YWPE_BACSU		102
added	sp|P94588|YWPF_BACSU		136
added	sp|P94589|YWPG_BACSU		127
added	sp|P94591|GLCR_BACSU		258
added	sp|P94592|YWPJ_BACSU		285
added	sp|P94593|YWQA_BACSU		922
added	sp|P96499|TAGV_BACSU		391
added	sp|P96501|FLGL_BACSU		298
added	sp|P96502|YVIE_BACSU		191
added	sp|P96503|FLIW_BACSU		143
added	sp|P96574|MTLR_BACSU		694
added	sp|P96575|YDAB_BACSU		503
added	sp|P96576|YDAC_BACSU		181
added	sp|P96578|DLYKI_BACSU		167
added	sp|P96579|YDAF_BACSU		183
added	sp|P96581|AMJ_BACSU		269
added	sp|P96582|LRPC_BACSU		144
added	sp|P96583|TOP3_BACSU		727
added	sp|P96585|YDAK_BACSU		283
added	sp|P96587|YDAM_BACSU		420
added	sp|P96589|KIMA_BACSU		607
added	sp|P96590|MUTT_BACSU		149
added	sp|P96591|YDAP_BACSU		574
added	sp|P96593|MNTH_BACSU		425
added	sp|P96594|YDAS_BACSU		85
added	sp|P96595|YDAT_BACSU		150
added	sp|P96596|YDBA_BACSU		272
added	sp|P96597|YDBB_BACSU		113
added	sp|P96598|YDBC_BACSU		119
added	sp|P96600|DCTB_BACSU		350
added	sp|P96601|DCTS_BACSU		535
added	sp|P96602|DCTR_BACSU		226
added	sp|P96603|DCTA_BACSU		421
added	sp|P96604|YDBI_BACSU		350
added	sp|P96605|YDBJ_BACSU		308
added	sp|P96606|YDBK_BACSU		246
added	sp|P96607|YDBL_BACSU		111
added	sp|P96608|YDBM_BACSU		381
added	sp|P96609|YDBN_BACSU		59
added	sp|P96610|YDBO_BACSU		290
added	sp|P96611|YDBP_BACSU		106
added	sp|P96612|DDL_BACSU		354
added	sp|P96613|MURF_BACSU		457
added	sp|P96614|CSHA_BACSU		494
added	sp|P96615|YDBS_BACSU		159
added	sp|P96616|YDBT_BACSU		493
added	sp|P96617|YDCA_BACSU		199
added	sp|P96618|ACPS_BACSU		121
added	sp|P96619|YDCC_BACSU		338
added	sp|P96621|ENDAI_BACSU		93
added	sp|P96622|ENDOA_BACSU		116
added	sp|P96623|YDCF_BACSU		97
added	sp|P96624|YDCG_BACSU		146
added	sp|P96625|YDCH_BACSU		147
added	sp|P96628|SPRTL_BACSU		150
added	sp|P96629|INT_BACSU		368
added	sp|P96630|IMMA_BACSU		169
added	sp|P96631|IMMR_BACSU		127
added	sp|P96632|YDCO_BACSU		86
added	sp|P96633|YDCP_BACSU		126
added	sp|P96634|YDCQ_BACSU		480
added	sp|P96635|NICK_BACSU		352
added	sp|P96636|YDCS_BACSU		89
added	sp|P96637|YDCT_BACSU		88
added	sp|P96638|YDDA_BACSU		102
added	sp|P96640|YDDC_BACSU		82
added	sp|P96641|YDDD_BACSU		174
added	sp|P96642|YDDE_BACSU		831
added	sp|P96643|YDDF_BACSU		108
added	sp|P96644|YDDG_BACSU		815
added	sp|P96645|CWLT_BACSU		329
added	sp|P96646|YDDI_BACSU		168
added	sp|P96647|YDDJ_BACSU		126
added	sp|P96648|YDDK_BACSU		266
added	sp|P96649|RAPI_BACSU		391
added	sp|P96650|YDDM_BACSU		313
added	sp|P96651|YDDN_BACSU		339
added	sp|P96652|LRPA_BACSU		136
added	sp|P96653|LRPB_BACSU		149
added	sp|P96654|YDDQ_BACSU		180
added	sp|P96655|YDDR_BACSU		254
added	sp|P96656|YDDS_BACSU		436
added	sp|P96657|YDDT_BACSU		228
added	sp|P96658|YDEA_BACSU		197
added	sp|P96659|YDEB_BACSU		153
added	sp|P96660|YDEC_BACSU		291
added	sp|P96661|YDED_BACSU		319
added	sp|P96662|YDEE_BACSU		290
added	sp|P96663|YDEF_BACSU		462
added	sp|P96664|YDEG_BACSU		430
added	sp|P96665|YDEH_BACSU		148
added	sp|P96666|YDEI_BACSU		197
added	sp|P96667|YDEJ_BACSU		219
added	sp|P96668|YDEK_BACSU		287
added	sp|P96669|YDEL_BACSU		463
added	sp|P96670|YDEM_BACSU		141
added	sp|P96671|YDEN_BACSU		190
added	sp|P96672|YDEO_BACSU		290
added	sp|P96673|YDEP_BACSU		128
added	sp|P96674|YDEQ_BACSU		197
added	sp|P96675|YDER_BACSU		395
added	sp|P96676|YDES_BACSU		198
added	sp|P96677|ASER_BACSU		111
added	sp|P96678|YDFA_BACSU		435
added	sp|P96679|YDFB_BACSU		261
added	sp|P96680|YDFC_BACSU		306
added	sp|P96681|YDFD_BACSU		482
added	sp|P96682|YDFE_BACSU		207
added	sp|P96683|YDFF_BACSU		226
added	sp|P96684|YDFG_BACSU		147
added	sp|P96685|YDFH_BACSU		407
added	sp|P96686|YDFI_BACSU		213
added	sp|P96687|YDFJ_BACSU		724
added	sp|P96688|NAP_BACSU		300
added	sp|P96689|YDFK_BACSU		229
added	sp|P96690|YDFL_BACSU		270
added	sp|P96692|MHQN_BACSU		206
added	sp|P96693|MHQO_BACSU		312
added	sp|P96694|MHQP_BACSU		129
added	sp|P96695|YDFQ_BACSU		112
added	sp|P96696|YDFR_BACSU		225
added	sp|P96697|YDFS_BACSU		235
added	sp|P96698|COTP_BACSU		143
added	sp|P96699|YDGA_BACSU		80
added	sp|P96700|YDGB_BACSU		90
added	sp|P96701|YDGC_BACSU		195
added	sp|P96702|YDGD_BACSU		114
added	sp|P96703|YDGE_BACSU		157
added	sp|P96704|YDGF_BACSU		458
added	sp|P96705|YDGG_BACSU		152
added	sp|P96706|YDGH_BACSU		885
added	sp|P96707|YDGI_BACSU		209
added	sp|P96708|YDGJ_BACSU		164
added	sp|P96709|YDGK_BACSU		402
added	sp|P96710|ARAE_BACSU		464
added	sp|P96711|ARAR_BACSU		362
added	sp|P96712|BMR3_BACSU		512
added	sp|P96714|YWQB_BACSU		536
added	sp|P96715|YWQC_BACSU		248
added	sp|P96716|YWQD_BACSU		237
added	sp|P96717|YWQE_BACSU		254
added	sp|P96718|YWQF_BACSU		440
added	sp|P96719|YWQG_BACSU		261
added	sp|P96720|YWQH_BACSU		140
added	sp|P96721|YWQI_BACSU		86
added	sp|P96722|YWQJ_BACSU		602
added	sp|P96723|YWQK_BACSU		154
added	sp|P96724|NFI_BACSU		238
added	sp|P96725|YWQM_BACSU		293
added	sp|P96726|YWQN_BACSU		181
added	sp|P96727|YWQO_BACSU		73
added	sp|P96728|YWSA_BACSU		98
added	sp|P96729|YWSB_BACSU		178
added	sp|P96736|CAPB_BACSU		393
added	sp|P96737|CAPC_BACSU		149
added	sp|P96738|CAPA_BACSU		380
added	sp|P96739|YWTC_BACSU		55
added	sp|P96740|PGDS_BACSU		413
added	sp|P96741|YWTE_BACSU		286
added	sp|P97027|SSUB_BACSU		255
added	sp|P97028|YGAN_BACSU		178
added	sp|P97029|YGAO_BACSU		157
added	sp|P97030|QUEG_BACSU		386
added	sp|P97032|YHBD_BACSU		238
added	sp|P97247|YSMB_BACSU		146
added	sp|Q00538|MMR_BACSU		466
added	sp|Q00758|SP5B_BACSU		518
added	sp|Q00777|P5CR3_BACSU		272
added	sp|Q00828|RAPA_BACSU		378
added	sp|Q00829|PHRA_BACSU		44
added	sp|Q01367|SP3AA_BACSU		307
added	sp|Q01368|SP3AB_BACSU		171
added	sp|Q01463|MINC_BACSU		226
added	sp|Q01464|MIND_BACSU		268
added	sp|Q01465|MREB_BACSU		337
added	sp|Q01466|MREC_BACSU		290
added	sp|Q01467|MRED_BACSU		172
added	sp|Q01620|KHPB_BACSU		208
added	sp|Q01625|MISCA_BACSU		261
added	sp|Q01960|FLHF_BACSU		366
added	sp|Q02112|LYTA_BACSU		102
added	sp|Q02113|CWBA_BACSU		705
added	sp|Q02114|LYTC_BACSU		496
added	sp|Q02115|TAGU_BACSU		306
added	sp|Q02169|NTPPA_BACSU		189
added	sp|Q02170|YSXA_BACSU		231
added	sp|Q02886|DINB_BACSU		172
added	sp|Q03221|KITH_BACSU		195
added	sp|Q03222|RHO_BACSU		427
added	sp|Q03223|RL31_BACSU		66
added	sp|Q03224|GLPX_BACSU		321
added	sp|Q03521|MRAY_BACSU		324
added	sp|Q03522|MURD_BACSU		451
added	sp|Q03523|MURE_BACSU		494
added	sp|Q03524|SP5D_BACSU		646
added	sp|Q04385|YGXA_BACSU		294
added	sp|Q04747|SRFAB_BACSU		3583
added	sp|Q04777|ALDC_BACSU		255
added	sp|Q04778|ALSR_BACSU		302
added	sp|Q04789|ILVX_BACSU		570
added	sp|Q04795|AK1_BACSU		404
added	sp|Q04796|DAPA_BACSU		290
added	sp|Q04797|DHAS_BACSU		346
added	sp|Q04805|YMXG_BACSU		409
added	sp|Q04809|DPAA_BACSU		297
added	sp|Q04810|DPAB_BACSU		200
added	sp|Q04811|YMXH_BACSU		85
added	sp|Q05470|PKSL_BACSU		4538
added	sp|Q05522|CHEB_BACSU		357
added	sp|Q05852|GTAB_BACSU		292
added	sp|Q05865|FOLC_BACSU		430
added	sp|Q05873|SYV_BACSU		880
added	sp|Q06004|DHSO_BACSU		353
added	sp|Q06320|CWLC_BACSU		255
added	sp|Q06750|CYSE_BACSU		217
added	sp|Q06752|SYC_BACSU		466
added	sp|Q06753|YACO_BACSU		249
added	sp|Q06754|YACL_BACSU		366
added	sp|Q06755|ISPD_BACSU		232
added	sp|Q06756|ISPF_BACSU		158
added	sp|Q06795|NUSG_BACSU		177
added	sp|Q06796|RL11_BACSU		141
added	sp|Q06797|RL1_BACSU		232
added	sp|Q06798|RL332_BACSU		49
added	sp|Q06799|SECE_BACSU		59
added	sp|Q07428|NRGB_BACSU		116
added	sp|Q07429|AMTB_BACSU		404
added	sp|Q07683|ANSR_BACSU		116
added	sp|Q07833|WAPA_BACSU		2334
added	sp|Q07835|YXXF_BACSU		311
added	sp|Q07836|WAPI_BACSU		142
added	sp|Q07867|FTSL_BACSU		117
added	sp|Q07868|PBP2B_BACSU		713
added	sp|Q07876|RSMH_BACSU		311
added	sp|Q08309|COTV_BACSU		128
added	sp|Q08310|COTW_BACSU		105
added	sp|Q08311|COTY_BACSU		162
added	sp|Q08312|COTZ_BACSU		148
added	sp|Q08313|COTX_BACSU		172
added	sp|Q08352|DHA_BACSU		378
added	sp|Q08429|KAPB_BACSU		128
added	sp|Q08430|KINB_BACSU		428
added	sp|Q08432|CBL_BACSU		387
added	sp|Q08787|SRFAC_BACSU		1275
added	sp|Q08788|SRFAD_BACSU		242
added	sp|Q08791|YCXA_BACSU		408
added	sp|Q08792|YCXD_BACSU		444
added	sp|Q08793|YCXB_BACSU		185
added	sp|Q08794|YCXC_BACSU		312
added	sp|Q45056|YNEA_BACSU		105
added	sp|Q45057|YNEB_BACSU		217
added	sp|Q45058|COTM_BACSU		130
added	sp|Q45060|TLP_BACSU		83
added	sp|Q45061|YNEP_BACSU		138
added	sp|Q45062|YNEQ_BACSU		99
added	sp|Q45063|PDHI_BACSU		95
added	sp|Q45064|PLSY_BACSU		193
added	sp|Q45065|YNET_BACSU		135
added	sp|Q45066|PARC_BACSU		806
added	sp|Q45067|YNFC_BACSU		136
added	sp|Q45068|ALST_BACSU		465
added	sp|Q45069|YNFE_BACSU		87
added	sp|Q45070|XYNC_BACSU		422
added	sp|Q45071|XYND_BACSU		513
added	sp|Q45460|OPUBA_BACSU		381
added	sp|Q45461|OPUBB_BACSU		217
added	sp|Q45462|OPUBC_BACSU		306
added	sp|Q45477|SYI_BACSU		921
added	sp|Q45478|YLYA_BACSU		124
added	sp|Q45479|LSPA_BACSU		154
added	sp|Q45480|YLYB_BACSU		303
added	sp|Q45492|YKPC_BACSU		44
added	sp|Q45493|RNJ1_BACSU		555
added	sp|Q45494|YKRA_BACSU		257
added	sp|Q45495|DEF2_BACSU		184
added	sp|Q45497|YKTA_BACSU		88
added	sp|Q45498|YKTB_BACSU		212
added	sp|Q45499|SUHB_BACSU		265
added	sp|Q45500|YKTD_BACSU		304
added	sp|Q45514|SAPB_BACSU		232
added	sp|Q45535|COTH_BACSU		362
added	sp|Q45536|COTJA_BACSU		82
added	sp|Q45537|COTJB_BACSU		87
added	sp|Q45538|COTJC_BACSU		189
added	sp|Q45539|CSBB_BACSU		329
added	sp|Q45544|YLXX_BACSU		235
added	sp|Q45549|NRDR_BACSU		152
added	sp|Q45577|AIMA_BACSU		539
added	sp|Q45581|YBBH_BACSU		283
added	sp|Q45582|MURQ_BACSU		304
added	sp|Q45583|YBBJ_BACSU		160
added	sp|Q45584|YBBK_BACSU		151
added	sp|Q45585|SIGW_BACSU		187
added	sp|Q45588|RSIW_BACSU		208
added	sp|Q45589|CDAA_BACSU		273
added	sp|Q45591|YYDK_BACSU		236
added	sp|Q45592|YYDJ_BACSU		240
added	sp|Q45593|YYDI_BACSU		209
added	sp|Q45594|YYDH_BACSU		252
added	sp|Q45595|YYDG_BACSU		319
added	sp|Q45596|YYDF_BACSU		49
added	sp|Q45597|F16PC_BACSU		641
added	sp|Q45598|YYDD_BACSU		586
added	sp|Q45599|YYDC_BACSU		132
added	sp|Q45600|YYDB_BACSU		481
added	sp|Q45601|RLMH_BACSU		159
added	sp|Q45603|YYCS_BACSU		137
added	sp|Q45604|FALDH_BACSU		408
added	sp|Q45605|YYCQ_BACSU		82
added	sp|Q45606|YYCP_BACSU		387
added	sp|Q45607|YYCO_BACSU		245
added	sp|Q45612|YYCI_BACSU		280
added	sp|Q45614|WALK_BACSU		611
added	sp|Q45666|TNRA_BACSU		110
added	sp|Q59192|PARE_BACSU		655
added	sp|Q59HN7|PHRH_BACSU		57
added	sp|Q59HN8|RAPH_BACSU		376
added	sp|Q5BU39|MSTX_BACSU		110
added	sp|Q794W0|YYCH_BACSU		455
added	sp|Q795J3|EPSN_BACSU		388
added	sp|Q795K2|YVFT_BACSU		371
added	sp|Q795M6|YUGH_BACSU		386
added	sp|Q795M8|YUGO_BACSU		328
added	sp|Q795Q5|YTTA_BACSU		248
added	sp|Q795R2|YTCQ_BACSU		498
added	sp|Q795R8|YTFP_BACSU		420
added	sp|Q795U4|YTKL_BACSU		227
added	sp|Q795Y4|FDHE_BACSU		980
added	sp|Q796A8|DSAD1_BACSU		120
added	sp|Q796C3|SQHC_BACSU		632
added	sp|Q796K8|PBPH_BACSU		704
added	sp|Q796K9|YKWB_BACSU		226
added	sp|Q796P5|YITY_BACSU		476
added	sp|Q796Q1|YITG_BACSU		422
added	sp|Q796Q6|YISV_BACSU		484
added	sp|Q796S4|YHJH_BACSU		175
added	sp|Q796V8|HEMZ_BACSU		501
added	sp|Q796Y5|YGAK_BACSU		451
added	sp|Q796Y8|BCP_BACSU		157
added	sp|Q796Z1|NTDP_BACSU		176
added	sp|Q797A7|MTRTR_BACSU		461
added	sp|Q797B3|LTAS1_BACSU		639
added	sp|Q797E3|PBUE_BACSU		388
added	sp|Q797E6|FRA_BACSU		123
added	sp|Q797S1|PTXBC_BACSU		455
added	sp|Q79F14|ESTB_BACSU		210
added	sp|Q7BVT7|YERC_BACSU		104
added	sp|Q7PC63|ACPK_BACSU		82
added	sp|Q7WY56|SPSL_BACSU		151
added	sp|Q7WY57|SBOX_BACSU		50
added	sp|Q7WY58|SSPJ_BACSU		46
added	sp|Q7WY59|SSPG_BACSU		48
added	sp|Q7WY60|MRPE_BACSU		158
added	sp|Q7WY61|REOM_BACSU		88
added	sp|Q7WY62|SDA_BACSU		52
added	sp|Q7WY63|ANTE_BACSU		98
added	sp|Q7WY64|MIFM_BACSU		95
added	sp|Q7WY65|SSPM_BACSU		34
added	sp|Q7WY66|SSPL_BACSU		42
added	sp|Q7WY67|GERT_BACSU		157
added	sp|Q7WY68|YOZQ_BACSU		97
added	sp|Q7WY69|SSPN_BACSU		48
added	sp|Q7WY71|YMZD_BACSU		151
added	sp|Q7WY72|REMA_BACSU		89
added	sp|Q7WY73|YIZA_BACSU		159
added	sp|Q7WY74|YGZB_BACSU		117
added	sp|Q7WY75|SSPK_BACSU		50
added	sp|Q7WY76|YEZE_BACSU		194
added	sp|Q7WY77|PXPC_BACSU		335
added	sp|Q7WY78|TAGT_BACSU		322
added	sp|Q99027|COMP_BACSU		769
added	sp|Q99039|DEGQ_BACSU		46
added	sp|Q99163|XHLB_BACSU		87
added	sp|Q99171|TEPA_BACSU		245
added	sp|Q9JMQ1|EXUR_BACSU		333
added	sp|Q9JMQ2|PPAX_BACSU		216
added	sp|Q9K2S2|MRPA_BACSU		801
added	sp|Q9K3A9|YDZM_BACSU		58
added	sp|Q9KWU4|PYC_BACSU		1148
added	sp|Q9KWZ1|NADA_BACSU		368
added	sp|Q9R9I1|HTRB_BACSU		458
added	tr|A0A2K4Z9F2|A0A2K4Z9F2_BACSU		65
added	tr|A0A2K4Z9F4|A0A2K4Z9F4_BACSU		67
added	tr|A0A2K4Z9F5|A0A2K4Z9F5_BACSU		43
added	tr|A0A2K4Z9F9|A0A2K4Z9F9_BACSU		42
added	tr|A0A2K4Z9G0|A0A2K4Z9G0_BACSU		46
added	tr|A0A2K4Z9G9|A0A2K4Z9G9_BACSU		38
added	tr|A0A2K4Z9H7|A0A2K4Z9H7_BACSU		44
added	tr|A0A2K4Z9H8|A0A2K4Z9H8_BACSU		95
added	tr|A0A2K4Z9H9|A0A2K4Z9H9_BACSU		88
added	tr|A0A2K4Z9I0|A0A2K4Z9I0_BACSU		54
added	tr|A0A2K4Z9I1|A0A2K4Z9I1_BACSU		48
added	tr|A0A2K4Z9I2|A0A2K4Z9I2_BACSU		71
added	tr|A0A2K4Z9I3|A0A2K4Z9I3_BACSU		40
added	tr|A0A2K4Z9I5|A0A2K4Z9I5_BACSU		45
added	tr|A0A2K4Z9I6|A0A2K4Z9I6_BACSU		46
added	tr|A0A2K4Z9I7|A0A2K4Z9I7_BACSU		41
added	tr|A0A2K4Z9I8|A0A2K4Z9I8_BACSU		39
added	tr|A0A2K4Z9I9|A0A2K4Z9I9_BACSU		56
added	tr|A0A2K4Z9J0|A0A2K4Z9J0_BACSU		57
added	tr|A0A2K4Z9J1|A0A2K4Z9J1_BACSU		45
added	tr|A0A2K4Z9J2|A0A2K4Z9J2_BACSU		51
added	tr|A0A2K4Z9J3|A0A2K4Z9J3_BACSU		115
added	tr|A0A2K4Z9J4|A0A2K4Z9J4_BACSU		51
added	tr|A0A2K4Z9J6|A0A2K4Z9J6_BACSU		63
added	tr|A0A2K4Z9J8|A0A2K4Z9J8_BACSU		42
added	tr|A0A2K4Z9J9|A0A2K4Z9J9_BACSU		48
added	tr|A0A2K4Z9K0|A0A2K4Z9K0_BACSU		48
added	tr|A0A2K4Z9K2|A0A2K4Z9K2_BACSU		51
added	tr|A0A2K4Z9K3|A0A2K4Z9K3_BACSU		49
added	tr|A0A2K4Z9K5|A0A2K4Z9K5_BACSU		50
added	tr|A0A2K4Z9K6|A0A2K4Z9K6_BACSU		44
added	tr|A0A2K4Z9K7|A0A2K4Z9K7_BACSU		72
added	tr|A0A2K4Z9K9|A0A2K4Z9K9_BACSU		58
added	tr|A0A2K4Z9L0|A0A2K4Z9L0_BACSU		46
added	tr|A0A2K4Z9L1|A0A2K4Z9L1_BACSU		82
added	tr|A0A2K4Z9L2|A0A2K4Z9L2_BACSU		53
added	tr|A0A2K4Z9L3|A0A2K4Z9L3_BACSU		33
added	tr|A0A2K4Z9L4|A0A2K4Z9L4_BACSU		38
added	tr|A0A2K4Z9L5|A0A2K4Z9L5_BACSU		52
added	tr|A0A2K4Z9L6|A0A2K4Z9L6_BACSU		55
added	tr|A0A2K4Z9L7|A0A2K4Z9L7_BACSU		57
added	tr|A0A2K4Z9L8|A0A2K4Z9L8_BACSU		56
added	tr|A0A2K4Z9L9|A0A2K4Z9L9_BACSU		68
added	tr|A0A2K4Z9M0|A0A2K4Z9M0_BACSU		41
added	tr|A0A2K4Z9M1|A0A2K4Z9M1_BACSU		38
added	tr|A0A2K4Z9M3|A0A2K4Z9M3_BACSU		67
added	tr|A0A2K4Z9M4|A0A2K4Z9M4_BACSU		163
added	tr|A0A2K4Z9M5|A0A2K4Z9M5_BACSU		45
added	tr|A0A2K4Z9M6|A0A2K4Z9M6_BACSU		40
added	tr|A0A2K4Z9M7|A0A2K4Z9M7_BACSU		44
added	tr|A0A2K4Z9M8|A0A2K4Z9M8_BACSU		43
added	tr|A0A2K4Z9M9|A0A2K4Z9M9_BACSU		41
added	tr|A0A2K4Z9N0|A0A2K4Z9N0_BACSU		42
added	tr|A0A2K4Z9N1|A0A2K4Z9N1_BACSU		51
added	tr|A0A2K4Z9N2|A0A2K4Z9N2_BACSU		159
added	tr|A0A2K4Z9N3|A0A2K4Z9N3_BACSU		46
added	tr|A0A2K4Z9N4|A0A2K4Z9N4_BACSU		61
added	tr|A0A2K4Z9N5|A0A2K4Z9N5_BACSU		63
added	tr|A0A2K4Z9N6|A0A2K4Z9N6_BACSU		44
added	tr|A0A2K4Z9N8|A0A2K4Z9N8_BACSU		72
added	tr|A0A6M3Z7U9|A0A6M3Z7U9_BACSU		361
added	tr|A0A6M3Z8W1|A0A6M3Z8W1_BACSU		164
added	tr|A0A6M3ZFB8|A0A6M3ZFB8_BACSU		265
added	tr|A0A6M3ZIH2|A0A6M3ZIH2_BACSU		52
added	tr|A0A6M4JER2|A0A6M4JER2_BACSU		289
added	tr|A0A6M4JGC8|A0A6M4JGC8_BACSU		250
added	tr|A0A6M4JM50|A0A6M4JM50_BACSU		86
added	tr|A0AAT9J340|A0AAT9J340_BACSU		402
added	tr|A0AAT9J376|A0AAT9J376_BACSU		72
added	tr|A0AAT9J380|A0AAT9J380_BACSU		57
added	tr|A0AAT9J3B2|A0AAT9J3B2_BACSU		46
added	tr|A0AAT9J3C1|A0AAT9J3C1_BACSU		699
added	tr|A0AAT9J3C2|A0AAT9J3C2_BACSU		39
added	tr|A0AAT9J3C3|A0AAT9J3C3_BACSU		279
added	tr|A0AAT9J3E1|A0AAT9J3E1_BACSU		299
added	tr|A0AAT9J3G8|A0AAT9J3G8_BACSU		42
added	tr|A0AAT9J3J8|A0AAT9J3J8_BACSU		686
added	tr|A0AAT9J3U9|A0AAT9J3U9_BACSU		22
added	tr|A0AAT9J3V4|A0AAT9J3V4_BACSU		332
added	tr|A0AAT9J3X1|A0AAT9J3X1_BACSU		23
added	tr|A0AAT9J3X8|A0AAT9J3X8_BACSU		151
added	tr|A0AAT9J3Y0|A0AAT9J3Y0_BACSU		307
added	tr|A0AAT9J3Z5|A0AAT9J3Z5_BACSU		149
added	tr|A0AAT9J3Z9|A0AAT9J3Z9_BACSU		161
added	tr|A0AAT9J413|A0AAT9J413_BACSU		177
added	tr|A0AAT9J472|A0AAT9J472_BACSU		38
added	tr|A0AAT9J476|A0AAT9J476_BACSU		61
added	tr|A0AAT9J480|A0AAT9J480_BACSU		213
added	tr|C0H460|C0H460_BACSU		64
added	tr|L8E9J0|L8E9J0_BACSU		40
added	tr|L8E9J8|L8E9J8_BACSU		25
added	tr|L8E9Z2|L8E9Z2_BACSU		47
added	tr|L8EA05|L8EA05_BACSU		53
added	tr|L8EAY3|L8EAY3_BACSU		40
added	tr|L8ECQ9|L8ECQ9_BACSU		54
added	tr|L8ECR0|L8ECR0_BACSU		29
added	tr|L8ECR1|L8ECR1_BACSU		45
removed	sp|A0A385XJ53|INSA9_ECOLI	91	
removed	sp|A0A385XJE6|INH21_ECOLI	326	
removed	sp|A0A385XJK5|YPAB_ECOLI	47	
removed	sp|A0A385XJL2|YGDT_ECOLI	48	
removed	sp|A0A385XJL4|INSB9_ECOLI	167	
removed	sp|A5A605|YKFM_ECOLI	159	
removed	sp|A5A607|YLCI_ECOLI	64	
removed	sp|A5A611|YMGI_ECOLI	57	
removed	sp|A5A612|YMGJ_ECOLI	61	
removed	sp|A5A613|YCIY_ECOLI	57	
removed	sp|A5A614|YCIZ_ECOLI	57	
removed	sp|A5A615|YNCL_ECOLI	31	
removed	sp|A5A616|MGTS_ECOLI	31	
removed	sp|A5A617|YDGU_ECOLI	27	
removed	sp|A5A618|YNHF_ECOLI	29	
removed	sp|A5A619|YOJO_ECOLI	54	
removed	sp|A5A621|YPFM_ECOLI	19	
removed	sp|A5A624|DINQ_ECOLI	27	
removed	sp|A5A625|YIBV_ECOLI	111	
removed	sp|A5A627|TISB_ECOLI	29	
removed	sp|A5A628|YJBT_ECOLI	92	
removed	sp|A5A630|YTCA_ECOLI	91	
removed	sp|A8DYP9|LPFUR_ECOLI	28	
removed	sp|A8DYQ1|YTHA_ECOLI	41	
removed	sp|C1P5Z7|SGRT_ECOLI	43	
removed	sp|C1P5Z8|YKGR_ECOLI	33	
removed	sp|C1P5Z9|YMIB_ECOLI	34	
removed	sp|C1P600|YNBG_ECOLI	21	
removed	sp|C1P601|RZOQ_ECOLI	84	
removed	sp|C1P602|YOAK_ECOLI	32	
removed	sp|C1P603|YOAJ_ECOLI	24	
removed	sp|C1P604|YOBI_ECOLI	21	
removed	sp|C1P605|AZUC_ECOLI	28	
removed	sp|C1P606|YOEI_ECOLI	20	
removed	sp|C1P607|IBSA_ECOLI	19	
removed	sp|C1P608|IBSB_ECOLI	18	
removed	sp|C1P609|YOHP_ECOLI	27	
removed	sp|C1P610|YPDK_ECOLI	23	
removed	sp|C1P611|SHOB_ECOLI	26	
removed	sp|C1P612|YQCG_ECOLI	46	
removed	sp|C1P613|YQEL_ECOLI	26	
removed	sp|C1P614|YQFG_ECOLI	41	
removed	sp|C1P615|IBSC_ECOLI	19	
removed	sp|C1P616|IBSD_ECOLI	19	
removed	sp|C1P617|IBSE_ECOLI	19	
removed	sp|C1P618|YRBN_ECOLI	26	
removed	sp|C1P619|ILVX_ECOLI	16	
removed	sp|C1P620|YSHB_ECOLI	36	
removed	sp|C1P621|YJEV_ECOLI	17	
removed	sp|E2JKY7|LPMG_ECOLI	17	
removed	sp|G3MTW7|PMRR_ECOLI	29	
removed	sp|O32528|YPDI_ECOLI	91	
removed	sp|O32583|THIS_ECOLI	66	
removed	sp|O52982|YFJS_ECOLI	147	
removed	sp|P00350|6PGD_ECOLI	468	
removed	sp|P00363|FRDA_ECOLI	602	
removed	sp|P00370|DHE4_ECOLI	447	
removed	sp|P00393|NDH_ECOLI	434	
removed	sp|P00448|SODM_ECOLI	206	
removed	sp|P00452|RIR1_ECOLI	761	
removed	sp|P00490|PHSM_ECOLI	797	
removed	sp|P00509|AAT_ECOLI	396	
removed	sp|P00547|KHSE_ECOLI	310	
removed	sp|P00550|PTM3C_ECOLI	637	
removed	sp|P00561|AK1H_ECOLI	820	
removed	sp|P00562|AK2H_ECOLI	810	
removed	sp|P00579|RPOD_ECOLI	613	
removed	sp|P00582|DPO1_ECOLI	928	
removed	sp|P00634|PPB_ECOLI	471	
removed	sp|P00722|BGAL_ECOLI	1024	
removed	sp|P00803|LEP_ECOLI	324	
removed	sp|P00804|LSPA_ECOLI	164	
removed	sp|P00805|ASPG2_ECOLI	348	
removed	sp|P00811|AMPC_ECOLI	377	
removed	sp|P00816|CYNS_ECOLI	156	
removed	sp|P00861|DCDA_ECOLI	420	
removed	sp|P00864|CAPP_ECOLI	883	
removed	sp|P00887|AROH_ECOLI	348	
removed	sp|P00888|AROF_ECOLI	356	
removed	sp|P00893|ILVI_ECOLI	574	
removed	sp|P00894|ILVH_ECOLI	163	
removed	sp|P00895|TRPE_ECOLI	520	
removed	sp|P00903|PABA_ECOLI	187	
removed	sp|P00904|TRPGD_ECOLI	531	
removed	sp|P00909|TRPC_ECOLI	453	
removed	sp|P00914|PHR_ECOLI	472	
removed	sp|P00926|SDHD_ECOLI	442	
removed	sp|P00934|THRC_ECOLI	428	
removed	sp|P00935|METB_ECOLI	386	
removed	sp|P00936|CYAA_ECOLI	848	
removed	sp|P00944|XYLA_ECOLI	440	
removed	sp|P00946|MANA_ECOLI	391	
removed	sp|P00954|SYW_ECOLI	334	
removed	sp|P00956|SYI_ECOLI	938	
removed	sp|P00957|SYA_ECOLI	876	
removed	sp|P00959|SYM_ECOLI	677	
removed	sp|P00960|SYGA_ECOLI	303	
removed	sp|P00961|SYGB_ECOLI	689	
removed	sp|P00962|SYQ_ECOLI	554	
removed	sp|P00963|ASNA_ECOLI	330	
removed	sp|P00968|CARB_ECOLI	1073	
removed	sp|P02338|PRTL_ECOLI	29	
removed	sp|P02358|RS6_ECOLI	135	
removed	sp|P02359|RS7_ECOLI	179	
removed	sp|P02413|RL15_ECOLI	144	
removed	sp|P02916|MALF_ECOLI	514	
removed	sp|P02918|PBPA_ECOLI	850	
removed	sp|P02919|PBPB_ECOLI	844	
removed	sp|P02920|LACY_ECOLI	417	
removed	sp|P02921|MELB_ECOLI	473	
removed	sp|P02924|ARAF_ECOLI	329	
removed	sp|P02925|RBSB_ECOLI	296	
removed	sp|P02929|TONB_ECOLI	239	
removed	sp|P02930|TOLC_ECOLI	493	
removed	sp|P02931|OMPF_ECOLI	362	
removed	sp|P02932|PHOE_ECOLI	351	
removed	sp|P02942|MCP1_ECOLI	551	
removed	sp|P02943|LAMB_ECOLI	446	
removed	sp|P03004|DNAA_ECOLI	467	
removed	sp|P03007|DPO3E_ECOLI	243	
removed	sp|P03014|PINE_ECOLI	184	
removed	sp|P03018|UVRD_ECOLI	720	
removed	sp|P03023|LACI_ECOLI	360	
removed	sp|P03024|GALR_ECOLI	343	
removed	sp|P03030|LYSR_ECOLI	311	
removed	sp|P03061|LPIV_ECOLI	32	
removed	sp|P03813|YGEA_ECOLI	230	
removed	sp|P03817|MIOC_ECOLI	147	
removed	sp|P03819|KEFC_ECOLI	620	
removed	sp|P03825|GSPB_ECOLI	139	
removed	sp|P03835|INSG_ECOLI	442	
removed	sp|P03841|MALM_ECOLI	306	
removed	sp|P03959|KDPA_ECOLI	557	
removed	sp|P03960|KDPB_ECOLI	682	
removed	sp|P03961|KDPC_ECOLI	190	
removed	sp|P04036|DAPB_ECOLI	273	
removed	sp|P04079|GUAA_ECOLI	525	
removed	sp|P04128|FIMA1_ECOLI	182	
removed	sp|P04152|UMUC_ECOLI	422	
removed	sp|P04335|FRSA_ECOLI	414	
removed	sp|P04391|OTC1_ECOLI	334	
removed	sp|P04395|3MG2_ECOLI	282	
removed	sp|P04425|GSHB_ECOLI	316	
removed	sp|P04693|TYRB_ECOLI	397	
removed	sp|P04805|SYE_ECOLI	471	
removed	sp|P04816|LIVK_ECOLI	369	
removed	sp|P04825|AMPN_ECOLI	870	
removed	sp|P04846|NLPA_ECOLI	272	
removed	sp|P04949|FLIC_ECOLI	498	
removed	sp|P04951|KDSB_ECOLI	248	
removed	sp|P04968|ILVA_ECOLI	514	
removed	sp|P04982|RBSD_ECOLI	139	
removed	sp|P04983|RBSA_ECOLI	501	
removed	sp|P04993|RECD_ECOLI	608	
removed	sp|P04994|EX7L_ECOLI	456	
removed	sp|P04995|EX1_ECOLI	475	
removed	sp|P05020|PYRC_ECOLI	348	
removed	sp|P05041|PABB_ECOLI	453	
removed	sp|P05042|FUMC_ECOLI	467	
removed	sp|P05050|ALKB_ECOLI	216	
removed	sp|P05052|APPY_ECOLI	249	
removed	sp|P05055|PNP_ECOLI	711	
removed	sp|P05100|3MG1_ECOLI	187	
removed	sp|P05194|AROD_ECOLI	252	
removed	sp|P05458|PTRA_ECOLI	962	
removed	sp|P05459|PDXB_ECOLI	378	
removed	sp|P05523|FPG_ECOLI	269	
removed	sp|P05637|APAH_ECOLI	280	
removed	sp|P05704|MCP3_ECOLI	546	
removed	sp|P05706|PTHA_ECOLI	123	
removed	sp|P05707|SRLD_ECOLI	259	
removed	sp|P05719|T1SK_ECOLI	464	
removed	sp|P05791|ILVD_ECOLI	616	
removed	sp|P05793|ILVC_ECOLI	491	
removed	sp|P05804|BGLR_ECOLI	603	
removed	sp|P05824|RECN_ECOLI	553	
removed	sp|P05825|FEPA_ECOLI	746	
removed	sp|P05827|ILVY_ECOLI	297	
removed	sp|P05847|TTDA_ECOLI	303	
removed	sp|P05852|TSAD_ECOLI	337	
removed	sp|P06129|BTUB_ECOLI	614	
removed	sp|P06134|ADA_ECOLI	354	
removed	sp|P06136|FTSQ_ECOLI	276	
removed	sp|P06149|DLD_ECOLI	571	
removed	sp|P06282|CDH_ECOLI	251	
removed	sp|P06609|BTUC_ECOLI	326	
removed	sp|P06610|BTUE_ECOLI	183	
removed	sp|P06611|BTUD_ECOLI	249	
removed	sp|P06612|TOP1_ECOLI	865	
removed	sp|P06616|ERA_ECOLI	301	
removed	sp|P06709|BIRA_ECOLI	321	
removed	sp|P06710|DPO3X_ECOLI	643	
removed	sp|P06715|GSHR_ECOLI	450	
removed	sp|P06720|AGAL_ECOLI	451	
removed	sp|P06721|METC_ECOLI	395	
removed	sp|P06722|MUTH_ECOLI	229	
removed	sp|P06846|EBGR_ECOLI	327	
removed	sp|P06864|BGA2_ECOLI	1030	
removed	sp|P06959|ODP2_ECOLI	630	
removed	sp|P06960|OTC2_ECOLI	334	
removed	sp|P06961|CCA_ECOLI	412	
removed	sp|P06965|DICC_ECOLI	76	
removed	sp|P06966|DICA_ECOLI	135	
removed	sp|P06968|DUT_ECOLI	152	
removed	sp|P06971|FHUA_ECOLI	747	
removed	sp|P06972|FHUB_ECOLI	660	
removed	sp|P06974|FLIM_ECOLI	334	
removed	sp|P06983|HEM3_ECOLI	313	
removed	sp|P06986|HIS8_ECOLI	356	
removed	sp|P06987|HIS7_ECOLI	355	
removed	sp|P06988|HISX_ECOLI	434	
removed	sp|P06989|HIS2_ECOLI	203	
removed	sp|P06992|RSMA_ECOLI	273	
removed	sp|P06993|MALT_ECOLI	901	
removed	sp|P06996|OMPC_ECOLI	367	
removed	sp|P06999|PFKB_ECOLI	309	
removed	sp|P07000|PLDB_ECOLI	340	
removed	sp|P07001|PNTA_ECOLI	510	
removed	sp|P07003|POXB_ECOLI	572	
removed	sp|P07004|PROA_ECOLI	417	
removed	sp|P07010|REM_ECOLI	83	
removed	sp|P07012|RF2_ECOLI	365	
removed	sp|P07013|PRIB_ECOLI	104	
removed	sp|P07014|SDHB_ECOLI	238	
removed	sp|P07017|MCP2_ECOLI	553	
removed	sp|P07018|MCP4_ECOLI	533	
removed	sp|P07021|YFIB_ECOLI	160	
removed	sp|P07023|TYRA_ECOLI	373	
removed	sp|P07024|USHA_ECOLI	550	
removed	sp|P07026|SDIA_ECOLI	240	
removed	sp|P07102|PPA_ECOLI	432	
removed	sp|P07109|HISP_ECOLI	257	
removed	sp|P07117|PUTP_ECOLI	502	
removed	sp|P07118|SYV_ECOLI	951	
removed	sp|P07330|CHEB_ECOLI	349	
removed	sp|P07363|CHEA_ECOLI	654	
removed	sp|P07364|CHER_ECOLI	286	
removed	sp|P07395|SYFB_ECOLI	795	
removed	sp|P07464|THGA_ECOLI	203	
removed	sp|P07604|TYRR_ECOLI	513	
removed	sp|P07623|METAS_ECOLI	309	
removed	sp|P07639|AROB_ECOLI	362	
removed	sp|P07648|RECC_ECOLI	1122	
removed	sp|P07649|TRUA_ECOLI	270	
removed	sp|P07650|TYPH_ECOLI	440	
removed	sp|P07654|PSTA_ECOLI	296	
removed	sp|P07658|FDHF_ECOLI	715	
removed	sp|P07762|GLGB_ECOLI	728	
removed	sp|P07813|SYL_ECOLI	860	
removed	sp|P07821|FHUC_ECOLI	265	
removed	sp|P07822|FHUD_ECOLI	296	
removed	sp|P07862|DDLB_ECOLI	306	
removed	sp|P07913|TDH_ECOLI	341	
removed	sp|P08142|ILVB_ECOLI	562	
removed	sp|P08178|PUR5_ECOLI	345	
removed	sp|P08179|PUR3_ECOLI	212	
removed	sp|P08189|FIMF_ECOLI	176	
removed	sp|P08190|FIMG_ECOLI	167	
removed	sp|P08191|FIMH_ECOLI	300	
removed	sp|P08192|FOLC_ECOLI	422	
removed	sp|P08194|GLPT_ECOLI	452	
removed	sp|P08200|IDH_ECOLI	416	
removed	sp|P08201|NIRB_ECOLI	847	
removed	sp|P08202|ARAA_ECOLI	500	
removed	sp|P08203|ARAD_ECOLI	231	
removed	sp|P08204|ARAB_ECOLI	566	
removed	sp|P08244|PYRF_ECOLI	245	
removed	sp|P08245|YCIH_ECOLI	108	
removed	sp|P08312|SYFA_ECOLI	327	
removed	sp|P08331|CPDB_ECOLI	647	
removed	sp|P08337|MUTT_ECOLI	129	
removed	sp|P08365|CHPS_ECOLI	83	
removed	sp|P08368|CREB_ECOLI	229	
removed	sp|P08369|CRED_ECOLI	450	
removed	sp|P08370|YGDB_ECOLI	135	
removed	sp|P08371|PPDB_ECOLI	187	
removed	sp|P08372|PPDC_ECOLI	107	
removed	sp|P08373|MURB_ECOLI	342	
removed	sp|P08390|USG_ECOLI	337	
removed	sp|P08394|RECB_ECOLI	1180	
removed	sp|P08395|SPPA_ECOLI	618	
removed	sp|P08400|PHOR_ECOLI	431	
removed	sp|P08401|CREC_ECOLI	474	
removed	sp|P08506|DACC_ECOLI	400	
removed	sp|P08550|CVPA_ECOLI	162	
removed	sp|P08555|DSDX_ECOLI	445	
removed	sp|P08622|DNAJ_ECOLI	376	
removed	sp|P08660|AK3_ECOLI	449	
removed	sp|P08722|PTV3B_ECOLI	625	
removed	sp|P08839|PT1_ECOLI	575	
removed	sp|P08956|T1RK_ECOLI	1170	
removed	sp|P08957|T1MK_ECOLI	529	
removed	sp|P08997|MASY_ECOLI	533	
removed	sp|P09029|PURK_ECOLI	355	
removed	sp|P09030|EX3_ECOLI	268	
removed	sp|P09053|AVTA_ECOLI	417	
removed	sp|P09099|XYLB_ECOLI	484	
removed	sp|P09126|HEM4_ECOLI	246	
removed	sp|P09127|HEMX_ECOLI	393	
removed	sp|P09147|GALE_ECOLI	338	
removed	sp|P09148|GAL7_ECOLI	348	
removed	sp|P09151|LEU1_ECOLI	523	
removed	sp|P09152|NARG_ECOLI	1247	
removed	sp|P09153|TFAE_ECOLI	200	
removed	sp|P09154|YMFS_ECOLI	137	
removed	sp|P09155|RND_ECOLI	375	
removed	sp|P09158|SPEE_ECOLI	288	
removed	sp|P09162|YJAA_ECOLI	127	
removed	sp|P09163|YJAB_ECOLI	147	
removed	sp|P09169|OMPT_ECOLI	317	
removed	sp|P09184|VSR_ECOLI	156	
removed	sp|P09323|PTW3C_ECOLI	648	
removed	sp|P09348|MOTA_ECOLI	295	
removed	sp|P09372|GRPE_ECOLI	197	
removed	sp|P09373|PFLB_ECOLI	760	
removed	sp|P09377|RHAS_ECOLI	278	
removed	sp|P09378|RHAR_ECOLI	282	
removed	sp|P09391|GLPG_ECOLI	276	
removed	sp|P09394|GLPQ_ECOLI	358	
removed	sp|P09424|MTLD_ECOLI	382	
removed	sp|P09546|PUTA_ECOLI	1320	
removed	sp|P09549|DEDD_ECOLI	220	
removed	sp|P09551|ARGT_ECOLI	260	
removed	sp|P09557|DICB_ECOLI	62	
removed	sp|P09831|GLTB_ECOLI	1486	
removed	sp|P09832|GLTD_ECOLI	472	
removed	sp|P09833|MODC_ECOLI	352	
removed	sp|P09835|UHPB_ECOLI	500	
removed	sp|P09836|UHPC_ECOLI	439	
removed	sp|P09980|REP_ECOLI	673	
removed	sp|P09996|YIDB_ECOLI	132	
removed	sp|P0A698|UVRA_ECOLI	940	
removed	sp|P0A6A0|UBIB_ECOLI	546	
removed	sp|P0A6A3|ACKA_ECOLI	400	
removed	sp|P0A6A6|LEUC_ECOLI	466	
removed	sp|P0A6A8|ACP_ECOLI	78	
removed	sp|P0A6B4|ALR1_ECOLI	359	
removed	sp|P0A6B7|ISCS_ECOLI	404	
removed	sp|P0A6C1|END4_ECOLI	285	
removed	sp|P0A6C5|ARGA_ECOLI	443	
removed	sp|P0A6C8|ARGB_ECOLI	258	
removed	sp|P0A6D0|ARGR_ECOLI	156	
removed	sp|P0A6D3|AROA_ECOLI	427	
removed	sp|P0A6D5|YDIB_ECOLI	288	
removed	sp|P0A6D7|AROK_ECOLI	173	
removed	sp|P0A6E1|AROL_ECOLI	174	
removed	sp|P0A6E4|ASSY_ECOLI	447	
removed	sp|P0A6E6|ATPE_ECOLI	139	
removed	sp|P0A6E9|BIOD2_ECOLI	231	
removed	sp|P0A6F1|CARA_ECOLI	382	
removed	sp|P0A6F3|GLPK_ECOLI	502	
removed	sp|P0A6F5|CH60_ECOLI	548	
removed	sp|P0A6F9|CH10_ECOLI	97	
removed	sp|P0A6G3|PNCC_ECOLI	165	
removed	sp|P0A6G5|CITX_ECOLI	183	
removed	sp|P0A6G7|CLPP_ECOLI	207	
removed	sp|P0A6H1|CLPX_ECOLI	424	
removed	sp|P0A6H5|HSLU_ECOLI	443	
removed	sp|P0A6H8|CLSA_ECOLI	486	
removed	sp|P0A6I0|KCY_ECOLI	227	
removed	sp|P0A6I3|COAA_ECOLI	316	
removed	sp|P0A6I6|COAD_ECOLI	159	
removed	sp|P0A6I9|COAE_ECOLI	206	
removed	sp|P0A6J1|CYSC_ECOLI	201	
removed	sp|P0A6J3|CYSZ_ECOLI	253	
removed	sp|P0A6J5|DADA_ECOLI	432	
removed	sp|P0A6J8|DDLA_ECOLI	364	
removed	sp|P0A6K1|DAPF_ECOLI	274	
removed	sp|P0A6K3|DEF_ECOLI	169	
removed	sp|P0A6K6|DEOB_ECOLI	407	
removed	sp|P0A6L0|DEOC_ECOLI	259	
removed	sp|P0A6L2|DAPA_ECOLI	292	
removed	sp|P0A6L4|NANA_ECOLI	297	
removed	sp|P0A6L7|UXAB_ECOLI	483	
removed	sp|P0A6L9|HSCB_ECOLI	171	
removed	sp|P0A6M2|DSBB_ECOLI	176	
removed	sp|P0A6M4|DTD_ECOLI	145	
removed	sp|P0A6M8|EFG_ECOLI	704	
removed	sp|P0A6N4|EFP_ECOLI	188	
removed	sp|P0A6N8|EFPL_ECOLI	190	
removed	sp|P0A6P1|EFTS_ECOLI	283	
removed	sp|P0A6P5|DER_ECOLI	490	
removed	sp|P0A6P7|ENGB_ECOLI	210	
removed	sp|P0A6P9|ENO_ECOLI	432	
removed	sp|P0A6Q3|FABA_ECOLI	172	
removed	sp|P0A6Q6|FABZ_ECOLI	151	
removed	sp|P0A6R0|FABH_ECOLI	317	
removed	sp|P0A6R3|FIS_ECOLI	98	
removed	sp|P0A6S0|FLGH_ECOLI	232	
removed	sp|P0A6S3|FLGI_ECOLI	365	
removed	sp|P0A6S5|FTSB_ECOLI	103	
removed	sp|P0A6S7|GPDA_ECOLI	339	
removed	sp|P0A6T1|G6PI_ECOLI	549	
removed	sp|P0A6T3|GAL1_ECOLI	382	
removed	sp|P0A6T5|GCH1_ECOLI	222	
removed	sp|P0A6T9|GCSH_ECOLI	129	
removed	sp|P0A6U3|MNMG_ECOLI	629	
removed	sp|P0A6U5|RSMG_ECOLI	207	
removed	sp|P0A6U8|GLGA_ECOLI	477	
removed	sp|P0A6V1|GLGC_ECOLI	431	
removed	sp|P0A6V5|GLPE_ECOLI	108	
removed	sp|P0A6V8|GLK_ECOLI	321	
removed	sp|P0A6W0|GLSA2_ECOLI	308	
removed	sp|P0A6W3|MRAY_ECOLI	360	
removed	sp|P0A6W5|GREA_ECOLI	158	
removed	sp|P0A6W9|GSH1_ECOLI	518	
removed	sp|P0A6X1|HEM1_ECOLI	418	
removed	sp|P0A6X3|HFQ_ECOLI	102	
removed	sp|P0A6X7|IHFA_ECOLI	99	
removed	sp|P0A6Y1|IHFB_ECOLI	94	
removed	sp|P0A6Y5|HSLO_ECOLI	292	
removed	sp|P0A6Y8|DNAK_ECOLI	638	
removed	sp|P0A6Z1|HSCA_ECOLI	616	
removed	sp|P0A6Z3|HTPG_ECOLI	624	
removed	sp|P0A6Z6|NIKR_ECOLI	133	
removed	sp|P0A700|HYPA_ECOLI	116	
removed	sp|P0A703|HYBF_ECOLI	113	
removed	sp|P0A705|IF2_ECOLI	890	
removed	sp|P0A707|IF3_ECOLI	180	
removed	sp|P0A710|YCIB_ECOLI	179	
removed	sp|P0A712|KDGT_ECOLI	327	
removed	sp|P0A715|KDSA_ECOLI	284	
removed	sp|P0A717|KPRS_ECOLI	315	
removed	sp|P0A720|KTHY_ECOLI	213	
removed	sp|P0A722|LPXA_ECOLI	262	
removed	sp|P0A725|LPXC_ECOLI	305	
removed	sp|P0A729|NTPPB_ECOLI	194	
removed	sp|P0A731|MGSA_ECOLI	152	
removed	sp|P0A734|MINE_ECOLI	88	
removed	sp|P0A738|MOAC_ECOLI	161	
removed	sp|P0A742|MSCL_ECOLI	136	
removed	sp|P0A744|MSRA_ECOLI	212	
removed	sp|P0A746|MSRB_ECOLI	137	
removed	sp|P0A749|MURA_ECOLI	419	
removed	sp|P0A752|NADD_ECOLI	213	
removed	sp|P0A754|KEFF_ECOLI	176	
removed	sp|P0A756|KEFG_ECOLI	184	
removed	sp|P0A759|NAGB_ECOLI	266	
removed	sp|P0A761|NANE_ECOLI	229	
removed	sp|P0A763|NDK_ECOLI	143	
removed	sp|P0A766|RSXA_ECOLI	193	
removed	sp|P0A769|MNTH_ECOLI	412	
removed	sp|P0A772|NRDI_ECOLI	136	
removed	sp|P0A776|RPPH_ECOLI	176	
removed	sp|P0A780|NUSB_ECOLI	139	
removed	sp|P0A784|ORN_ECOLI	181	
removed	sp|P0A786|PYRB_ECOLI	311	
removed	sp|P0A790|PAND_ECOLI	126	
removed	sp|P0A794|PDXJ_ECOLI	243	
removed	sp|P0A796|PFKA_ECOLI	320	
removed	sp|P0A799|PGK_ECOLI	387	
removed	sp|P0A7A2|GPMB_ECOLI	215	
removed	sp|P0A7A5|PIMT_ECOLI	208	
removed	sp|P0A7A7|PLSB_ECOLI	807	
removed	sp|P0A7A9|IPYR_ECOLI	176	
removed	sp|P0A7B1|PPK1_ECOLI	688	
removed	sp|P0A7B3|NADK_ECOLI	292	
removed	sp|P0A7B5|PROB_ECOLI	367	
removed	sp|P0A7B8|HSLV_ECOLI	176	
removed	sp|P0A7C2|LEXA_ECOLI	202	
removed	sp|P0A7C6|PEPE_ECOLI	229	
removed	sp|P0A7C8|PSIE_ECOLI	136	
removed	sp|P0A7D1|PTH_ECOLI	194	
removed	sp|P0A7D4|PURA_ECOLI	432	
removed	sp|P0A7D7|PUR7_ECOLI	237	
removed	sp|P0A7E1|PYRD_ECOLI	336	
removed	sp|P0A7E3|PYRE_ECOLI	213	
removed	sp|P0A7E5|PYRG_ECOLI	545	
removed	sp|P0A7E9|PYRH_ECOLI	241	
removed	sp|P0A7F3|PYRI_ECOLI	153	
removed	sp|P0A7F6|SPED_ECOLI	264	
removed	sp|P0A7F9|QUEA_ECOLI	356	
removed	sp|P0A7G2|RBFA_ECOLI	133	
removed	sp|P0A7G6|RECA_ECOLI	353	
removed	sp|P0A7H0|RECF_ECOLI	357	
removed	sp|P0A7H3|RECO_ECOLI	242	
removed	sp|P0A7H6|RECR_ECOLI	201	
removed	sp|P0A7I0|RF1_ECOLI	360	
removed	sp|P0A7I4|RF3_ECOLI	529	
removed	sp|P0A7I7|RIBA_ECOLI	196	
removed	sp|P0A7J0|RIBB_ECOLI	217	
removed	sp|P0A7J3|RL10_ECOLI	165	
removed	sp|P0A7J7|RL11_ECOLI	142	
removed	sp|P0A7K2|RL7_ECOLI	121	
removed	sp|P0A7K6|RL19_ECOLI	115	
removed	sp|P0A7L0|RL1_ECOLI	234	
removed	sp|P0A7L3|RL20_ECOLI	118	
removed	sp|P0A7L8|RL27_ECOLI	85	
removed	sp|P0A7M2|RL28_ECOLI	78	
removed	sp|P0A7M6|RL29_ECOLI	63	
removed	sp|P0A7M9|RL31_ECOLI	70	
removed	sp|P0A7N1|RL31B_ECOLI	87	
removed	sp|P0A7N4|RL32_ECOLI	57	
removed	sp|P0A7N9|RL33_ECOLI	55	
removed	sp|P0A7P5|RL34_ECOLI	46	
removed	sp|P0A7Q1|RL35_ECOLI	65	
removed	sp|P0A7Q6|RL36_ECOLI	38	
removed	sp|P0A7R1|RL9_ECOLI	149	
removed	sp|P0A7R5|RS10_ECOLI	103	
removed	sp|P0A7R9|RS11_ECOLI	129	
removed	sp|P0A7S3|RS12_ECOLI	124	
removed	sp|P0A7S9|RS13_ECOLI	118	
removed	sp|P0A7T3|RS16_ECOLI	82	
removed	sp|P0A7T7|RS18_ECOLI	75	
removed	sp|P0A7U3|RS19_ECOLI	92	
removed	sp|P0A7U7|RS20_ECOLI	87	
removed	sp|P0A7V0|RS2_ECOLI	241	
removed	sp|P0A7V3|RS3_ECOLI	233	
removed	sp|P0A7V8|RS4_ECOLI	206	
removed	sp|P0A7W1|RS5_ECOLI	167	
removed	sp|P0A7W7|RS8_ECOLI	130	
removed	sp|P0A7X3|RS9_ECOLI	130	
removed	sp|P0A7X6|RIMM_ECOLI	182	
removed	sp|P0A7Y0|RNC_ECOLI	226	
removed	sp|P0A7Y4|RNH_ECOLI	155	
removed	sp|P0A7Y8|RNPA_ECOLI	119	
removed	sp|P0A7Z0|RPIA_ECOLI	219	
removed	sp|P0A7Z4|RPOA_ECOLI	329	
removed	sp|P0A800|RPOZ_ECOLI	91	
removed	sp|P0A805|RRF_ECOLI	185	
removed	sp|P0A809|RUVA_ECOLI	203	
removed	sp|P0A812|RUVB_ECOLI	336	
removed	sp|P0A814|RUVC_ECOLI	173	
removed	sp|P0A817|METK_ECOLI	384	
removed	sp|P0A821|SELA_ECOLI	463	
removed	sp|P0A823|SFSA_ECOLI	234	
removed	sp|P0A825|GLYA_ECOLI	417	
removed	sp|P0A828|SMG_ECOLI	157	
removed	sp|P0A830|DCTA_ECOLI	428	
removed	sp|P0A832|SSRP_ECOLI	160	
removed	sp|P0A836|SUCC_ECOLI	388	
removed	sp|P0A840|SURE_ECOLI	253	
removed	sp|P0A843|TATE_ECOLI	67	
removed	sp|P0A847|TGT_ECOLI	375	
removed	sp|P0A850|TIG_ECOLI	432	
removed	sp|P0A853|TNAA_ECOLI	471	
removed	sp|P0A855|TOLB_ECOLI	430	
removed	sp|P0A858|TPIS_ECOLI	255	
removed	sp|P0A862|TPX_ECOLI	168	
removed	sp|P0A867|TALA_ECOLI	316	
removed	sp|P0A870|TALB_ECOLI	317	
removed	sp|P0A873|TRMD_ECOLI	255	
removed	sp|P0A877|TRPA_ECOLI	268	
removed	sp|P0A879|TRPB_ECOLI	397	
removed	sp|P0A881|TRPR_ECOLI	108	
removed	sp|P0A884|TYSY_ECOLI	264	
removed	sp|P0A887|UBIE_ECOLI	251	
removed	sp|P0A890|TUSA_ECOLI	81	
removed	sp|P0A894|RAPZ_ECOLI	284	
removed	sp|P0A898|YBEY_ECOLI	155	
removed	sp|P0A8A0|YEBC_ECOLI	246	
removed	sp|P0A8A2|YEEN_ECOLI	238	
removed	sp|P0A8A4|PSRP_ECOLI	277	
removed	sp|P0A8A8|RIMP_ECOLI	150	
removed	sp|P0A8B2|SMRB_ECOLI	183	
removed	sp|P0A8B5|YBAB_ECOLI	109	
removed	sp|P0A8C1|YBJQ_ECOLI	107	
removed	sp|P0A8C4|YGFB_ECOLI	192	
removed	sp|P0A8C8|YIDD_ECOLI	85	
removed	sp|P0A8D0|NRDR_ECOLI	149	
removed	sp|P0A8D3|YAII_ECOLI	152	
removed	sp|P0A8D6|YMDB_ECOLI	177	
removed	sp|P0A8D9|YFBV_ECOLI	151	
removed	sp|P0A8E1|YCFP_ECOLI	180	
removed	sp|P0A8E5|YACL_ECOLI	120	
removed	sp|P0A8E7|YAJQ_ECOLI	163	
removed	sp|P0A8F0|UPP_ECOLI	208	
removed	sp|P0A8F4|URK_ECOLI	213	
removed	sp|P0A8F8|UVRB_ECOLI	673	
removed	sp|P0A8G0|UVRC_ECOLI	610	
removed	sp|P0A8G3|UXAC_ECOLI	470	
removed	sp|P0A8G6|NQOR_ECOLI	198	
removed	sp|P0A8G9|EX7S_ECOLI	80	
removed	sp|P0A8H3|ZUPT_ECOLI	257	
removed	sp|P0A8H6|YIHI_ECOLI	169	
removed	sp|P0A8H8|YACG_ECOLI	65	
removed	sp|P0A8I1|YQGF_ECOLI	138	
removed	sp|P0A8I3|YAAA_ECOLI	258	
removed	sp|P0A8I5|TRMB_ECOLI	239	
removed	sp|P0A8I8|RLMH_ECOLI	155	
removed	sp|P0A8J2|DNAT_ECOLI	179	
removed	sp|P0A8J4|YBED_ECOLI	87	
removed	sp|P0A8J8|RHLB_ECOLI	421	
removed	sp|P0A8K1|PSD_ECOLI	322	
removed	sp|P0A8K5|YAEP_ECOLI	66	
removed	sp|P0A8K8|YIHY_ECOLI	290	
removed	sp|P0A8L1|SYS_ECOLI	430	
removed	sp|P0A8L5|YCGN_ECOLI	153	
removed	sp|P0A8L7|YCIU_ECOLI	109	
removed	sp|P0A8M0|SYN_ECOLI	466	
removed	sp|P0A8M3|SYT_ECOLI	642	
removed	sp|P0A8M6|TMAR_ECOLI	109	
removed	sp|P0A8N0|MATP_ECOLI	150	
removed	sp|P0A8N3|SYK1_ECOLI	505	
removed	sp|P0A8N5|SYK2_ECOLI	505	
removed	sp|P0A8N7|EPMA_ECOLI	325	
removed	sp|P0A8P1|LFTR_ECOLI	234	
removed	sp|P0A8P3|FETP_ECOLI	91	
removed	sp|P0A8P6|XERC_ECOLI	298	
removed	sp|P0A8P8|XERD_ECOLI	298	
removed	sp|P0A8Q0|FRDC_ECOLI	131	
removed	sp|P0A8Q3|FRDD_ECOLI	119	
removed	sp|P0A8Q6|CLPS_ECOLI	106	
removed	sp|P0A8R0|RRAA_ECOLI	161	
removed	sp|P0A8R4|SLYX_ECOLI	72	
removed	sp|P0A8R7|YCJF_ECOLI	353	
removed	sp|P0A8R9|HDFR_ECOLI	279	
removed	sp|P0A8S1|ARGP_ECOLI	297	
removed	sp|P0A8S5|USPB_ECOLI	111	
removed	sp|P0A8S9|FLHD_ECOLI	116	
removed	sp|P0A8T1|PRMA_ECOLI	293	
removed	sp|P0A8T5|FLIE_ECOLI	104	
removed	sp|P0A8T7|RPOC_ECOLI	1407	
removed	sp|P0A8U0|SYDP_ECOLI	181	
removed	sp|P0A8U2|YAFD_ECOLI	266	
removed	sp|P0A8U6|METJ_ECOLI	105	
removed	sp|P0A8V0|RBN_ECOLI	305	
removed	sp|P0A8V2|RPOB_ECOLI	1342	
removed	sp|P0A8V6|FADR_ECOLI	239	
removed	sp|P0A8W0|NANR_ECOLI	263	
removed	sp|P0A8W2|SLYA_ECOLI	144	
removed	sp|P0A8W5|YQGE_ECOLI	187	
removed	sp|P0A8W8|YFBU_ECOLI	164	
removed	sp|P0A8X0|DARP_ECOLI	183	
removed	sp|P0A8X2|YCEI_ECOLI	191	
removed	sp|P0A8X4|YCCT_ECOLI	220	
removed	sp|P0A8Y1|YJJG_ECOLI	225	
removed	sp|P0A8Y3|YIHX_ECOLI	199	
removed	sp|P0A8Y5|YIDA_ECOLI	270	
removed	sp|P0A8Y8|ENTH_ECOLI	137	
removed	sp|P0A8Z0|YCIA_ECOLI	132	
removed	sp|P0A8Z3|YBGC_ECOLI	134	
removed	sp|P0A8Z7|YQIA_ECOLI	193	
removed	sp|P0A901|BLC_ECOLI	177	
removed	sp|P0A903|BAMC_ECOLI	344	
removed	sp|P0A905|SLYB_ECOLI	155	
removed	sp|P0A908|MIPA_ECOLI	248	
removed	sp|P0A910|OMPA_ECOLI	346	
removed	sp|P0A912|PAL_ECOLI	173	
removed	sp|P0A915|OMPW_ECOLI	212	
removed	sp|P0A917|OMPX_ECOLI	171	
removed	sp|P0A921|PA1_ECOLI	289	
removed	sp|P0A924|PGPB_ECOLI	254	
removed	sp|P0A927|TSX_ECOLI	294	
removed	sp|P0A930|WZA_ECOLI	379	
removed	sp|P0A932|GFCE_ECOLI	379	
removed	sp|P0A935|MLTA_ECOLI	365	
removed	sp|P0A937|BAME_ECOLI	113	
removed	sp|P0A940|BAMA_ECOLI	810	
removed	sp|P0A944|RIMI_ECOLI	148	
removed	sp|P0A948|RIMJ_ECOLI	194	
removed	sp|P0A951|ATDA_ECOLI	186	
removed	sp|P0A953|FABB_ECOLI	406	
removed	sp|P0A955|ALKH_ECOLI	213	
removed	sp|P0A959|ALAA_ECOLI	405	
removed	sp|P0A962|ASPG1_ECOLI	338	
removed	sp|P0A964|CHEW_ECOLI	167	
removed	sp|P0A968|CSPD_ECOLI	74	
removed	sp|P0A972|CSPE_ECOLI	69	
removed	sp|P0A976|CSPF_ECOLI	70	
removed	sp|P0A978|CSPG_ECOLI	70	
removed	sp|P0A982|CSPH_ECOLI	70	
removed	sp|P0A986|CSPI_ECOLI	70	
removed	sp|P0A988|DPO3B_ECOLI	366	
removed	sp|P0A991|ALF1_ECOLI	350	
removed	sp|P0A993|F16PA_ECOLI	332	
removed	sp|P0A996|GLPC_ECOLI	396	
removed	sp|P0A998|FTNA_ECOLI	165	
removed	sp|P0A9A2|FTNB_ECOLI	167	
removed	sp|P0A9A6|FTSZ_ECOLI	383	
removed	sp|P0A9A9|FUR_ECOLI	148	
removed	sp|P0A9B2|G3P1_ECOLI	331	
removed	sp|P0A9B6|E4PD_ECOLI	339	
removed	sp|P0A9C0|GLPA_ECOLI	542	
removed	sp|P0A9C3|GALM_ECOLI	346	
removed	sp|P0A9C5|GLN1B_ECOLI	469	
removed	sp|P0A9C9|GLPX_ECOLI	336	
removed	sp|P0A9D2|GSTA_ECOLI	201	
removed	sp|P0A9D4|CYSE_ECOLI	273	
removed	sp|P0A9D8|DAPD_ECOLI	274	
removed	sp|P0A9E0|ARAC_ECOLI	292	
removed	sp|P0A9E2|SOXS_ECOLI	107	
removed	sp|P0A9E5|FNR_ECOLI	250	
removed	sp|P0A9E9|YEIL_ECOLI	219	
removed	sp|P0A9F1|MNTR_ECOLI	155	
removed	sp|P0A9F3|CYSB_ECOLI	324	
removed	sp|P0A9F6|GCVA_ECOLI	305	
removed	sp|P0A9F9|METR_ECOLI	317	
removed	sp|P0A9G2|NHAR_ECOLI	301	
removed	sp|P0A9G4|CUER_ECOLI	135	
removed	sp|P0A9G6|ACEA_ECOLI	434	
removed	sp|P0A9G8|MODE_ECOLI	262	
removed	sp|P0A9H1|MUG_ECOLI	168	
removed	sp|P0A9H3|LDCI_ECOLI	715	
removed	sp|P0A9H5|BTUR_ECOLI	196	
removed	sp|P0A9H7|CFA_ECOLI	382	
removed	sp|P0A9H9|CHEZ_ECOLI	214	
removed	sp|P0A9I1|CITE_ECOLI	302	
removed	sp|P0A9I3|GCVR_ECOLI	190	
removed	sp|P0A9I5|NAPD_ECOLI	87	
removed	sp|P0A9I8|NIRD_ECOLI	108	
removed	sp|P0A9J0|RNG_ECOLI	489	
removed	sp|P0A9J4|PANE_ECOLI	303	
removed	sp|P0A9J6|RBSK_ECOLI	309	
removed	sp|P0A9J8|CMPDT_ECOLI	386	
removed	sp|P0A9K1|PHOH_ECOLI	354	
removed	sp|P0A9K3|PHOL_ECOLI	346	
removed	sp|P0A9K7|PHOU_ECOLI	241	
removed	sp|P0A9K9|SLYD_ECOLI	196	
removed	sp|P0A9L3|FKBB_ECOLI	206	
removed	sp|P0A9L5|PPIC_ECOLI	93	
removed	sp|P0A9L8|P5CR_ECOLI	269	
removed	sp|P0A9M0|LON_ECOLI	784	
removed	sp|P0A9M2|HPRT_ECOLI	178	
removed	sp|P0A9M5|XGPT_ECOLI	152	
removed	sp|P0A9M8|PTA_ECOLI	714	
removed	sp|P0A9N0|PTSO_ECOLI	90	
removed	sp|P0A9N4|PFLA_ECOLI	246	
removed	sp|P0A9N8|NRDG_ECOLI	154	
removed	sp|P0A9P0|DLDH_ECOLI	474	
removed	sp|P0A9P4|TRXB_ECOLI	321	
removed	sp|P0A9P6|DEAD_ECOLI	629	
removed	sp|P0A9P9|IDNO_ECOLI	254	
removed	sp|P0A9Q1|ARCA_ECOLI	238	
removed	sp|P0A9Q5|ACCD_ECOLI	304	
removed	sp|P0A9Q7|ADHE_ECOLI	891	
removed	sp|P0A9Q9|DHAS_ECOLI	367	
removed	sp|P0A9R2|ESSD_ECOLI	71	
removed	sp|P0A9R4|FER_ECOLI	111	
removed	sp|P0A9R7|FTSE_ECOLI	222	
removed	sp|P0A9S1|FUCO_ECOLI	382	
removed	sp|P0A9S3|GATD_ECOLI	346	
removed	sp|P0A9S5|GLDA_ECOLI	367	
removed	sp|P0A9S7|LIVG_ECOLI	255	
removed	sp|P0A9T0|SERA_ECOLI	410	
removed	sp|P0A9T4|TAS_ECOLI	346	
removed	sp|P0A9T6|YBAQ_ECOLI	113	
removed	sp|P0A9T8|YBBA_ECOLI	228	
removed	sp|P0A9U1|YBHF_ECOLI	578	
removed	sp|P0A9U3|YBIT_ECOLI	530	
removed	sp|P0A9U6|PUUR_ECOLI	185	
removed	sp|P0A9U8|YDIO_ECOLI	383	
removed	sp|P0A9V1|LPTB_ECOLI	241	
removed	sp|P0A9V5|YIAG_ECOLI	96	
removed	sp|P0A9V8|SQUU_ECOLI	298	
removed	sp|P0A9W0|ULAR_ECOLI	251	
removed	sp|P0A9W3|ETTA_ECOLI	555	
removed	sp|P0A9W6|IBAG_ECOLI	84	
removed	sp|P0A9W9|YRDA_ECOLI	184	
removed	sp|P0A9X1|ZNUC_ECOLI	251	
removed	sp|P0A9X4|MREB_ECOLI	347	
removed	sp|P0A9X9|CSPA_ECOLI	70	
removed	sp|P0A9Y6|CSPC_ECOLI	69	
removed	sp|P0A9Z1|GLNB_ECOLI	112	
removed	sp|P0AA04|PTHP_ECOLI	85	
removed	sp|P0AA10|RL13_ECOLI	142	
removed	sp|P0AA16|OMPR_ECOLI	239	
removed	sp|P0AA25|THIO_ECOLI	109	
removed	sp|P0AA31|YEDF_ECOLI	77	
removed	sp|P0AA37|RLUA_ECOLI	219	
removed	sp|P0AA39|RLUC_ECOLI	319	
removed	sp|P0AA41|TRUC_ECOLI	260	
removed	sp|P0AA43|RSUA_ECOLI	231	
removed	sp|P0AA47|PLAP_ECOLI	452	
removed	sp|P0AA49|YFDV_ECOLI	314	
removed	sp|P0AA53|QMCA_ECOLI	305	
removed	sp|P0AA57|YOBA_ECOLI	124	
removed	sp|P0AA60|YGHB_ECOLI	219	
removed	sp|P0AA63|YQJA_ECOLI	220	
removed	sp|P0AA67|RHTA_ECOLI	295	
removed	sp|P0AA70|YEDA_ECOLI	306	
removed	sp|P0AA73|YHBE_ECOLI	321	
removed	sp|P0AA76|DGOT_ECOLI	430	
removed	sp|P0AA78|EXUT_ECOLI	432	
removed	sp|P0AA80|GARP_ECOLI	444	
removed	sp|P0AA82|CODB_ECOLI	419	
removed	sp|P0AA84|CLSB_ECOLI	413	
removed	sp|P0AA86|DSBE_ECOLI	185	
removed	sp|P0AA89|DOSC_ECOLI	460	
removed	sp|P0AA91|YEAY_ECOLI	193	
removed	sp|P0AA93|YPDA_ECOLI	565	
removed	sp|P0AA95|YACC_ECOLI	115	
removed	sp|P0AA97|YAEQ_ECOLI	181	
removed	sp|P0AA99|DPAA_ECOLI	246	
removed	sp|P0AAA1|YAGU_ECOLI	204	
removed	sp|P0AAA3|ECPA_ECOLI	195	
removed	sp|P0AAA5|YMCE_ECOLI	76	
removed	sp|P0AAA7|WZXE_ECOLI	416	
removed	sp|P0AAA9|ZRAP_ECOLI	141	
removed	sp|P0AAB2|WZB_ECOLI	147	
removed	sp|P0AAB4|UBID_ECOLI	497	
removed	sp|P0AAB6|GALF_ECOLI	297	
removed	sp|P0AAB8|USPD_ECOLI	142	
removed	sp|P0AAC0|USPE_ECOLI	316	
removed	sp|P0AAC4|YBHL_ECOLI	234	
removed	sp|P0AAC6|YCCA_ECOLI	219	
removed	sp|P0AAC8|ISCA_ECOLI	107	
removed	sp|P0AAD2|MTR_ECOLI	414	
removed	sp|P0AAD4|TYRP_ECOLI	403	
removed	sp|P0AAD6|SDAC_ECOLI	429	
removed	sp|P0AAD8|TDCC_ECOLI	443	
removed	sp|P0AAE0|CYCA_ECOLI	470	
removed	sp|P0AAE2|PROY_ECOLI	457	
removed	sp|P0AAE5|ARCD_ECOLI	460	
removed	sp|P0AAE8|CADB_ECOLI	444	
removed	sp|P0AAF1|POTE_ECOLI	439	
removed	sp|P0AAF3|ARAG_ECOLI	504	
removed	sp|P0AAF6|ARTP_ECOLI	242	
removed	sp|P0AAG0|DPPD_ECOLI	327	
removed	sp|P0AAG3|GLTL_ECOLI	241	
removed	sp|P0AAG5|MDLB_ECOLI	593	
removed	sp|P0AAG8|MGLA_ECOLI	506	
removed	sp|P0AAH0|PSTB_ECOLI	257	
removed	sp|P0AAH4|SAPD_ECOLI	330	
removed	sp|P0AAH8|SAPF_ECOLI	268	
removed	sp|P0AAI1|SSUB_ECOLI	255	
removed	sp|P0AAI3|FTSH_ECOLI	644	
removed	sp|P0AAI5|FABF_ECOLI	413	
removed	sp|P0AAI9|FABD_ECOLI	309	
removed	sp|P0AAJ1|YNFG_ECOLI	205	
removed	sp|P0AAJ3|FDNH_ECOLI	294	
removed	sp|P0AAJ5|FDOH_ECOLI	300	
removed	sp|P0AAJ8|HYBA_ECOLI	328	
removed	sp|P0AAK1|HYCB_ECOLI	203	
removed	sp|P0AAK4|HYDN_ECOLI	175	
removed	sp|P0AAK7|NRFC_ECOLI	223	
removed	sp|P0AAL0|NAPF_ECOLI	164	
removed	sp|P0AAL3|NAPG_ECOLI	231	
removed	sp|P0AAL6|YDHY_ECOLI	208	
removed	sp|P0AAL9|YKGJ_ECOLI	109	
removed	sp|P0AAM1|CYBH_ECOLI	235	
removed	sp|P0AAM3|HYPC_ECOLI	90	
removed	sp|P0AAM7|HYBG_ECOLI	82	
removed	sp|P0AAN1|HYBE_ECOLI	162	
removed	sp|P0AAN3|HYPB_ECOLI	290	
removed	sp|P0AAN5|YAIA_ECOLI	63	
removed	sp|P0AAN9|IRAP_ECOLI	86	
removed	sp|P0AAP1|DGCC_ECOLI	371	
removed	sp|P0AAP3|FRMR_ECOLI	91	
removed	sp|P0AAP5|IPRA_ECOLI	207	
removed	sp|P0AAP7|YAIY_ECOLI	102	
removed	sp|P0AAQ0|YAIZ_ECOLI	70	
removed	sp|P0AAQ2|YAJD_ECOLI	115	
removed	sp|P0AAQ6|YBAA_ECOLI	117	
removed	sp|P0AAR0|TOMB_ECOLI	124	
removed	sp|P0AAR3|YBAK_ECOLI	159	
removed	sp|P0AAR5|YBAN_ECOLI	125	
removed	sp|P0AAR8|YBAV_ECOLI	123	
removed	sp|P0AAS0|YLAC_ECOLI	156	
removed	sp|P0AAS3|YBBJ_ECOLI	152	
removed	sp|P0AAS5|ALLH_ECOLI	271	
removed	sp|P0AAS7|YBCJ_ECOLI	70	
removed	sp|P0AAS9|YBDD_ECOLI	65	
removed	sp|P0AAT2|YBDF_ECOLI	122	
removed	sp|P0AAT4|YBDG_ECOLI	415	
removed	sp|P0AAT6|IOJAP_ECOLI	105	
removed	sp|P0AAT9|YBEL_ECOLI	160	
removed	sp|P0AAU2|YBFA_ECOLI	68	
removed	sp|P0AAU5|YBFB_ECOLI	108	
removed	sp|P0AAU7|YBFE_ECOLI	97	
removed	sp|P0AAV0|YBGE_ECOLI	97	
removed	sp|P0AAV4|PXPB_ECOLI	218	
removed	sp|P0AAV6|YBGS_ECOLI	126	
removed	sp|P0AAV8|YBHH_ECOLI	350	
removed	sp|P0AAW1|YBHP_ECOLI	253	
removed	sp|P0AAW5|YBHQ_ECOLI	136	
removed	sp|P0AAW9|ACRZ_ECOLI	49	
removed	sp|P0AAX3|YBIJ_ECOLI	86	
removed	sp|P0AAX6|MCBA_ECOLI	86	
removed	sp|P0AAX8|YBIS_ECOLI	306	
removed	sp|P0AAY1|BSSR_ECOLI	127	
removed	sp|P0AAY4|YBJH_ECOLI	94	
removed	sp|P0AAY6|YBJN_ECOLI	158	
removed	sp|P0AAZ0|YBJO_ECOLI	162	
removed	sp|P0AAZ4|RARA_ECOLI	447	
removed	sp|P0AAZ7|YCAR_ECOLI	60	
removed	sp|P0AB01|ELYC_ECOLI	259	
removed	sp|P0AB03|YCBJ_ECOLI	297	
removed	sp|P0AB06|MEPK_ECOLI	182	
removed	sp|P0AB10|PQIC_ECOLI	187	
removed	sp|P0AB12|YCCF_ECOLI	148	
removed	sp|P0AB14|YCCJ_ECOLI	75	
removed	sp|P0AB18|TUSE_ECOLI	109	
removed	sp|P0AB20|HSPQ_ECOLI	105	
removed	sp|P0AB24|EFEO_ECOLI	375	
removed	sp|P0AB26|YCEB_ECOLI	186	
removed	sp|P0AB28|YCED_ECOLI	173	
removed	sp|P0AB31|YCEK_ECOLI	75	
removed	sp|P0AB33|BSSS_ECOLI	84	
removed	sp|P0AB35|YCFJ_ECOLI	179	
removed	sp|P0AB38|LPOB_ECOLI	213	
removed	sp|P0AB40|BHSA_ECOLI	85	
removed	sp|P0AB43|YCGL_ECOLI	108	
removed	sp|P0AB46|YMGD_ECOLI	109	
removed	sp|P0AB49|YCHH_ECOLI	92	
removed	sp|P0AB52|YCHN_ECOLI	117	
removed	sp|P0AB55|YCII_ECOLI	98	
removed	sp|P0AB58|LAPB_ECOLI	389	
removed	sp|P0AB61|YCIN_ECOLI	83	
removed	sp|P0AB65|ACYP_ECOLI	92	
removed	sp|P0AB67|PNTB_ECOLI	462	
removed	sp|P0AB71|ALF_ECOLI	359	
removed	sp|P0AB74|KBAY_ECOLI	286	
removed	sp|P0AB77|KBL_ECOLI	398	
removed	sp|P0AB80|ILVE_ECOLI	309	
removed	sp|P0AB83|END3_ECOLI	211	
removed	sp|P0AB85|APBE_ECOLI	351	
removed	sp|P0AB87|FUCA_ECOLI	215	
removed	sp|P0AB89|PUR8_ECOLI	456	
removed	sp|P0AB91|AROG_ECOLI	350	
removed	sp|P0AB93|ARSB_ECOLI	429	
removed	sp|P0AB96|ARSC_ECOLI	141	
removed	sp|P0AB98|ATP6_ECOLI	271	
removed	sp|P0ABA0|ATPF_ECOLI	156	
removed	sp|P0ABA4|ATPD_ECOLI	177	
removed	sp|P0ABA6|ATPG_ECOLI	287	
removed	sp|P0ABB0|ATPA_ECOLI	513	
removed	sp|P0ABB4|ATPB_ECOLI	460	
removed	sp|P0ABB8|ATMA_ECOLI	898	
removed	sp|P0ABC0|ATPZ_ECOLI	126	
removed	sp|P0ABC3|HFLC_ECOLI	334	
removed	sp|P0ABC7|HFLK_ECOLI	419	
removed	sp|P0ABC9|BETT_ECOLI	677	
removed	sp|P0ABD1|YEAV_ECOLI	481	
removed	sp|P0ABD3|BFR_ECOLI	158	
removed	sp|P0ABD5|ACCA_ECOLI	319	
removed	sp|P0ABD8|BCCP_ECOLI	156	
removed	sp|P0ABE2|BOLA_ECOLI	105	
removed	sp|P0ABE5|C561_ECOLI	176	
removed	sp|P0ABE9|CYNT_ECOLI	219	
removed	sp|P0ABF1|PCNB_ECOLI	465	
removed	sp|P0ABF4|EUTM_ECOLI	97	
removed	sp|P0ABF6|CDD_ECOLI	294	
removed	sp|P0ABF8|PGSA_ECOLI	182	
removed	sp|P0ABG1|CDSA_ECOLI	285	
removed	sp|P0ABG4|FTSW_ECOLI	414	
removed	sp|P0ABG7|RODA_ECOLI	370	
removed	sp|P0ABH0|FTSA_ECOLI	420	
removed	sp|P0ABH4|MRED_ECOLI	162	
removed	sp|P0ABH7|CISY_ECOLI	427	
removed	sp|P0ABH9|CLPA_ECOLI	758	
removed	sp|P0ABI4|CORA_ECOLI	316	
removed	sp|P0ABI8|CYOB_ECOLI	663	
removed	sp|P0ABJ1|CYOA_ECOLI	315	
removed	sp|P0ABJ3|CYOC_ECOLI	204	
removed	sp|P0ABJ6|CYOD_ECOLI	109	
removed	sp|P0ABJ9|CYDA_ECOLI	522	
removed	sp|P0ABK2|CYDB_ECOLI	379	
removed	sp|P0ABK5|CYSK_ECOLI	323	
removed	sp|P0ABK7|CSGB_ECOLI	151	
removed	sp|P0ABK9|NRFA_ECOLI	478	
removed	sp|P0ABL1|NRFB_ECOLI	188	
removed	sp|P0ABL3|NAPB_ECOLI	149	
removed	sp|P0ABL5|NAPC_ECOLI	200	
removed	sp|P0ABL8|CCMB_ECOLI	220	
removed	sp|P0ABM1|CCMC_ECOLI	245	
removed	sp|P0ABM5|CCMD_ECOLI	69	
removed	sp|P0ABM9|CCMH_ECOLI	350	
removed	sp|P0ABN1|KDGL_ECOLI	122	
removed	sp|P0ABN5|DCUA_ECOLI	433	
removed	sp|P0ABN9|DCUB_ECOLI	446	
removed	sp|P0ABP3|DCUC_ECOLI	461	
removed	sp|P0ABP6|DEDA_ECOLI	219	
removed	sp|P0ABP8|DEOD_ECOLI	239	
removed	sp|P0ABQ0|COABC_ECOLI	406	
removed	sp|P0ABQ2|GARR_ECOLI	294	
removed	sp|P0ABQ4|DYR_ECOLI	159	
removed	sp|P0ABR1|DINI_ECOLI	81	
removed	sp|P0ABR5|HCAE_ECOLI	453	
removed	sp|P0ABR7|CNTA_ECOLI	374	
removed	sp|P0ABR9|MHPB_ECOLI	314	
removed	sp|P0ABS1|DKSA_ECOLI	151	
removed	sp|P0ABS5|DNAG_ECOLI	581	
removed	sp|P0ABS8|HOLE_ECOLI	76	
removed	sp|P0ABT2|DPS_ECOLI	167	
removed	sp|P0ABT5|DUSB_ECOLI	321	
removed	sp|P0ABT8|YIJE_ECOLI	301	
removed	sp|P0ABU0|MENB_ECOLI	285	
removed	sp|P0ABU2|YCHF_ECOLI	363	
removed	sp|P0ABU5|ELBB_ECOLI	217	
removed	sp|P0ABU7|EXBB_ECOLI	244	
removed	sp|P0ABU9|TOLQ_ECOLI	230	
removed	sp|P0ABV2|EXBD_ECOLI	141	
removed	sp|P0ABV6|TOLR_ECOLI	142	
removed	sp|P0ABW0|HCAC_ECOLI	106	
removed	sp|P0ABW3|YFAE_ECOLI	84	
removed	sp|P0ABW5|SFMA_ECOLI	180	
removed	sp|P0ABW9|FLGB_ECOLI	138	
removed	sp|P0ABX2|FLGC_ECOLI	134	
removed	sp|P0ABX5|FLGG_ECOLI	260	
removed	sp|P0ABX8|FLIL_ECOLI	154	
removed	sp|P0ABY2|FLIT_ECOLI	121	
removed	sp|P0ABY4|FLAW_ECOLI	173	
removed	sp|P0ABY7|FLHC_ECOLI	192	
removed	sp|P0ABZ1|FLIG_ECOLI	331	
removed	sp|P0ABZ4|KDSC_ECOLI	188	
removed	sp|P0ABZ6|SURA_ECOLI	428	
removed	sp|P0AC00|FRLB_ECOLI	340	
removed	sp|P0AC02|BAMD_ECOLI	245	
removed	sp|P0AC05|FLIP_ECOLI	245	
removed	sp|P0AC07|FLIQ_ECOLI	89	
removed	sp|P0AC13|DHPS_ECOLI	282	
removed	sp|P0AC16|FOLB_ECOLI	122	
removed	sp|P0AC19|FOLX_ECOLI	120	
removed	sp|P0AC23|FOCA_ECOLI	285	
removed	sp|P0AC26|NIRC_ECOLI	268	
removed	sp|P0AC28|5FCL_ECOLI	182	
removed	sp|P0AC30|FTSX_ECOLI	352	
removed	sp|P0AC33|FUMA_ECOLI	548	
removed	sp|P0AC35|TTDB_ECOLI	201	
removed	sp|P0AC38|ASPA_ECOLI	478	
removed	sp|P0AC41|SDHA_ECOLI	588	
removed	sp|P0AC44|DHSD_ECOLI	115	
removed	sp|P0AC47|FRDB_ECOLI	244	
removed	sp|P0AC51|ZUR_ECOLI	171	
removed	sp|P0AC53|G6PD_ECOLI	491	
removed	sp|P0AC55|GLNK_ECOLI	112	
removed	sp|P0AC59|GLRX2_ECOLI	215	
removed	sp|P0AC62|GLRX3_ECOLI	83	
removed	sp|P0AC65|NRDH_ECOLI	81	
removed	sp|P0AC69|GLRX4_ECOLI	115	
removed	sp|P0AC73|EBGC_ECOLI	149	
removed	sp|P0AC75|KDTA_ECOLI	425	
removed	sp|P0AC78|WECA_ECOLI	367	
removed	sp|P0AC81|LGUL_ECOLI	135	
removed	sp|P0AC84|GLO2_ECOLI	251	
removed	sp|P0AC86|PHSG_ECOLI	815	
removed	sp|P0AC88|GM4D_ECOLI	373	
removed	sp|P0AC92|GNSA_ECOLI	57	
removed	sp|P0AC94|GNTP_ECOLI	447	
removed	sp|P0AC96|GNTU_ECOLI	446	
removed	sp|P0AC98|SATP_ECOLI	188	
removed	sp|P0ACA1|YIBF_ECOLI	202	
removed	sp|P0ACA3|SSPA_ECOLI	212	
removed	sp|P0ACA7|GSTB_ECOLI	208	
removed	sp|P0ACB0|DNAB_ECOLI	471	
removed	sp|P0ACB2|HEM2_ECOLI	324	
removed	sp|P0ACB4|HEMG_ECOLI	181	
removed	sp|P0ACB7|HEMY_ECOLI	398	
removed	sp|P0ACC1|PRMC_ECOLI	277	
removed	sp|P0ACC3|ERPA_ECOLI	114	
removed	sp|P0ACC7|GLMU_ECOLI	456	
removed	sp|P0ACC9|WCAB_ECOLI	162	
removed	sp|P0ACD2|WCAF_ECOLI	182	
removed	sp|P0ACD4|ISCU_ECOLI	128	
removed	sp|P0ACD8|MBHL_ECOLI	597	
removed	sp|P0ACE0|MBHM_ECOLI	567	
removed	sp|P0ACE3|HHA_ECOLI	72	
removed	sp|P0ACE7|HINT_ECOLI	119	
removed	sp|P0ACF0|DBHA_ECOLI	90	
removed	sp|P0ACF4|DBHB_ECOLI	90	
removed	sp|P0ACF8|HNS_ECOLI	137	
removed	sp|P0ACG1|STPA_ECOLI	134	
removed	sp|P0ACG4|HOKC_ECOLI	50	
removed	sp|P0ACG6|HOKD_ECOLI	51	
removed	sp|P0ACG8|HSLR_ECOLI	133	
removed	sp|P0ACH1|SFSB_ECOLI	92	
removed	sp|P0ACH5|MARA_ECOLI	127	
removed	sp|P0ACH8|MELR_ECOLI	302	
removed	sp|P0ACI0|ROB_ECOLI	289	
removed	sp|P0ACI3|XYLR_ECOLI	392	
removed	sp|P0ACI6|ASNC_ECOLI	152	
removed	sp|P0ACJ0|LRP_ECOLI	164	
removed	sp|P0ACJ5|DECR_ECOLI	152	
removed	sp|P0ACJ8|CRP_ECOLI	210	
removed	sp|P0ACK2|AGAR_ECOLI	269	
removed	sp|P0ACK5|DEOR_ECOLI	252	
removed	sp|P0ACK8|FUCR_ECOLI	243	
removed	sp|P0ACL0|GLPR_ECOLI	252	
removed	sp|P0ACL2|EXUR_ECOLI	258	
removed	sp|P0ACL5|GLCC_ECOLI	254	
removed	sp|P0ACL7|LLDR_ECOLI	258	
removed	sp|P0ACL9|PDHR_ECOLI	254	
removed	sp|P0ACM2|RSPR_ECOLI	228	
removed	sp|P0ACM5|GGAR_ECOLI	248	
removed	sp|P0ACM9|YIHL_ECOLI	236	
removed	sp|P0ACN2|YTFH_ECOLI	126	
removed	sp|P0ACN4|ALLR_ECOLI	271	
removed	sp|P0ACN7|CYTR_ECOLI	341	
removed	sp|P0ACP1|CRA_ECOLI	334	
removed	sp|P0ACP5|GNTR_ECOLI	331	
removed	sp|P0ACP7|PURR_ECOLI	341	
removed	sp|P0ACQ0|RBSR_ECOLI	330	
removed	sp|P0ACQ4|OXYR_ECOLI	305	
removed	sp|P0ACQ7|TDCA_ECOLI	312	
removed	sp|P0ACR0|ALLS_ECOLI	308	
removed	sp|P0ACR2|PUNR_ECOLI	310	
removed	sp|P0ACR4|YEIE_ECOLI	293	
removed	sp|P0ACR7|YFER_ECOLI	308	
removed	sp|P0ACR9|MPRA_ECOLI	176	
removed	sp|P0ACS2|SOXR_ECOLI	154	
removed	sp|P0ACS5|ZNTR_ECOLI	141	
removed	sp|P0ACS7|RPIR_ECOLI	296	
removed	sp|P0ACS9|ACRR_ECOLI	215	
removed	sp|P0ACT2|ENVR_ECOLI	220	
removed	sp|P0ACT6|UIDR_ECOLI	196	
removed	sp|P0ACU0|CECR_ECOLI	223	
removed	sp|P0ACU2|RUTR_ECOLI	212	
removed	sp|P0ACU5|FABR_ECOLI	234	
removed	sp|P0ACU7|YJDC_ECOLI	191	
removed	sp|P0ACV0|LPXL_ECOLI	306	
removed	sp|P0ACV2|LPXP_ECOLI	306	
removed	sp|P0ACV4|LAPA_ECOLI	102	
removed	sp|P0ACV6|MPAA_ECOLI	242	
removed	sp|P0ACV8|YMJA_ECOLI	81	
removed	sp|P0ACW0|YDAF_ECOLI	51	
removed	sp|P0ACW2|YDBJ_ECOLI	88	
removed	sp|P0ACW4|YDCA_ECOLI	57	
removed	sp|P0ACW6|YDCH_ECOLI	74	
removed	sp|P0ACW8|YDFA_ECOLI	51	
removed	sp|P0ACX0|YDGC_ECOLI	111	
removed	sp|P0ACX3|YDHR_ECOLI	101	
removed	sp|P0ACX5|FUMD_ECOLI	69	
removed	sp|P0ACX9|YDIE_ECOLI	63	
removed	sp|P0ACY1|YDJA_ECOLI	183	
removed	sp|P0ACY3|YEAG_ECOLI	644	
removed	sp|P0ACY6|YEAL_ECOLI	148	
removed	sp|P0ACY9|YEBG_ECOLI	96	
removed	sp|P0ACZ2|ETP_ECOLI	148	
removed	sp|P0ACZ4|EVGA_ECOLI	204	
removed	sp|P0ACZ8|CUSR_ECOLI	227	
removed	sp|P0AD01|DCUR_ECOLI	239	
removed	sp|P0AD03|LETA_ECOLI	427	
removed	sp|P0AD05|YECA_ECOLI	221	
removed	sp|P0AD07|YECF_ECOLI	74	
removed	sp|P0AD10|YECJ_ECOLI	83	
removed	sp|P0AD12|YEEZ_ECOLI	274	
removed	sp|P0AD14|BTSS_ECOLI	561	
removed	sp|P0AD17|YOHC_ECOLI	195	
removed	sp|P0AD19|YOHK_ECOLI	231	
removed	sp|P0AD21|YEJG_ECOLI	114	
removed	sp|P0AD24|YEJL_ECOLI	75	
removed	sp|P0AD27|PBGA_ECOLI	586	
removed	sp|P0AD30|YFCA_ECOLI	269	
removed	sp|P0AD33|YFCZ_ECOLI	94	
removed	sp|P0AD35|YFDO_ECOLI	122	
removed	sp|P0AD37|YFEC_ECOLI	114	
removed	sp|P0AD40|YPEB_ECOLI	72	
removed	sp|P0AD42|PGPC_ECOLI	211	
removed	sp|P0AD44|YFHG_ECOLI	237	
removed	sp|P0AD47|YPHA_ECOLI	140	
removed	sp|P0AD49|YFIA_ECOLI	113	
removed	sp|P0AD53|YGAC_ECOLI	114	
removed	sp|P0AD57|ISPB_ECOLI	323	
removed	sp|P0AD59|IVY_ECOLI	157	
removed	sp|P0AD61|KPYK1_ECOLI	470	
removed	sp|P0AD65|MRDA_ECOLI	633	
removed	sp|P0AD68|FTSI_ECOLI	588	
removed	sp|P0AD70|AMPH_ECOLI	385	
removed	sp|P0AD72|LPF_ECOLI	15	
removed	sp|P0AD74|LPF2_ECOLI	14	
removed	sp|P0AD79|LPL_ECOLI	28	
removed	sp|P0AD83|LPPY_ECOLI	44	
removed	sp|P0AD86|LPT_ECOLI	21	
removed	sp|P0AD89|LPTN_ECOLI	24	
removed	sp|P0AD92|LPW_ECOLI	14	
removed	sp|P0AD96|LIVJ_ECOLI	367	
removed	sp|P0AD99|BRNQ_ECOLI	439	
removed	sp|P0ADA1|TESA_ECOLI	208	
removed	sp|P0ADA3|NLPD_ECOLI	379	
removed	sp|P0ADA5|YAJG_ECOLI	192	
removed	sp|P0ADA7|OSMB_ECOLI	72	
removed	sp|P0ADB1|OSME_ECOLI	112	
removed	sp|P0ADB4|ECNA_ECOLI	41	
removed	sp|P0ADB7|ECNB_ECOLI	48	
removed	sp|P0ADC1|LPTE_ECOLI	193	
removed	sp|P0ADC3|LOLC_ECOLI	399	
removed	sp|P0ADC6|LPTG_ECOLI	360	
removed	sp|P0ADC8|YJIX_ECOLI	67	
removed	sp|P0ADD2|YJJB_ECOLI	157	
removed	sp|P0ADD5|YJJP_ECOLI	256	
removed	sp|P0ADD7|YJJQ_ECOLI	241	
removed	sp|P0ADD9|YJJY_ECOLI	46	
removed	sp|P0ADE2|YTFK_ECOLI	68	
removed	sp|P0ADE4|TAMA_ECOLI	577	
removed	sp|P0ADE6|KBP_ECOLI	149	
removed	sp|P0ADE8|YGFZ_ECOLI	326	
removed	sp|P0ADF0|LPFS_ECOLI	28	
removed	sp|P0ADF3|LPRH_ECOLI	33	
removed	sp|P0ADF6|EDD_ECOLI	603	
removed	sp|P0ADF8|ILVN_ECOLI	96	
removed	sp|P0ADG1|ILVM_ECOLI	87	
removed	sp|P0ADG4|SUHB_ECOLI	267	
removed	sp|P0ADG7|IMDH_ECOLI	488	
removed	sp|P0ADH5|FIMB_ECOLI	200	
removed	sp|P0ADH7|FIME_ECOLI	198	
removed	sp|P0ADI0|PINR_ECOLI	196	
removed	sp|P0ADI4|ENTB_ECOLI	285	
removed	sp|P0ADI7|YECD_ECOLI	188	
removed	sp|P0ADI9|YHHN_ECOLI	208	
removed	sp|P0ADJ3|YHJR_ECOLI	62	
removed	sp|P0ADJ5|BCSF_ECOLI	63	
removed	sp|P0ADJ8|YIAA_ECOLI	145	
removed	sp|P0ADK0|YIAF_ECOLI	236	
removed	sp|P0ADK4|YIAW_ECOLI	107	
removed	sp|P0ADK6|YIBA_ECOLI	280	
removed	sp|P0ADK8|YIBL_ECOLI	120	
removed	sp|P0ADL1|NEPI_ECOLI	396	
removed	sp|P0ADL3|YICN_ECOLI	150	
removed	sp|P0ADL6|YIDG_ECOLI	120	
removed	sp|P0ADM0|YIDH_ECOLI	115	
removed	sp|P0ADM4|YIDQ_ECOLI	110	
removed	sp|P0ADM6|YIDX_ECOLI	218	
removed	sp|P0ADM8|YIEE_ECOLI	249	
removed	sp|P0ADN0|VIAA_ECOLI	483	
removed	sp|P0ADN2|MAOP_ECOLI	112	
removed	sp|P0ADN6|LPTM_ECOLI	67	
removed	sp|P0ADP0|YIGB_ECOLI	238	
removed	sp|P0ADP2|YIGI_ECOLI	155	
removed	sp|P0ADP5|BIOP_ECOLI	299	
removed	sp|P0ADP7|UBIJ_ECOLI	201	
removed	sp|P0ADP9|YIHD_ECOLI	89	
removed	sp|P0ADQ2|FABY_ECOLI	329	
removed	sp|P0ADQ5|YIIE_ECOLI	72	
removed	sp|P0ADQ7|YGAM_ECOLI	109	
removed	sp|P0ADR0|YQAA_ECOLI	142	
removed	sp|P0ADR2|YGDD_ECOLI	131	
removed	sp|P0ADR6|RLMM_ECOLI	366	
removed	sp|P0ADR8|PPNN_ECOLI	454	
removed	sp|P0ADS2|ZAPA_ECOLI	109	
removed	sp|P0ADS6|YGGE_ECOLI	246	
removed	sp|P0ADS9|YGGN_ECOLI	239	
removed	sp|P0ADT2|YGIB_ECOLI	223	
removed	sp|P0ADT5|YGIC_ECOLI	386	
removed	sp|P0ADT8|YGIM_ECOLI	206	
removed	sp|P0ADU2|YGIN_ECOLI	104	
removed	sp|P0ADU5|YGIW_ECOLI	130	
removed	sp|P0ADU7|YQIB_ECOLI	140	
removed	sp|P0ADV1|LPTA_ECOLI	185	
removed	sp|P0ADV5|YHBW_ECOLI	335	
removed	sp|P0ADV7|MLAC_ECOLI	211	
removed	sp|P0ADV9|LPTC_ECOLI	191	
removed	sp|P0ADW3|ZAPG_ECOLI	132	
removed	sp|P0ADW6|YHCC_ECOLI	309	
removed	sp|P0ADW8|YHEV_ECOLI	66	
removed	sp|P0ADX1|YHFA_ECOLI	134	
removed	sp|P0ADX5|YHFG_ECOLI	55	
removed	sp|P0ADX7|YHHA_ECOLI	146	
removed	sp|P0ADX9|RSMD_ECOLI	198	
removed	sp|P0ADY1|PPID_ECOLI	623	
removed	sp|P0ADY3|RL14_ECOLI	123	
removed	sp|P0ADY7|RL16_ECOLI	136	
removed	sp|P0ADZ0|RL23_ECOLI	100	
removed	sp|P0ADZ4|RS15_ECOLI	89	
removed	sp|P0ADZ7|YAJC_ECOLI	110	
removed	sp|P0AE01|TRMJ_ECOLI	246	
removed	sp|P0AE06|ACRA_ECOLI	397	
removed	sp|P0AE08|AHPC_ECOLI	187	
removed	sp|P0AE12|AMN_ECOLI	484	
removed	sp|P0AE14|AMPE_ECOLI	284	
removed	sp|P0AE16|AMPG_ECOLI	491	
removed	sp|P0AE18|MAP1_ECOLI	264	
removed	sp|P0AE22|APHA_ECOLI	237	
removed	sp|P0AE24|ARAE_ECOLI	472	
removed	sp|P0AE26|ARAH_ECOLI	328	
removed	sp|P0AE28|AROM_ECOLI	225	
removed	sp|P0AE30|ARTM_ECOLI	222	
removed	sp|P0AE34|ARTQ_ECOLI	238	
removed	sp|P0AE37|ASTA_ECOLI	344	
removed	sp|P0AE39|YPDB_ECOLI	244	
removed	sp|P0AE42|YQAE_ECOLI	52	
removed	sp|P0AE45|PAEA_ECOLI	447	
removed	sp|P0AE48|YTFP_ECOLI	113	
removed	sp|P0AE52|BCP_ECOLI	156	
removed	sp|P0AE56|BFD_ECOLI	64	
removed	sp|P0AE58|CAIF_ECOLI	131	
removed	sp|P0AE60|CEDA_ECOLI	80	
removed	sp|P0AE63|CHAB_ECOLI	76	
removed	sp|P0AE67|CHEY_ECOLI	129	
removed	sp|P0AE70|MAZF_ECOLI	111	
removed	sp|P0AE72|MAZE_ECOLI	82	
removed	sp|P0AE74|CITT_ECOLI	487	
removed	sp|P0AE76|COBU_ECOLI	181	
removed	sp|P0AE78|CORC_ECOLI	292	
removed	sp|P0AE82|CPXA_ECOLI	457	
removed	sp|P0AE85|CPXP_ECOLI	166	
removed	sp|P0AE88|CPXR_ECOLI	232	
removed	sp|P0AE91|CREA_ECOLI	157	
removed	sp|P0AE95|CSGE_ECOLI	129	
removed	sp|P0AE98|CSGF_ECOLI	138	
removed	sp|P0AEA2|CSGG_ECOLI	277	
removed	sp|P0AEA5|CYOE_ECOLI	296	
removed	sp|P0AEA8|CYSG_ECOLI	457	
removed	sp|P0AEB0|CYSW_ECOLI	291	
removed	sp|P0AEB2|DACA_ECOLI	403	
removed	sp|P0AEB5|YNAI_ECOLI	343	
removed	sp|P0AEB7|YOAB_ECOLI	114	
removed	sp|P0AEC0|YOAE_ECOLI	518	
removed	sp|P0AEC3|ARCB_ECOLI	778	
removed	sp|P0AEC5|BARA_ECOLI	918	
removed	sp|P0AEC8|DCUS_ECOLI	543	
removed	sp|P0AED0|USPA_ECOLI	144	
removed	sp|P0AED5|UVRY_ECOLI	218	
removed	sp|P0AED7|DAPE_ECOLI	375	
removed	sp|P0AED9|DCM_ECOLI	472	
removed	sp|P0AEE1|DCRB_ECOLI	185	
removed	sp|P0AEE3|DEGS_ECOLI	355	
removed	sp|P0AEE5|MGLB_ECOLI	332	
removed	sp|P0AEE8|DMA_ECOLI	278	
removed	sp|P0AEF0|DNAC_ECOLI	245	
removed	sp|P0AEF4|DPIA_ECOLI	226	
removed	sp|P0AEF8|DPPB_ECOLI	339	
removed	sp|P0AEG1|DPPC_ECOLI	300	
removed	sp|P0AEG4|DSBA_ECOLI	208	
removed	sp|P0AEG6|DSBC_ECOLI	236	
removed	sp|P0AEG8|DSRB_ECOLI	62	
removed	sp|P0AEH1|RSEP_ECOLI	450	
removed	sp|P0AEH3|ELAA_ECOLI	153	
removed	sp|P0AEH5|ELAB_ECOLI	101	
removed	sp|P0AEH8|YJIG_ECOLI	153	
removed	sp|P0AEI1|MIAB_ECOLI	474	
removed	sp|P0AEI4|RIMO_ECOLI	441	
removed	sp|P0AEI6|NUDJ_ECOLI	153	
removed	sp|P0AEJ0|EMRB_ECOLI	512	
removed	sp|P0AEJ2|ENTC_ECOLI	391	
removed	sp|P0AEJ4|ENVZ_ECOLI	450	
removed	sp|P0AEJ6|EUTB_ECOLI	453	
removed	sp|P0AEJ8|EUTN_ECOLI	95	
removed	sp|P0AEK0|EXOX_ECOLI	220	
removed	sp|P0AEK2|FABG_ECOLI	244	
removed	sp|P0AEK4|FABI_ECOLI	262	
removed	sp|P0AEK7|FDNI_ECOLI	217	
removed	sp|P0AEL0|FDOI_ECOLI	211	
removed	sp|P0AEL3|FEOA_ECOLI	75	
removed	sp|P0AEL6|FEPB_ECOLI	318	
removed	sp|P0AEL8|FIMZ_ECOLI	210	
removed	sp|P0AEM0|FKBX_ECOLI	149	
removed	sp|P0AEM4|FLGM_ECOLI	97	
removed	sp|P0AEM6|FLIA_ECOLI	239	
removed	sp|P0AEM9|TCYJ_ECOLI	266	
removed	sp|P0AEN1|FRE_ECOLI	233	
removed	sp|P0AEN4|FTSL_ECOLI	121	
removed	sp|P0AEN8|FUCM_ECOLI	140	
removed	sp|P0AEP1|GALP_ECOLI	464	
removed	sp|P0AEP3|GALU_ECOLI	302	
removed	sp|P0AEP7|GCL_ECOLI	593	
removed	sp|P0AEP9|GLCD_ECOLI	499	
removed	sp|P0AEQ1|GLCG_ECOLI	134	
removed	sp|P0AEQ3|GLNH_ECOLI	248	
removed	sp|P0AEQ6|GLNP_ECOLI	219	
removed	sp|P0AER0|GLPF_ECOLI	281	
removed	sp|P0AER3|GLTJ_ECOLI	246	
removed	sp|P0AER5|GLTK_ECOLI	224	
removed	sp|P0AER8|GLTS_ECOLI	401	
removed	sp|P0AES0|GSP_ECOLI	619	
removed	sp|P0AES2|GUDD_ECOLI	446	
removed	sp|P0AES4|GYRA_ECOLI	875	
removed	sp|P0AES6|GYRB_ECOLI	804	
removed	sp|P0AES9|HDEA_ECOLI	110	
removed	sp|P0AET2|HDEB_ECOLI	108	
removed	sp|P0AET5|HDED_ECOLI	190	
removed	sp|P0AET8|HDHA_ECOLI	255	
removed	sp|P0AEU0|HISJ_ECOLI	260	
removed	sp|P0AEU3|HISM_ECOLI	238	
removed	sp|P0AEU7|SKP_ECOLI	161	
removed	sp|P0AEV1|RSSB_ECOLI	337	
removed	sp|P0AEV4|HYCA_ECOLI	153	
removed	sp|P0AEV7|HYCH_ECOLI	136	
removed	sp|P0AEV9|HYCI_ECOLI	156	
removed	sp|P0AEW1|HYFE_ECOLI	216	
removed	sp|P0AEW4|CPDA_ECOLI	275	
removed	sp|P0AEW6|INGK_ECOLI	434	
removed	sp|P0AEW9|K1PF_ECOLI	312	
removed	sp|P0AEX3|KGTP_ECOLI	432	
removed	sp|P0AEX5|KPPR_ECOLI	289	
removed	sp|P0AEX7|LIVH_ECOLI	308	
removed	sp|P0AEX9|MALE_ECOLI	396	
removed	sp|P0AEY1|MARC_ECOLI	221	
removed	sp|P0AEY3|MAZG_ECOLI	263	
removed	sp|P0AEY5|MDAB_ECOLI	193	
removed	sp|P0AEY8|MDFA_ECOLI	410	
removed	sp|P0AEZ1|METF_ECOLI	296	
removed	sp|P0AEZ3|MIND_ECOLI	270	
removed	sp|P0AEZ7|MLTD_ECOLI	452	
removed	sp|P0AEZ9|MOAB_ECOLI	170	
removed	sp|P0AF01|MODB_ECOLI	229	
removed	sp|P0AF03|MOG_ECOLI	195	
removed	sp|P0AF06|MOTB_ECOLI	308	
removed	sp|P0AF08|APBC_ECOLI	369	
removed	sp|P0AF10|MTLR_ECOLI	195	
removed	sp|P0AF12|MTNN_ECOLI	232	
removed	sp|P0AF16|MURJ_ECOLI	511	
removed	sp|P0AF18|NAGA_ECOLI	382	
removed	sp|P0AF20|NAGC_ECOLI	406	
removed	sp|P0AF24|NAGD_ECOLI	250	
removed	sp|P0AF26|NARJ_ECOLI	236	
removed	sp|P0AF28|NARL_ECOLI	216	
removed	sp|P0AF32|NARV_ECOLI	226	
removed	sp|P0AF34|YIIR_ECOLI	146	
removed	sp|P0AF36|ZAPB_ECOLI	81	
removed	sp|P0AF40|YIJD_ECOLI	119	
removed	sp|P0AF43|YJBB_ECOLI	543	
removed	sp|P0AF45|YJBE_ECOLI	80	
removed	sp|P0AF48|YJBQ_ECOLI	138	
removed	sp|P0AF50|YJBR_ECOLI	118	
removed	sp|P0AF52|GHXP_ECOLI	449	
removed	sp|P0AF54|YJCH_ECOLI	104	
removed	sp|P0AF56|YJCO_ECOLI	229	
removed	sp|P0AF59|YJDI_ECOLI	76	
removed	sp|P0AF61|GHOS_ECOLI	98	
removed	sp|P0AF63|NSRR_ECOLI	141	
removed	sp|P0AF67|TSAE_ECOLI	153	
removed	sp|P0AF70|YJEI_ECOLI	117	
removed	sp|P0AF73|YJET_ECOLI	65	
removed	sp|P0AF76|YJFI_ECOLI	133	
removed	sp|P0AF78|YJFJ_ECOLI	232	
removed	sp|P0AF80|YJFL_ECOLI	132	
removed	sp|P0AF82|YJFN_ECOLI	91	
removed	sp|P0AF86|YJFY_ECOLI	91	
removed	sp|P0AF90|RRAB_ECOLI	138	
removed	sp|P0AF93|RIDA_ECOLI	128	
removed	sp|P0AF96|TABA_ECOLI	150	
removed	sp|P0AF98|LPTF_ECOLI	366	
removed	sp|P0AFA2|NARX_ECOLI	598	
removed	sp|P0AFA5|NFRB_ECOLI	745	
removed	sp|P0AFA7|NHAB_ECOLI	513	
removed	sp|P0AFA9|NIKC_ECOLI	277	
removed	sp|P0AFB1|NLPI_ECOLI	294	
removed	sp|P0AFB5|NTRB_ECOLI	349	
removed	sp|P0AFB8|NTRC_ECOLI	469	
removed	sp|P0AFC0|NUDB_ECOLI	150	
removed	sp|P0AFC3|NUOA_ECOLI	147	
removed	sp|P0AFC7|NUOB_ECOLI	220	
removed	sp|P0AFD1|NUOE_ECOLI	166	
removed	sp|P0AFD4|NUOH_ECOLI	325	
removed	sp|P0AFD6|NUOI_ECOLI	180	
removed	sp|P0AFE0|NUOJ_ECOLI	184	
removed	sp|P0AFE4|NUOK_ECOLI	100	
removed	sp|P0AFE8|NUOM_ECOLI	509	
removed	sp|P0AFF0|NUON_ECOLI	485	
removed	sp|P0AFF2|NUPC_ECOLI	400	
removed	sp|P0AFF4|NUPG_ECOLI	418	
removed	sp|P0AFF6|NUSA_ECOLI	495	
removed	sp|P0AFG0|NUSG_ECOLI	181	
removed	sp|P0AFG3|ODO1_ECOLI	933	
removed	sp|P0AFG6|ODO2_ECOLI	405	
removed	sp|P0AFG8|ODP1_ECOLI	887	
removed	sp|P0AFH0|OGT_ECOLI	171	
removed	sp|P0AFH2|OPPB_ECOLI	306	
removed	sp|P0AFH6|OPPC_ECOLI	302	
removed	sp|P0AFH8|OSMY_ECOLI	201	
removed	sp|P0AFI0|OXC_ECOLI	564	
removed	sp|P0AFI2|PARC_ECOLI	752	
removed	sp|P0AFI5|PBP7_ECOLI	310	
removed	sp|P0AFI7|PDXH_ECOLI	218	
removed	sp|P0AFI9|PERM_ECOLI	353	
removed	sp|P0AFJ1|YJDM_ECOLI	111	
removed	sp|P0AFJ5|PHOB_ECOLI	229	
removed	sp|P0AFJ7|PITA_ECOLI	499	
removed	sp|P0AFK0|PMBA_ECOLI	450	
removed	sp|P0AFK2|PNUC_ECOLI	239	
removed	sp|P0AFK4|POTB_ECOLI	275	
removed	sp|P0AFK6|POTC_ECOLI	264	
removed	sp|P0AFK9|POTD_ECOLI	348	
removed	sp|P0AFL1|POTI_ECOLI	281	
removed	sp|P0AFL3|PPIA_ECOLI	190	
removed	sp|P0AFL6|PPX_ECOLI	513	
removed	sp|P0AFL9|PQIA_ECOLI	417	
removed	sp|P0AFM2|PROX_ECOLI	330	
removed	sp|P0AFM4|PSIF_ECOLI	106	
removed	sp|P0AFM6|PSPA_ECOLI	222	
removed	sp|P0AFM9|PSPB_ECOLI	74	
removed	sp|P0AFN2|PSPC_ECOLI	119	
removed	sp|P0AFN6|YADH_ECOLI	256	
removed	sp|P0AFP0|YADS_ECOLI	207	
removed	sp|P0AFP2|ATL_ECOLI	129	
removed	sp|P0AFP4|YBBO_ECOLI	269	
removed	sp|P0AFP6|GCH1L_ECOLI	247	
removed	sp|P0AFP9|YBHR_ECOLI	368	
removed	sp|P0AFQ2|YBHS_ECOLI	377	
removed	sp|P0AFQ5|RUTC_ECOLI	128	
removed	sp|P0AFQ7|YCFH_ECOLI	265	
removed	sp|P0AFR0|RSSA_ECOLI	301	
removed	sp|P0AFR2|DAUA_ECOLI	559	
removed	sp|P0AFR4|YCIO_ECOLI	206	
removed	sp|P0AFR7|YCJO_ECOLI	293	
removed	sp|P0AFR9|YDCV_ECOLI	264	
removed	sp|P0AFS1|LSRD_ECOLI	330	
removed	sp|P0AFS3|FOLM_ECOLI	240	
removed	sp|P0AFS5|TQSA_ECOLI	344	
removed	sp|P0AFS7|YDIK_ECOLI	370	
removed	sp|P0AFS9|MEPM_ECOLI	440	
removed	sp|P0AFT2|TCYL_ECOLI	222	
removed	sp|P0AFT5|BTSR_ECOLI	239	
removed	sp|P0AFT8|YEIW_ECOLI	84	
removed	sp|P0AFU0|YEJB_ECOLI	364	
removed	sp|P0AFU2|YFBS_ECOLI	610	
removed	sp|P0AFU4|GLRR_ECOLI	444	
removed	sp|P0AFU6|YIIF_ECOLI	72	
removed	sp|P0AFU8|RISA_ECOLI	213	
removed	sp|P0AFV0|YIBH_ECOLI	378	
removed	sp|P0AFV2|YHID_ECOLI	215	
removed	sp|P0AFV4|MEPS_ECOLI	188	
removed	sp|P0AFV8|PSPD_ECOLI	73	
removed	sp|P0AFW0|RFAH_ECOLI	162	
removed	sp|P0AFW2|RMF_ECOLI	55	
removed	sp|P0AFW4|RNK_ECOLI	136	
removed	sp|P0AFW8|ROF_ECOLI	84	
removed	sp|P0AFX0|HPF_ECOLI	95	
removed	sp|P0AFX4|RSD_ECOLI	158	
removed	sp|P0AFX7|RSEA_ECOLI	216	
removed	sp|P0AFX9|RSEB_ECOLI	318	
removed	sp|P0AFY2|SANA_ECOLI	239	
removed	sp|P0AFY6|SBMA_ECOLI	406	
removed	sp|P0AFY8|SEQA_ECOLI	181	
removed	sp|P0AFZ1|SSEB_ECOLI	258	
removed	sp|P0AFZ3|SSPB_ECOLI	165	
removed	sp|P0AFZ5|SULA_ECOLI	169	
removed	sp|P0AFZ7|TRKH_ECOLI	483	
removed	sp|P0AG00|WZZE_ECOLI	348	
removed	sp|P0AG03|UBIX_ECOLI	189	
removed	sp|P0AG07|RPE_ECOLI	225	
removed	sp|P0AG11|UMUD_ECOLI	139	
removed	sp|P0AG14|SOHB_ECOLI	349	
removed	sp|P0AG16|PUR1_ECOLI	505	
removed	sp|P0AG18|PURE_ECOLI	169	
removed	sp|P0AG20|RELA_ECOLI	744	
removed	sp|P0AG24|SPOT_ECOLI	702	
removed	sp|P0AG27|YIBN_ECOLI	143	
removed	sp|P0AG30|RHO_ECOLI	419	
removed	sp|P0AG34|RHTB_ECOLI	206	
removed	sp|P0AG38|RHTC_ECOLI	206	
removed	sp|P0AG40|RIBF_ECOLI	313	
removed	sp|P0AG44|RL17_ECOLI	127	
removed	sp|P0AG48|RL21_ECOLI	103	
removed	sp|P0AG51|RL30_ECOLI	59	
removed	sp|P0AG55|RL6_ECOLI	177	
removed	sp|P0AG59|RS14_ECOLI	101	
removed	sp|P0AG63|RS17_ECOLI	84	
removed	sp|P0AG67|RS1_ECOLI	557	
removed	sp|P0AG71|RMUC_ECOLI	475	
removed	sp|P0AG74|RUSA_ECOLI	120	
removed	sp|P0AG76|SBCD_ECOLI	400	
removed	sp|P0AG78|SUBI_ECOLI	329	
removed	sp|P0AG80|UGPB_ECOLI	438	
removed	sp|P0AG82|PSTS_ECOLI	346	
removed	sp|P0AG84|YGHA_ECOLI	294	
removed	sp|P0AG86|SECB_ECOLI	155	
removed	sp|P0AG90|SECD_ECOLI	615	
removed	sp|P0AG93|SECF_ECOLI	323	
removed	sp|P0AG96|SECE_ECOLI	127	
removed	sp|P0AG99|SECG_ECOLI	110	
removed	sp|P0AGA2|SECY_ECOLI	443	
removed	sp|P0AGA6|UHPA_ECOLI	196	
removed	sp|P0AGB0|SERB_ECOLI	322	
removed	sp|P0AGB3|RPOH_ECOLI	284	
removed	sp|P0AGB6|RPOE_ECOLI	191	
removed	sp|P0AGC0|UHPT_ECOLI	463	
removed	sp|P0AGC3|SLT_ECOLI	645	
removed	sp|P0AGC5|MLTF_ECOLI	518	
removed	sp|P0AGC7|SMP_ECOLI	214	
removed	sp|P0AGD1|SODC_ECOLI	173	
removed	sp|P0AGD3|SODF_ECOLI	193	
removed	sp|P0AGD7|SRP54_ECOLI	453	
removed	sp|P0AGE0|SSB_ECOLI	178	
removed	sp|P0AGE4|SSTT_ECOLI	414	
removed	sp|P0AGE6|CHRR_ECOLI	188	
removed	sp|P0AGE9|SUCD_ECOLI	289	
removed	sp|P0AGF2|CSDE_ECOLI	147	
removed	sp|P0AGF4|XYLE_ECOLI	491	
removed	sp|P0AGF6|TDCB_ECOLI	329	
removed	sp|P0AGG0|THIL_ECOLI	325	
removed	sp|P0AGG2|TESB_ECOLI	286	
removed	sp|P0AGG4|THIO2_ECOLI	139	
removed	sp|P0AGG8|TLDD_ECOLI	481	
removed	sp|P0AGH1|YHHJ_ECOLI	374	
removed	sp|P0AGH3|SAPB_ECOLI	321	
removed	sp|P0AGH5|SAPC_ECOLI	296	
removed	sp|P0AGH8|PSTC_ECOLI	319	
removed	sp|P0AGI1|RBSC_ECOLI	321	
removed	sp|P0AGI4|XYLH_ECOLI	393	
removed	sp|P0AGI8|TRKA_ECOLI	458	
removed	sp|P0AGJ2|TRMH_ECOLI	229	
removed	sp|P0AGJ5|YFIF_ECOLI	345	
removed	sp|P0AGJ7|TRML_ECOLI	157	
removed	sp|P0AGJ9|SYY_ECOLI	424	
removed	sp|P0AGK1|UBIA_ECOLI	290	
removed	sp|P0AGK4|YHBY_ECOLI	97	
removed	sp|P0AGK8|ISCR_ECOLI	162	
removed	sp|P0AGL2|TDCF_ECOLI	129	
removed	sp|P0AGL5|RATA_ECOLI	158	
removed	sp|P0AGL7|RSME_ECOLI	243	
removed	sp|P0AGM0|YHHT_ECOLI	349	
removed	sp|P0AGM2|YICG_ECOLI	205	
removed	sp|P0AGM5|SIRB1_ECOLI	269	
removed	sp|P0AGM7|URAA_ECOLI	429	
removed	sp|P0AGM9|XANP_ECOLI	463	
removed	sp|P0C018|RL18_ECOLI	117	
removed	sp|P0C037|PPNP_ECOLI	94	
removed	sp|P0C054|IBPA_ECOLI	137	
removed	sp|P0C058|IBPB_ECOLI	142	
removed	sp|P0C066|MLTC_ECOLI	359	
removed	sp|P0C077|RELE_ECOLI	95	
removed	sp|P0C079|RELB_ECOLI	79	
removed	sp|P0C093|SLMA_ECOLI	198	
removed	sp|P0C0K3|SRKA_ECOLI	328	
removed	sp|P0C0L2|OSMC_ECOLI	143	
removed	sp|P0C0L7|PROP_ECOLI	500	
removed	sp|P0C0L9|ISCX_ECOLI	66	
removed	sp|P0C0R7|RLME_ECOLI	209	
removed	sp|P0C0S1|MSCS_ECOLI	286	
removed	sp|P0C0T5|MEPA_ECOLI	274	
removed	sp|P0C0U4|RIMK_ECOLI	300	
removed	sp|P0C0V0|DEGP_ECOLI	474	
removed	sp|P0C7L2|PAAJ_ECOLI	401	
removed	sp|P0C8J6|GATY_ECOLI	284	
removed	sp|P0C8J8|GATZ_ECOLI	420	
removed	sp|P0C8K0|KBAZ_ECOLI	426	
removed	sp|P0C960|EMTA_ECOLI	203	
removed	sp|P0CB39|EPTC_ECOLI	577	
removed	sp|P0CB62|YMIA_ECOLI	46	
removed	sp|P0CD93|YMJD_ECOLI	21	
removed	sp|P0CE44|UIDB_ECOLI	457	
removed	sp|P0CE47|EFTU1_ECOLI	394	
removed	sp|P0CE48|EFTU2_ECOLI	394	
removed	sp|P0CE49|INSH1_ECOLI	326	
removed	sp|P0CE50|INSH2_ECOLI	326	
removed	sp|P0CE51|INSH3_ECOLI	326	
removed	sp|P0CE52|INSH4_ECOLI	326	
removed	sp|P0CE53|INSH6_ECOLI	326	
removed	sp|P0CE54|INSH7_ECOLI	326	
removed	sp|P0CE55|INSH8_ECOLI	326	
removed	sp|P0CE56|INSH9_ECOLI	326	
removed	sp|P0CE57|INH10_ECOLI	326	
removed	sp|P0CE58|INH11_ECOLI	326	
removed	sp|P0CF07|INSA1_ECOLI	91	
removed	sp|P0CF08|INSA2_ECOLI	91	
removed	sp|P0CF09|INSA3_ECOLI	91	
removed	sp|P0CF10|INSA4_ECOLI	91	
removed	sp|P0CF11|INSA5_ECOLI	91	
removed	sp|P0CF12|INSA6_ECOLI	91	
removed	sp|P0CF25|INSB1_ECOLI	167	
removed	sp|P0CF26|INSB2_ECOLI	167	
removed	sp|P0CF27|INSB3_ECOLI	167	
removed	sp|P0CF28|INSB5_ECOLI	167	
removed	sp|P0CF29|INSB6_ECOLI	167	
removed	sp|P0CF40|INSC1_ECOLI	121	
removed	sp|P0CF41|INSC2_ECOLI	121	
removed	sp|P0CF42|INSC3_ECOLI	121	
removed	sp|P0CF43|INSC4_ECOLI	121	
removed	sp|P0CF44|INSC5_ECOLI	121	
removed	sp|P0CF45|INSC6_ECOLI	121	
removed	sp|P0CF53|INSD1_ECOLI	301	
removed	sp|P0CF54|INSD2_ECOLI	301	
removed	sp|P0CF55|INSD3_ECOLI	301	
removed	sp|P0CF56|INSD4_ECOLI	301	
removed	sp|P0CF57|INSD5_ECOLI	301	
removed	sp|P0CF58|INSD6_ECOLI	301	
removed	sp|P0CF60|INSD8_ECOLI	218	
removed	sp|P0CF66|INSE1_ECOLI	99	
removed	sp|P0CF67|INSE2_ECOLI	99	
removed	sp|P0CF68|INSE3_ECOLI	99	
removed	sp|P0CF69|INSE4_ECOLI	99	
removed	sp|P0CF70|INSE5_ECOLI	99	
removed	sp|P0CF79|INSF1_ECOLI	288	
removed	sp|P0CF80|INSF2_ECOLI	288	
removed	sp|P0CF81|INSF3_ECOLI	288	
removed	sp|P0CF82|INSF4_ECOLI	288	
removed	sp|P0CF83|INSF5_ECOLI	288	
removed	sp|P0CF86|YFJU_ECOLI	104	
removed	sp|P0CF88|INSI1_ECOLI	383	
removed	sp|P0CF89|INSI3_ECOLI	383	
removed	sp|P0CF90|INSI4_ECOLI	383	
removed	sp|P0CF91|INSL1_ECOLI	370	
removed	sp|P0CF92|INSL2_ECOLI	370	
removed	sp|P0CF93|INSL3_ECOLI	370	
removed	sp|P0CG19|RNPH_ECOLI	228	
removed	sp|P0CI31|HCAB_ECOLI	270	
removed	sp|P0CK95|ACFD_ECOLI	1520	
removed	sp|P0DKB3|MNTS_ECOLI	42	
removed	sp|P0DM85|RDCA_ECOLI	742	
removed	sp|P0DMC5|RCSC_ECOLI	949	
removed	sp|P0DMC7|RCSB_ECOLI	216	
removed	sp|P0DMC9|RCSA_ECOLI	207	
removed	sp|P0DN74|YTIA_ECOLI	85	
removed	sp|P0DP21|YJIP_ECOLI	103	
removed	sp|P0DP22|YJIQ_ECOLI	186	
removed	sp|P0DP63|YBEH_ECOLI	75	
removed	sp|P0DP64|YBEM_ECOLI	187	
removed	sp|P0DP69|PHNE1_ECOLI	206	
removed	sp|P0DP70|PHNE2_ECOLI	122	
removed	sp|P0DP89|ILVGP_ECOLI	327	
removed	sp|P0DPC4|YTIC_ECOLI	33	
removed	sp|P0DPC5|YTID_ECOLI	47	
removed	sp|P0DPC6|IDLP_ECOLI	27	
removed	sp|P0DPC7|RSED_ECOLI	51	
removed	sp|P0DPC8|YMCF_ECOLI	62	
removed	sp|P0DPC9|YNFQ_ECOLI	62	
removed	sp|P0DPD0|LDRA_ECOLI	35	
removed	sp|P0DPD1|LDRC_ECOLI	35	
removed	sp|P0DPM5|YABR_ECOLI	14	
removed	sp|P0DPM6|YACM_ECOLI	14	
removed	sp|P0DPM7|YADW_ECOLI	21	
removed	sp|P0DPM8|YKGS_ECOLI	42	
removed	sp|P0DPM9|YKGV_ECOLI	74	
removed	sp|P0DPN0|YAHV_ECOLI	24	
removed	sp|P0DPN1|YKIC_ECOLI	39	
removed	sp|P0DPN2|YKID_ECOLI	27	
removed	sp|P0DPN3|YLCJ_ECOLI	49	
removed	sp|P0DPN4|YLDA_ECOLI	29	
removed	sp|P0DPN5|YBGU_ECOLI	35	
removed	sp|P0DPN6|YLIM_ECOLI	21	
removed	sp|P0DPN7|YMDG_ECOLI	8	
removed	sp|P0DPN8|YMGK_ECOLI	14	
removed	sp|P0DPN9|YMGL_ECOLI	36	
removed	sp|P0DPO0|YMGM_ECOLI	67	
removed	sp|P0DPO1|YMIC_ECOLI	31	
removed	sp|P0DPO2|YMJE_ECOLI	54	
removed	sp|P0DPO3|YNAL_ECOLI	57	
removed	sp|P0DPO4|YNAM_ECOLI	37	
removed	sp|P0DPO5|YNCO_ECOLI	61	
removed	sp|P0DPO6|YDDY_ECOLI	13	
removed	sp|P0DPO7|YNEP_ECOLI	40	
removed	sp|P0DPO8|YNFT_ECOLI	37	
removed	sp|P0DPO9|YNFR_ECOLI	21	
removed	sp|P0DPP0|YNFS_ECOLI	29	
removed	sp|P0DPP1|YNFP_ECOLI	36	
removed	sp|P0DPP2|YOAL_ECOLI	52	
removed	sp|P0DPP3|YECU_ECOLI	58	
removed	sp|P0DPP4|YQFH_ECOLI	23	
removed	sp|P0DPP5|YQFI_ECOLI	27	
removed	sp|P0DPP6|YQHI_ECOLI	47	
removed	sp|P0DPP7|YQID_ECOLI	56	
removed	sp|P0DPP8|YSDD_ECOLI	26	
removed	sp|P0DQD7|GNDA_ECOLI	54	
removed	sp|P0DSE3|YADX_ECOLI	15	
removed	sp|P0DSE4|ARGL_ECOLI	31	
removed	sp|P0DSE5|YTIB_ECOLI	18	
removed	sp|P0DSE6|YBGV_ECOLI	10	
removed	sp|P0DSE7|YBIE_ECOLI	19	
removed	sp|P0DSE8|YLJB_ECOLI	24	
removed	sp|P0DSE9|YCHT_ECOLI	17	
removed	sp|P0DSF0|YMID_ECOLI	42	
removed	sp|P0DSF1|YNAN_ECOLI	15	
removed	sp|P0DSF2|YNCP_ECOLI	22	
removed	sp|P0DSF3|MGTT_ECOLI	34	
removed	sp|P0DSF4|YNFU_ECOLI	56	
removed	sp|P0DSF5|YDGV_ECOLI	33	
removed	sp|P0DSF6|YECV_ECOLI	14	
removed	sp|P0DSF7|YOAM_ECOLI	11	
removed	sp|P0DSF8|YODE_ECOLI	48	
removed	sp|P0DSF9|EVGL_ECOLI	9	
removed	sp|P0DSG0|PSSL_ECOLI	13	
removed	sp|P0DSG1|YFIS_ECOLI	20	
removed	sp|P0DSG2|YQGG_ECOLI	47	
removed	sp|P0DSG3|YQGH_ECOLI	27	
removed	sp|P0DSG4|YQHJ_ECOLI	19	
removed	sp|P0DSG5|YQIM_ECOLI	27	
removed	sp|P0DSG6|YHGO_ECOLI	13	
removed	sp|P0DSG7|YHGP_ECOLI	9	
removed	sp|P0DSG8|YHIY_ECOLI	37	
removed	sp|P0DSG9|YRIA_ECOLI	24	
removed	sp|P0DSH0|YRIB_ECOLI	17	
removed	sp|P0DSH1|YSAE_ECOLI	23	
removed	sp|P0DSH2|BAXL_ECOLI	8	
removed	sp|P0DSH3|YIBX_ECOLI	80	
removed	sp|P0DSH4|YIBY_ECOLI	36	
removed	sp|P0DSH5|YICU_ECOLI	19	
removed	sp|P0DSH6|YSDE_ECOLI	24	
removed	sp|P0DSH7|YSGD_ECOLI	18	
removed	sp|P0DSH8|YTGA_ECOLI	16	
removed	sp|P0DSH9|YKIE_ECOLI	22	
removed	sp|P0DSI0|YTHB_ECOLI	32	
removed	sp|P0DTT0|BIPA_ECOLI	607	
removed	sp|P0DTV7|SPEFL_ECOLI	34	
removed	sp|P0DUM3|TIMP_ECOLI	41	
removed	sp|P0DUW0|YKFO_ECOLI	10	
removed	sp|P0DUW1|YMGN_ECOLI	19	
removed	sp|P0DUW2|YNHH_ECOLI	64	
removed	sp|P0DUW3|YOEJ_ECOLI	16	
removed	sp|P0DUW4|YPED_ECOLI	29	
removed	sp|P0DV19|YRFJ_ECOLI	17	
removed	sp|P0DV20|YTCB_ECOLI	18	
removed	sp|P0DV21|YTGB_ECOLI	18	
removed	sp|P0DV22|YTIE_ECOLI	11	
removed	sp|P0DV23|YTJE_ECOLI	17	
removed	sp|P0DW56|SPFP_ECOLI	15	
removed	sp|P0DXX6|XTPA_ECOLI	60	
removed	sp|P10100|RLPA_ECOLI	362	
removed	sp|P10121|FTSY_ECOLI	497	
removed	sp|P10151|LEUO_ECOLI	314	
removed	sp|P10346|GLNQ_ECOLI	240	
removed	sp|P10371|HIS4_ECOLI	245	
removed	sp|P10378|ENTE_ECOLI	536	
removed	sp|P10384|FADL_ECOLI	446	
removed	sp|P10408|SECA_ECOLI	901	
removed	sp|P10423|IAP_ECOLI	345	
removed	sp|P10441|LPXB_ECOLI	382	
removed	sp|P10442|RNH2_ECOLI	198	
removed	sp|P10443|DPO3A_ECOLI	1160	
removed	sp|P10805|ENVY_ECOLI	253	
removed	sp|P10902|NADB_ECOLI	540	
removed	sp|P10903|NARK_ECOLI	463	
removed	sp|P10905|UGPA_ECOLI	295	
removed	sp|P10906|UGPE_ECOLI	281	
removed	sp|P10907|UGPC_ECOLI	356	
removed	sp|P10908|UGPQ_ECOLI	247	
removed	sp|P11071|ACEK_ECOLI	578	
removed	sp|P11072|LIT_ECOLI	297	
removed	sp|P11286|YIAB_ECOLI	113	
removed	sp|P11289|YFIL_ECOLI	121	
removed	sp|P11290|YIBD_ECOLI	344	
removed	sp|P11291|YZCX_ECOLI	161	
removed	sp|P11349|NARH_ECOLI	512	
removed	sp|P11350|NARI_ECOLI	225	
removed	sp|P11446|ARGC_ECOLI	334	
removed	sp|P11447|ARLY_ECOLI	457	
removed	sp|P11454|ENTF_ECOLI	1293	
removed	sp|P11458|NADA_ECOLI	347	
removed	sp|P11551|FUCP_ECOLI	438	
removed	sp|P11553|FUCK_ECOLI	472	
removed	sp|P11557|DAMX_ECOLI	428	
removed	sp|P11663|FUME_ECOLI	169	
removed	sp|P11664|YGGC_ECOLI	237	
removed	sp|P11667|ARGO_ECOLI	211	
removed	sp|P11864|YHAC_ECOLI	395	
removed	sp|P11865|YHAB_ECOLI	179	
removed	sp|P11866|TDCR_ECOLI	72	
removed	sp|P11868|TDCD_ECOLI	402	
removed	sp|P11875|SYR_ECOLI	577	
removed	sp|P11880|MURF_ECOLI	452	
removed	sp|P11988|BGLB_ECOLI	470	
removed	sp|P11989|BGLG_ECOLI	278	
removed	sp|P12008|AROC_ECOLI	361	
removed	sp|P12281|MOEA_ECOLI	411	
removed	sp|P12282|MOEB_ECOLI	249	
removed	sp|P12295|UNG_ECOLI	229	
removed	sp|P12758|UDP_ECOLI	253	
removed	sp|P12994|YBHB_ECOLI	158	
removed	sp|P12995|BIOA_ECOLI	429	
removed	sp|P12996|BIOB_ECOLI	346	
removed	sp|P12998|BIOF_ECOLI	384	
removed	sp|P12999|BIOC_ECOLI	251	
removed	sp|P13000|BIOD1_ECOLI	225	
removed	sp|P13001|BIOH_ECOLI	256	
removed	sp|P13009|METH_ECOLI	1227	
removed	sp|P13016|AMPD_ECOLI	183	
removed	sp|P13024|FDHE_ECOLI	309	
removed	sp|P13029|KATG_ECOLI	726	
removed	sp|P13033|GLPB_ECOLI	419	
removed	sp|P13035|GLPD_ECOLI	501	
removed	sp|P13036|FECA_ECOLI	774	
removed	sp|P13039|FES_ECOLI	400	
removed	sp|P13445|RPOS_ECOLI	330	
removed	sp|P13458|SBCC_ECOLI	1048	
removed	sp|P13482|TREA_ECOLI	565	
removed	sp|P13518|CSRD_ECOLI	646	
removed	sp|P13656|CHIA_ECOLI	897	
removed	sp|P13669|MNGR_ECOLI	240	
removed	sp|P13738|NHAA_ECOLI	388	
removed	sp|P13857|RIML_ECOLI	179	
removed	sp|P14081|SELB_ECOLI	614	
removed	sp|P14175|PROV_ECOLI	400	
removed	sp|P14176|PROW_ECOLI	354	
removed	sp|P14294|TOP3_ECOLI	653	
removed	sp|P14375|ZRAR_ECOLI	441	
removed	sp|P14377|ZRAS_ECOLI	465	
removed	sp|P14407|FUMB_ECOLI	548	
removed	sp|P14900|MURD_ECOLI	438	
removed	sp|P15005|MCRB_ECOLI	459	
removed	sp|P15006|MCRC_ECOLI	348	
removed	sp|P15028|FECB_ECOLI	300	
removed	sp|P15029|FECD_ECOLI	318	
removed	sp|P15030|FECC_ECOLI	332	
removed	sp|P15031|FECE_ECOLI	255	
removed	sp|P15032|RECE_ECOLI	866	
removed	sp|P15033|RACC_ECOLI	91	
removed	sp|P15034|AMPP_ECOLI	441	
removed	sp|P15038|HELD_ECOLI	684	
removed	sp|P15042|DNLJ_ECOLI	671	
removed	sp|P15043|RECQ_ECOLI	609	
removed	sp|P15047|ENTA_ECOLI	248	
removed	sp|P15067|GLGX_ECOLI	657	
removed	sp|P15070|FLIN_ECOLI	137	
removed	sp|P15078|CSTA_ECOLI	701	
removed	sp|P15081|GUTM_ECOLI	119	
removed	sp|P15082|SRLR_ECOLI	257	
removed	sp|P15254|PUR4_ECOLI	1295	
removed	sp|P15286|FLK_ECOLI	331	
removed	sp|P15288|PEPD_ECOLI	485	
removed	sp|P15373|PRLF_ECOLI	111	
removed	sp|P15639|PUR9_ECOLI	529	
removed	sp|P15640|PUR2_ECOLI	429	
removed	sp|P15723|DGTP_ECOLI	505	
removed	sp|P15770|AROE_ECOLI	272	
removed	sp|P15877|DHG_ECOLI	796	
removed	sp|P15977|MALQ_ECOLI	694	
removed	sp|P15993|AROP_ECOLI	457	
removed	sp|P16095|SDHL_ECOLI	454	
removed	sp|P16256|PANF_ECOLI	483	
removed	sp|P16384|MIAA_ECOLI	316	
removed	sp|P16429|HYCC_ECOLI	608	
removed	sp|P16430|HYCD_ECOLI	307	
removed	sp|P16431|HYCE_ECOLI	569	
removed	sp|P16432|HYCF_ECOLI	180	
removed	sp|P16433|HYCG_ECOLI	255	
removed	sp|P16456|SELD_ECOLI	347	
removed	sp|P16525|TUS_ECOLI	309	
removed	sp|P16528|ICLR_ECOLI	274	
removed	sp|P16659|SYP_ECOLI	572	
removed	sp|P16676|CYSA_ECOLI	365	
removed	sp|P16677|PHNC_ECOLI	262	
removed	sp|P16678|PHNK_ECOLI	252	
removed	sp|P16679|PHNL_ECOLI	226	
removed	sp|P16681|YJDN_ECOLI	147	
removed	sp|P16682|PHND_ECOLI	338	
removed	sp|P16684|PHNF_ECOLI	241	
removed	sp|P16685|PHNG_ECOLI	150	
removed	sp|P16686|PHNH_ECOLI	194	
removed	sp|P16687|PHNI_ECOLI	354	
removed	sp|P16688|PHNJ_ECOLI	281	
removed	sp|P16689|PHNM_ECOLI	378	
removed	sp|P16690|PHNN_ECOLI	185	
removed	sp|P16691|PHNO_ECOLI	144	
removed	sp|P16692|PHNP_ECOLI	252	
removed	sp|P16700|CYSP_ECOLI	338	
removed	sp|P16701|CYST_ECOLI	277	
removed	sp|P16703|CYSM_ECOLI	303	
removed	sp|P16869|FHUE_ECOLI	729	
removed	sp|P16916|RHSA_ECOLI	1377	
removed	sp|P16917|RHSB_ECOLI	1411	
removed	sp|P16918|RHSC_ECOLI	1397	
removed	sp|P16919|RHSD_ECOLI	1426	
removed	sp|P16926|MREC_ECOLI	367	
removed	sp|P17109|MEND_ECOLI	556	
removed	sp|P17115|GUTQ_ECOLI	321	
removed	sp|P17117|NFSA_ECOLI	240	
removed	sp|P17169|GLMS_ECOLI	609	
removed	sp|P17315|CIRA_ECOLI	663	
removed	sp|P17334|PTQC_ECOLI	452	
removed	sp|P17410|CHBR_ECOLI	280	
removed	sp|P17411|CHBF_ECOLI	450	
removed	sp|P17443|MURG_ECOLI	355	
removed	sp|P17444|BETA_ECOLI	556	
removed	sp|P17445|BETB_ECOLI	490	
removed	sp|P17446|BETI_ECOLI	195	
removed	sp|P17583|CYNX_ECOLI	384	
removed	sp|P17802|MUTY_ECOLI	350	
removed	sp|P17846|CYSI_ECOLI	570	
removed	sp|P17854|CYSH_ECOLI	244	
removed	sp|P17888|PRIA_ECOLI	732	
removed	sp|P17952|MURC_ECOLI	491	
removed	sp|P17993|UBIG_ECOLI	240	
removed	sp|P17994|YFAA_ECOLI	562	
removed	sp|P18133|PNCB_ECOLI	400	
removed	sp|P18196|MINC_ECOLI	231	
removed	sp|P18200|PGPA_ECOLI	172	
removed	sp|P18335|ARGD_ECOLI	406	
removed	sp|P18390|YJJA_ECOLI	164	
removed	sp|P18392|RSTB_ECOLI	433	
removed	sp|P18393|YBDZ_ECOLI	72	
removed	sp|P18775|DMSA_ECOLI	814	
removed	sp|P18776|DMSB_ECOLI	205	
removed	sp|P18777|DMSC_ECOLI	287	
removed	sp|P18811|MALI_ECOLI	342	
removed	sp|P18843|NADE_ECOLI	275	
removed	sp|P18956|GGT_ECOLI	580	
removed	sp|P19317|NARW_ECOLI	231	
removed	sp|P19318|NARY_ECOLI	514	
removed	sp|P19319|NARZ_ECOLI	1246	
removed	sp|P19323|FHLA_ECOLI	692	
removed	sp|P19624|PDXA_ECOLI	329	
removed	sp|P19636|EUTC_ECOLI	295	
removed	sp|P19642|PTOCB_ECOLI	530	
removed	sp|P19767|INSA7_ECOLI	91	
removed	sp|P19768|INSJ_ECOLI	173	
removed	sp|P19769|INSK_ECOLI	283	
removed	sp|P19925|ENTD_ECOLI	206	
removed	sp|P19926|AGP_ECOLI	413	
removed	sp|P19930|HYAD_ECOLI	195	
removed	sp|P19931|HYAE_ECOLI	132	
removed	sp|P19932|HYAF_ECOLI	285	
removed	sp|P19934|TOLA_ECOLI	421	
removed	sp|P20083|PARE_ECOLI	630	
removed	sp|P20099|BISC_ECOLI	777	
removed	sp|P20343|CYSX_ECOLI	130	
removed	sp|P20605|FIC_ECOLI	200	
removed	sp|P20966|PTFBC_ECOLI	563	
removed	sp|P21151|FADA_ECOLI	387	
removed	sp|P21156|CYSD_ECOLI	302	
removed	sp|P21165|PEPQ_ECOLI	443	
removed	sp|P21169|DCOR_ECOLI	711	
removed	sp|P21170|SPEA_ECOLI	658	
removed	sp|P21177|FADB_ECOLI	729	
removed	sp|P21179|CATE_ECOLI	753	
removed	sp|P21189|DPO2_ECOLI	783	
removed	sp|P21338|RNI_ECOLI	268	
removed	sp|P21345|GLTP_ECOLI	437	
removed	sp|P21361|YCIG_ECOLI	59	
removed	sp|P21362|YCIF_ECOLI	166	
removed	sp|P21363|YCIE_ECOLI	168	
removed	sp|P21365|YCIC_ECOLI	247	
removed	sp|P21367|YCAC_ECOLI	208	
removed	sp|P21369|PNCA_ECOLI	213	
removed	sp|P21418|YDFC_ECOLI	72	
removed	sp|P21420|NMPC_ECOLI	365	
removed	sp|P21437|GLPX2_ECOLI	321	
removed	sp|P21499|RNR_ECOLI	813	
removed	sp|P21503|YCAD_ECOLI	382	
removed	sp|P21507|SRMB_ECOLI	444	
removed	sp|P21513|RNE_ECOLI	1061	
removed	sp|P21514|PDEL_ECOLI	362	
removed	sp|P21515|ACPH_ECOLI	193	
removed	sp|P21517|MALZ_ECOLI	604	
removed	sp|P21599|KPYK2_ECOLI	480	
removed	sp|P21645|LPXD_ECOLI	341	
removed	sp|P21693|DBPA_ECOLI	457	
removed	sp|P21829|YBHA_ECOLI	272	
removed	sp|P21865|KDPD_ECOLI	894	
removed	sp|P21866|KDPE_ECOLI	225	
removed	sp|P21888|SYC_ECOLI	461	
removed	sp|P21889|SYD_ECOLI	590	
removed	sp|P21893|RECJ_ECOLI	577	
removed	sp|P22106|ASNB_ECOLI	554	
removed	sp|P22186|MRAZ_ECOLI	152	
removed	sp|P22188|MURE_ECOLI	495	
removed	sp|P22255|CYSQ_ECOLI	246	
removed	sp|P22256|GABT_ECOLI	426	
removed	sp|P22259|PCKA_ECOLI	540	
removed	sp|P22333|ADD_ECOLI	333	
removed	sp|P22523|MUKB_ECOLI	1486	
removed	sp|P22524|MUKE_ECOLI	234	
removed	sp|P22525|YCBB_ECOLI	615	
removed	sp|P22564|RIHC_ECOLI	304	
removed	sp|P22586|FLIO_ECOLI	121	
removed	sp|P22634|MURI_ECOLI	285	
removed	sp|P22729|LIVM_ECOLI	425	
removed	sp|P22731|LIVF_ECOLI	237	
removed	sp|P22787|YIFB_ECOLI	506	
removed	sp|P22939|ISPA_ECOLI	299	
removed	sp|P23003|TRMA_ECOLI	366	
removed	sp|P23173|TNAB_ECOLI	415	
removed	sp|P23200|MGLC_ECOLI	336	
removed	sp|P23256|MALY_ECOLI	390	
removed	sp|P23305|YIGA_ECOLI	235	
removed	sp|P23325|ARPA_ECOLI	728	
removed	sp|P23331|KITH_ECOLI	205	
removed	sp|P23367|MUTL_ECOLI	615	
removed	sp|P23481|HYFA_ECOLI	205	
removed	sp|P23482|HYFB_ECOLI	672	
removed	sp|P23484|FECI_ECOLI	173	
removed	sp|P23485|FECR_ECOLI	317	
removed	sp|P23522|GARL_ECOLI	256	
removed	sp|P23524|GLXK1_ECOLI	381	
removed	sp|P23538|PPSA_ECOLI	792	
removed	sp|P23721|SERC_ECOLI	362	
removed	sp|P23827|ECOT_ECOLI	162	
removed	sp|P23830|PSS_ECOLI	451	
removed	sp|P23836|PHOP_ECOLI	223	
removed	sp|P23837|PHOQ_ECOLI	486	
removed	sp|P23839|YICC_ECOLI	287	
removed	sp|P23840|DIND_ECOLI	274	
removed	sp|P23841|XAPR_ECOLI	294	
removed	sp|P23842|PDEA_ECOLI	729	
removed	sp|P23843|OPPA_ECOLI	543	
removed	sp|P23845|CYSN_ECOLI	475	
removed	sp|P23847|DPPA_ECOLI	535	
removed	sp|P23849|TRKG_ECOLI	485	
removed	sp|P23857|PSPE_ECOLI	104	
removed	sp|P23862|PRIC_ECOLI	175	
removed	sp|P23865|PRC_ECOLI	682	
removed	sp|P23869|PPIB_ECOLI	164	
removed	sp|P23871|HEMH_ECOLI	320	
removed	sp|P23872|AES_ECOLI	319	
removed	sp|P23873|HIPB_ECOLI	88	
removed	sp|P23874|HIPA_ECOLI	440	
removed	sp|P23876|FEPD_ECOLI	334	
removed	sp|P23877|FEPG_ECOLI	330	
removed	sp|P23878|FEPC_ECOLI	271	
removed	sp|P23882|FMT_ECOLI	315	
removed	sp|P23883|PUUC_ECOLI	495	
removed	sp|P23886|CYDC_ECOLI	573	
removed	sp|P23890|CADC_ECOLI	512	
removed	sp|P23893|GSA_ECOLI	426	
removed	sp|P23894|HTPX_ECOLI	293	
removed	sp|P23895|EMRE_ECOLI	110	
removed	sp|P23898|NLPC_ECOLI	154	
removed	sp|P23908|ARGE_ECOLI	383	
removed	sp|P23909|MUTS_ECOLI	853	
removed	sp|P23910|ARAJ_ECOLI	394	
removed	sp|P23917|MAK_ECOLI	302	
removed	sp|P23930|LNT_ECOLI	512	
removed	sp|P24077|ENTS_ECOLI	416	
removed	sp|P24169|DCOS_ECOLI	732	
removed	sp|P24171|DCP_ECOLI	681	
removed	sp|P24173|WAAC_ECOLI	319	
removed	sp|P24174|MANC_ECOLI	478	
removed	sp|P24175|MANB_ECOLI	456	
removed	sp|P24177|ACRD_ECOLI	1037	
removed	sp|P24178|YFFB_ECOLI	118	
removed	sp|P24180|ACRE_ECOLI	385	
removed	sp|P24181|ACRF_ECOLI	1034	
removed	sp|P24182|ACCC_ECOLI	449	
removed	sp|P24183|FDNG_ECOLI	1015	
removed	sp|P24186|FOLD_ECOLI	288	
removed	sp|P24188|TRHO_ECOLI	350	
removed	sp|P24192|HYPD_ECOLI	373	
removed	sp|P24193|HYPE_ECOLI	336	
removed	sp|P24197|YGID_ECOLI	271	
removed	sp|P24200|MCRA_ECOLI	277	
removed	sp|P24202|MRR_ECOLI	304	
removed	sp|P24203|YJIA_ECOLI	318	
removed	sp|P24205|LPXM_ECOLI	323	
removed	sp|P24207|PHEP_ECOLI	458	
removed	sp|P24211|RHSE_ECOLI	682	
removed	sp|P24215|UXUA_ECOLI	394	
removed	sp|P24216|FLID_ECOLI	468	
removed	sp|P24218|INTD_ECOLI	387	
removed	sp|P24224|ACPS_ECOLI	126	
removed	sp|P24228|DACB_ECOLI	477	
removed	sp|P24230|RECG_ECOLI	693	
removed	sp|P24232|HMP_ECOLI	396	
removed	sp|P24238|YEBB_ECOLI	200	
removed	sp|P24240|ASCB_ECOLI	474	
removed	sp|P24241|PTIBC_ECOLI	485	
removed	sp|P24242|ASCG_ECOLI	336	
removed	sp|P24244|APPX_ECOLI	30	
removed	sp|P24251|CRL_ECOLI	133	
removed	sp|P24252|YBGA_ECOLI	169	
removed	sp|P24255|RP54_ECOLI	477	
removed	sp|P24554|RADA_ECOLI	460	
removed	sp|P24555|PTRB_ECOLI	686	
removed	sp|P25396|TEHA_ECOLI	330	
removed	sp|P25397|TEHB_ECOLI	197	
removed	sp|P25437|FRMA_ECOLI	369	
removed	sp|P25516|ACNA_ECOLI	891	
removed	sp|P25519|HFLX_ECOLI	426	
removed	sp|P25522|MNME_ECOLI	454	
removed	sp|P25524|CODA_ECOLI	427	
removed	sp|P25526|GABD_ECOLI	482	
removed	sp|P25527|GABP_ECOLI	466	
removed	sp|P25531|YICR_ECOLI	222	
removed	sp|P25534|UBIH_ECOLI	392	
removed	sp|P25535|UBII_ECOLI	400	
removed	sp|P25536|NTPPA_ECOLI	197	
removed	sp|P25539|RIBD_ECOLI	367	
removed	sp|P25549|ASLA_ECOLI	551	
removed	sp|P25550|ASLB_ECOLI	411	
removed	sp|P25552|GPPA_ECOLI	494	
removed	sp|P25553|ALDA_ECOLI	479	
removed	sp|P25665|METE_ECOLI	753	
removed	sp|P25666|HTRL_ECOLI	285	
removed	sp|P25714|YIDC_ECOLI	548	
removed	sp|P25718|AMY1_ECOLI	676	
removed	sp|P25728|YGBA_ECOLI	117	
removed	sp|P25736|END1_ECOLI	235	
removed	sp|P25737|LYSP_ECOLI	489	
removed	sp|P25738|MSYB_ECOLI	124	
removed	sp|P25740|WAAG_ECOLI	374	
removed	sp|P25741|WAAP_ECOLI	265	
removed	sp|P25742|WAAQ_ECOLI	344	
removed	sp|P25743|YCHE_ECOLI	215	
removed	sp|P25744|MDTG_ECOLI	408	
removed	sp|P25745|MNMA_ECOLI	368	
removed	sp|P25746|HFLD_ECOLI	213	
removed	sp|P25747|YEIB_ECOLI	385	
removed	sp|P25748|GALS_ECOLI	346	
removed	sp|P25772|LIGB_ECOLI	560	
removed	sp|P25798|FLIF_ECOLI	552	
removed	sp|P25888|RHLE_ECOLI	454	
removed	sp|P25889|PREA_ECOLI	411	
removed	sp|P25894|LOIP_ECOLI	252	
removed	sp|P25906|PDXI_ECOLI	286	
removed	sp|P25907|YDBD_ECOLI	768	
removed	sp|P25960|LEP4_ECOLI	225	
removed	sp|P26218|BGLH_ECOLI	538	
removed	sp|P26266|FEPE_ECOLI	377	
removed	sp|P26281|HPPK_ECOLI	159	
removed	sp|P26365|AMIB_ECOLI	445	
removed	sp|P26458|APPB_ECOLI	378	
removed	sp|P26459|APPC_ECOLI	514	
removed	sp|P26602|UBIC_ECOLI	165	
removed	sp|P26608|FLIS_ECOLI	136	
removed	sp|P26612|AMY2_ECOLI	495	
removed	sp|P26616|MAO1_ECOLI	565	
removed	sp|P26646|ACUI_ECOLI	324	
removed	sp|P26647|PLSC_ECOLI	245	
removed	sp|P26648|FTSP_ECOLI	470	
removed	sp|P26649|GLGS_ECOLI	66	
removed	sp|P27111|CYNR_ECOLI	299	
removed	sp|P27125|RHAT_ECOLI	344	
removed	sp|P27126|WAAS_ECOLI	311	
removed	sp|P27127|WAAB_ECOLI	359	
removed	sp|P27128|WAAO_ECOLI	339	
removed	sp|P27129|WAAJ_ECOLI	338	
removed	sp|P27238|YFED_ECOLI	130	
removed	sp|P27240|WAAY_ECOLI	232	
removed	sp|P27241|WAAZ_ECOLI	283	
removed	sp|P27242|WAAU_ECOLI	357	
removed	sp|P27243|WAAL_ECOLI	419	
removed	sp|P27245|MARR_ECOLI	144	
removed	sp|P27247|PLSX_ECOLI	356	
removed	sp|P27248|GCST_ECOLI	364	
removed	sp|P27249|GLND_ECOLI	890	
removed	sp|P27250|AHR_ECOLI	339	
removed	sp|P27253|SCPA_ECOLI	714	
removed	sp|P27254|ARGK_ECOLI	331	
removed	sp|P27278|NADR_ECOLI	410	
removed	sp|P27294|INAA_ECOLI	216	
removed	sp|P27296|DING_ECOLI	716	
removed	sp|P27297|BAX_ECOLI	274	
removed	sp|P27298|OPDA_ECOLI	680	
removed	sp|P27300|LPXK_ECOLI	328	
removed	sp|P27302|TKT1_ECOLI	663	
removed	sp|P27303|EMRA_ECOLI	390	
removed	sp|P27305|GLUQ_ECOLI	308	
removed	sp|P27306|STHA_ECOLI	466	
removed	sp|P27375|YJAZ_ECOLI	179	
removed	sp|P27431|ROXA_ECOLI	373	
removed	sp|P27434|RODZ_ECOLI	337	
removed	sp|P27550|ACSA_ECOLI	652	
removed	sp|P27828|WECB_ECOLI	376	
removed	sp|P27829|WECC_ECOLI	420	
removed	sp|P27830|RMLB2_ECOLI	355	
removed	sp|P27832|WECD_ECOLI	224	
removed	sp|P27833|WECE_ECOLI	376	
removed	sp|P27835|WZYE_ECOLI	450	
removed	sp|P27836|WECG_ECOLI	246	
removed	sp|P27837|THRP_ECOLI	461	
removed	sp|P27838|CYAY_ECOLI	106	
removed	sp|P27840|YIGE_ECOLI	254	
removed	sp|P27842|YIGF_ECOLI	126	
removed	sp|P27843|YIGG_ECOLI	126	
removed	sp|P27844|RARD_ECOLI	296	
removed	sp|P27848|YIGL_ECOLI	266	
removed	sp|P27859|TATD_ECOLI	260	
removed	sp|P27862|YIGZ_ECOLI	204	
removed	sp|P27896|NARQ_ECOLI	566	
removed	sp|P28224|MLIC_ECOLI	109	
removed	sp|P28246|BCR_ECOLI	396	
removed	sp|P28248|DCD_ECOLI	193	
removed	sp|P28249|ASMA_ECOLI	617	
removed	sp|P28303|DINF_ECOLI	459	
removed	sp|P28304|QOR1_ECOLI	327	
removed	sp|P28305|PABC_ECOLI	269	
removed	sp|P28306|MLTG_ECOLI	340	
removed	sp|P28307|CSGA_ECOLI	151	
removed	sp|P28369|RFH_ECOLI	166	
removed	sp|P28629|ADIA_ECOLI	755	
removed	sp|P28630|HOLA_ECOLI	343	
removed	sp|P28631|HOLB_ECOLI	334	
removed	sp|P28632|HOLD_ECOLI	137	
removed	sp|P28634|TRMO_ECOLI	235	
removed	sp|P28635|METQ_ECOLI	271	
removed	sp|P28638|YHDJ_ECOLI	294	
removed	sp|P28696|YAAI_ECOLI	134	
removed	sp|P28697|MBIA_ECOLI	161	
removed	sp|P28721|GLTF_ECOLI	254	
removed	sp|P28722|YHCA_ECOLI	224	
removed	sp|P28861|FENR_ECOLI	248	
removed	sp|P28903|NRDD_ECOLI	712	
removed	sp|P28904|TREC_ECOLI	551	
removed	sp|P28905|HOLC_ECOLI	147	
removed	sp|P28911|YHHH_ECOLI	127	
removed	sp|P28912|YHHI_ECOLI	378	
removed	sp|P28915|YBFC_ECOLI	189	
removed	sp|P28916|YBFD_ECOLI	253	
removed	sp|P28917|YDCC_ECOLI	378	
removed	sp|P29009|YDFB_ECOLI	42	
removed	sp|P29010|YDFD_ECOLI	63	
removed	sp|P29012|ALR2_ECOLI	356	
removed	sp|P29013|YCGB_ECOLI	510	
removed	sp|P29018|CYDD_ECOLI	588	
removed	sp|P29131|FTSN_ECOLI	319	
removed	sp|P29208|MENC_ECOLI	320	
removed	sp|P29217|YCEH_ECOLI	215	
removed	sp|P29680|DCUP_ECOLI	354	
removed	sp|P29744|FLGL_ECOLI	317	
removed	sp|P29745|PEPT_ECOLI	408	
removed	sp|P30011|NADC_ECOLI	297	
removed	sp|P30014|RNT_ECOLI	215	
removed	sp|P30015|LHR_ECOLI	1538	
removed	sp|P30125|LEU3_ECOLI	363	
removed	sp|P30126|LEUD_ECOLI	201	
removed	sp|P30128|GREB_ECOLI	158	
removed	sp|P30130|FIMD_ECOLI	878	
removed	sp|P30131|HYPF_ECOLI	750	
removed	sp|P30136|THIC_ECOLI	631	
removed	sp|P30137|THIE_ECOLI	211	
removed	sp|P30138|THIF_ECOLI	251	
removed	sp|P30139|THIG_ECOLI	256	
removed	sp|P30140|THIH_ECOLI	377	
removed	sp|P30143|YAAJ_ECOLI	476	
removed	sp|P30147|HYI_ECOLI	258	
removed	sp|P30149|YABI_ECOLI	254	
removed	sp|P30176|RIBX_ECOLI	160	
removed	sp|P30177|YBIB_ECOLI	320	
removed	sp|P30178|HCXB_ECOLI	361	
removed	sp|P30192|INSZ_ECOLI	299	
removed	sp|P30235|PSUK_ECOLI	313	
removed	sp|P30744|SDHM_ECOLI	455	
removed	sp|P30745|MOAA_ECOLI	329	
removed	sp|P30748|MOAD_ECOLI	81	
removed	sp|P30749|MOAE_ECOLI	150	
removed	sp|P30750|METN_ECOLI	343	
removed	sp|P30843|BASR_ECOLI	222	
removed	sp|P30844|BASS_ECOLI	363	
removed	sp|P30845|EPTA_ECOLI	547	
removed	sp|P30847|BAES_ECOLI	467	
removed	sp|P30850|RNB_ECOLI	644	
removed	sp|P30852|SMF_ECOLI	374	
removed	sp|P30855|EVGS_ECOLI	1197	
removed	sp|P30859|ARTI_ECOLI	243	
removed	sp|P30860|ARTJ_ECOLI	243	
removed	sp|P30863|DKGB_ECOLI	267	
removed	sp|P30864|YAFC_ECOLI	304	
removed	sp|P30866|YAFE_ECOLI	207	
removed	sp|P30870|GLNE_ECOLI	946	
removed	sp|P30871|3PASE_ECOLI	433	
removed	sp|P30958|MFD_ECOLI	1148	
removed	sp|P30979|YBEF_ECOLI	317	
removed	sp|P31057|PANB_ECOLI	264	
removed	sp|P31058|YADC_ECOLI	412	
removed	sp|P31060|MODF_ECOLI	490	
removed	sp|P31061|NOHA_ECOLI	189	
removed	sp|P31062|NOHD_ECOLI	181	
removed	sp|P31063|YEDD_ECOLI	137	
removed	sp|P31064|YEDE_ECOLI	401	
removed	sp|P31068|FLIH_ECOLI	228	
removed	sp|P31069|KCH_ECOLI	417	
removed	sp|P31119|AAS_ECOLI	719	
removed	sp|P31120|GLMM_ECOLI	445	
removed	sp|P31121|MARB_ECOLI	72	
removed	sp|P31122|SOTB_ECOLI	396	
removed	sp|P31125|EAMA_ECOLI	299	
removed	sp|P31126|YDEE_ECOLI	395	
removed	sp|P31129|DGCZ_ECOLI	296	
removed	sp|P31130|YDEI_ECOLI	130	
removed	sp|P31131|YDEJ_ECOLI	172	
removed	sp|P31133|POTF_ECOLI	370	
removed	sp|P31134|POTG_ECOLI	377	
removed	sp|P31135|POTH_ECOLI	317	
removed	sp|P31142|THTM_ECOLI	281	
removed	sp|P31224|ACRB_ECOLI	1049	
removed	sp|P31433|YICH_ECOLI	569	
removed	sp|P31434|XYLS_ECOLI	772	
removed	sp|P31435|YICJ_ECOLI	460	
removed	sp|P31436|SETC_ECOLI	394	
removed	sp|P31437|YICL_ECOLI	307	
removed	sp|P31440|ADEQ_ECOLI	444	
removed	sp|P31441|ADEC_ECOLI	588	
removed	sp|P31442|EMRD_ECOLI	394	
removed	sp|P31443|YIDF_ECOLI	165	
removed	sp|P31446|YIDI_ECOLI	149	
removed	sp|P31447|YIDJ_ECOLI	497	
removed	sp|P31448|YIDK_ECOLI	571	
removed	sp|P31449|YIDL_ECOLI	297	
removed	sp|P31450|GLVG_ECOLI	212	
removed	sp|P31452|PTXC_ECOLI	368	
removed	sp|P31453|YIDP_ECOLI	238	
removed	sp|P31455|YIDR_ECOLI	415	
removed	sp|P31456|CBRA_ECOLI	354	
removed	sp|P31459|DGOK_ECOLI	292	
removed	sp|P31460|DGOR_ECOLI	229	
removed	sp|P31462|MDTL_ECOLI	391	
removed	sp|P31463|YIDZ_ECOLI	319	
removed	sp|P31466|ADEP_ECOLI	445	
removed	sp|P31467|YIEH_ECOLI	221	
removed	sp|P31468|CBRB_ECOLI	155	
removed	sp|P31469|CBRC_ECOLI	195	
removed	sp|P31470|YIEK_ECOLI	240	
removed	sp|P31471|YIEL_ECOLI	389	
removed	sp|P31473|RAVA_ECOLI	498	
removed	sp|P31474|HSRA_ECOLI	475	
removed	sp|P31475|YIEP_ECOLI	230	
removed	sp|P31545|EFEB_ECOLI	423	
removed	sp|P31547|METI_ECOLI	217	
removed	sp|P31548|THIQ_ECOLI	232	
removed	sp|P31549|THIP_ECOLI	536	
removed	sp|P31550|THIB_ECOLI	327	
removed	sp|P31551|CAID_ECOLI	261	
removed	sp|P31552|CAIC_ECOLI	517	
removed	sp|P31553|CAIT_ECOLI	504	
removed	sp|P31554|LPTD_ECOLI	784	
removed	sp|P31572|CAIB_ECOLI	405	
removed	sp|P31574|FIXB_ECOLI	313	
removed	sp|P31600|NFRA_ECOLI	990	
removed	sp|P31658|HCHA_ECOLI	283	
removed	sp|P31660|PRPC_ECOLI	389	
removed	sp|P31663|PANC_ECOLI	283	
removed	sp|P31665|RPNC_ECOLI	300	
removed	sp|P31666|YADE_ECOLI	409	
removed	sp|P31667|RPNA_ECOLI	292	
removed	sp|P31675|SETA_ECOLI	392	
removed	sp|P31677|OTSA_ECOLI	474	
removed	sp|P31678|OTSB_ECOLI	266	
removed	sp|P31679|YAAU_ECOLI	443	
removed	sp|P31680|DJLA_ECOLI	271	
removed	sp|P31697|FIMC_ECOLI	241	
removed	sp|P31801|CHAA_ECOLI	366	
removed	sp|P31802|NARP_ECOLI	215	
removed	sp|P31806|NNR_ECOLI	515	
removed	sp|P31808|YCIK_ECOLI	252	
removed	sp|P31825|TRMN6_ECOLI	245	
removed	sp|P31826|YDDA_ECOLI	561	
removed	sp|P31827|YDDB_ECOLI	790	
removed	sp|P31828|PQQL_ECOLI	931	
removed	sp|P31979|NUOF_ECOLI	445	
removed	sp|P31991|YDCD_ECOLI	160	
removed	sp|P31992|PPTA_ECOLI	77	
removed	sp|P32051|YDEK_ECOLI	1325	
removed	sp|P32053|INTA_ECOLI	413	
removed	sp|P32055|FCL_ECOLI	321	
removed	sp|P32056|GMM_ECOLI	159	
removed	sp|P32057|WCAI_ECOLI	407	
removed	sp|P32099|LPLA_ECOLI	338	
removed	sp|P32106|YIBG_ECOLI	153	
removed	sp|P32108|YIBI_ECOLI	120	
removed	sp|P32109|YIBJ_ECOLI	233	
removed	sp|P32125|MOBB_ECOLI	175	
removed	sp|P32128|YIHF_ECOLI	476	
removed	sp|P32129|YIHG_ECOLI	310	
removed	sp|P32131|HEMN_ECOLI	457	
removed	sp|P32134|YIHM_ECOLI	326	
removed	sp|P32135|YIHN_ECOLI	421	
removed	sp|P32136|YIHO_ECOLI	467	
removed	sp|P32137|YIHP_ECOLI	461	
removed	sp|P32138|SQASE_ECOLI	678	
removed	sp|P32139|YIHR_ECOLI	308	
removed	sp|P32140|SQUS_ECOLI	413	
removed	sp|P32141|SQUT_ECOLI	292	
removed	sp|P32143|SQUV_ECOLI	298	
removed	sp|P32144|CSQR_ECOLI	261	
removed	sp|P32151|YIIG_ECOLI	351	
removed	sp|P32152|FRVR_ECOLI	582	
removed	sp|P32153|FRVX_ECOLI	356	
removed	sp|P32154|PTFLB_ECOLI	483	
removed	sp|P32155|PTFLA_ECOLI	148	
removed	sp|P32156|RHAM_ECOLI	104	
removed	sp|P32157|YIIM_ECOLI	224	
removed	sp|P32160|YIIQ_ECOLI	199	
removed	sp|P32162|YIIS_ECOLI	99	
removed	sp|P32166|MENA_ECOLI	308	
removed	sp|P32167|YIIX_ECOLI	202	
removed	sp|P32169|RHAD_ECOLI	274	
removed	sp|P32170|RHAA_ECOLI	419	
removed	sp|P32171|RHAB_ECOLI	489	
removed	sp|P32173|MOBA_ECOLI	194	
removed	sp|P32176|FDOG_ECOLI	1016	
removed	sp|P32177|FDHD_ECOLI	277	
removed	sp|P32662|GPH_ECOLI	252	
removed	sp|P32664|NUDC_ECOLI	257	
removed	sp|P32668|YIJF_ECOLI	205	
removed	sp|P32669|FSAB_ECOLI	220	
removed	sp|P32670|PTFX2_ECOLI	833	
removed	sp|P32672|PTFC2_ECOLI	359	
removed	sp|P32674|GRE1_ECOLI	765	
removed	sp|P32675|PFLC_ECOLI	292	
removed	sp|P32676|PTFB3_ECOLI	113	
removed	sp|P32677|YIJO_ECOLI	283	
removed	sp|P32680|YJAG_ECOLI	196	
removed	sp|P32681|YJAH_ECOLI	231	
removed	sp|P32684|RLUF_ECOLI	290	
removed	sp|P32685|YJBD_ECOLI	90	
removed	sp|P32687|YJBF_ECOLI	212	
removed	sp|P32688|YJBG_ECOLI	245	
removed	sp|P32689|YJBH_ECOLI	698	
removed	sp|P32690|YJBI_ECOLI	442	
removed	sp|P32693|YJBL_ECOLI	84	
removed	sp|P32694|YJBM_ECOLI	235	
removed	sp|P32695|DUSA_ECOLI	345	
removed	sp|P32696|PSPG_ECOLI	80	
removed	sp|P32700|YJCB_ECOLI	93	
removed	sp|P32701|PDEC_ECOLI	528	
removed	sp|P32703|YJCE_ECOLI	549	
removed	sp|P32704|YJCF_ECOLI	430	
removed	sp|P32705|ACTP_ECOLI	549	
removed	sp|P32709|NRFD_ECOLI	318	
removed	sp|P32710|NRFE_ECOLI	552	
removed	sp|P32711|NRFF_ECOLI	127	
removed	sp|P32712|NRFG_ECOLI	198	
removed	sp|P32714|MDTP_ECOLI	488	
removed	sp|P32715|MDTO_ECOLI	683	
removed	sp|P32716|MDTN_ECOLI	343	
removed	sp|P32717|LPAKS_ECOLI	661	
removed	sp|P32718|ALSK_ECOLI	309	
removed	sp|P32719|ALSE_ECOLI	231	
removed	sp|P32720|ALSC_ECOLI	326	
removed	sp|P32721|ALSA_ECOLI	510	
removed	sp|P33011|YEEA_ECOLI	352	
removed	sp|P33012|SBMC_ECOLI	157	
removed	sp|P33013|DACD_ECOLI	388	
removed	sp|P33014|TSUB_ECOLI	75	
removed	sp|P33015|TSUA_ECOLI	352	
removed	sp|P33018|SFGH2_ECOLI	278	
removed	sp|P33020|YEII_ECOLI	362	
removed	sp|P33021|NUPX_ECOLI	416	
removed	sp|P33022|RIHB_ECOLI	313	
removed	sp|P33024|PSUT_ECOLI	416	
removed	sp|P33025|PSUG_ECOLI	312	
removed	sp|P33026|SETB_ECOLI	393	
removed	sp|P33029|YEIQ_ECOLI	488	
removed	sp|P33030|YEIR_ECOLI	328	
removed	sp|P33128|YADV_ECOLI	246	
removed	sp|P33129|HTRE_ECOLI	865	
removed	sp|P33135|FLIR_ECOLI	261	
removed	sp|P33136|OPGG_ECOLI	511	
removed	sp|P33195|GCSP_ECOLI	957	
removed	sp|P33218|YEBE_ECOLI	219	
removed	sp|P33219|YEBF_ECOLI	118	
removed	sp|P33221|PURT_ECOLI	392	
removed	sp|P33222|YJFC_ECOLI	387	
removed	sp|P33224|AIDB_ECOLI	541	
removed	sp|P33225|TORA_ECOLI	848	
removed	sp|P33226|TORC_ECOLI	390	
removed	sp|P33227|STFE_ECOLI	178	
removed	sp|P33228|RECT_ECOLI	269	
removed	sp|P33229|RALR_ECOLI	64	
removed	sp|P33230|RCBA_ECOLI	69	
removed	sp|P33231|LLDP_ECOLI	551	
removed	sp|P33232|LLDD_ECOLI	396	
removed	sp|P33234|ADIY_ECOLI	253	
removed	sp|P33235|FLGK_ECOLI	547	
removed	sp|P33236|MOKC_ECOLI	69	
removed	sp|P33340|YEHA_ECOLI	344	
removed	sp|P33341|YEHB_ECOLI	826	
removed	sp|P33342|YEHC_ECOLI	239	
removed	sp|P33343|YEHD_ECOLI	180	
removed	sp|P33344|YEHE_ECOLI	93	
removed	sp|P33345|YEHF_ECOLI	274	
removed	sp|P33346|YEHI_ECOLI	1210	
removed	sp|P33347|YEHK_ECOLI	105	
removed	sp|P33348|YEHL_ECOLI	362	
removed	sp|P33349|YEHM_ECOLI	759	
removed	sp|P33352|YEHP_ECOLI	378	
removed	sp|P33353|YEHQ_ECOLI	614	
removed	sp|P33354|YEHR_ECOLI	153	
removed	sp|P33355|YEHS_ECOLI	156	
removed	sp|P33358|MLRA_ECOLI	243	
removed	sp|P33359|YEHW_ECOLI	243	
removed	sp|P33360|YEHX_ECOLI	308	
removed	sp|P33361|YEHY_ECOLI	385	
removed	sp|P33362|YEHZ_ECOLI	305	
removed	sp|P33363|BGLX_ECOLI	765	
removed	sp|P33366|YOHD_ECOLI	192	
removed	sp|P33368|YOHF_ECOLI	253	
removed	sp|P33369|MDTQ_ECOLI	478	
removed	sp|P33371|DUSC_ECOLI	315	
removed	sp|P33554|PPDA_ECOLI	156	
removed	sp|P33570|TKT2_ECOLI	667	
removed	sp|P33590|NIKA_ECOLI	524	
removed	sp|P33591|NIKB_ECOLI	314	
removed	sp|P33593|NIKD_ECOLI	254	
removed	sp|P33594|NIKE_ECOLI	268	
removed	sp|P33595|SGRR_ECOLI	551	
removed	sp|P33596|RECX_ECOLI	166	
removed	sp|P33599|NUOCD_ECOLI	596	
removed	sp|P33602|NUOG_ECOLI	908	
removed	sp|P33607|NUOL_ECOLI	613	
removed	sp|P33634|YFIE_ECOLI	293	
removed	sp|P33643|RLUD_ECOLI	326	
removed	sp|P33644|PURNU_ECOLI	243	
removed	sp|P33647|CHPB_ECOLI	116	
removed	sp|P33650|FEOB_ECOLI	773	
removed	sp|P33666|YDBA_ECOLI	852	
removed	sp|P33667|SELU_ECOLI	364	
removed	sp|P33668|YBBC_ECOLI	122	
removed	sp|P33669|YBBD_ECOLI	86	
removed	sp|P33913|YEJA_ECOLI	604	
removed	sp|P33915|YEJE_ECOLI	341	
removed	sp|P33916|YEJF_ECOLI	529	
removed	sp|P33919|RADD_ECOLI	586	
removed	sp|P33920|NDPA_ECOLI	335	
removed	sp|P33924|YEJO_ECOLI	863	
removed	sp|P33927|CCMF_ECOLI	647	
removed	sp|P33931|CCMA_ECOLI	207	
removed	sp|P33934|NAPH_ECOLI	287	
removed	sp|P33937|NAPA_ECOLI	828	
removed	sp|P33940|MQO_ECOLI	548	
removed	sp|P33941|YOJI_ECOLI	547	
removed	sp|P33997|ALPA_ECOLI	70	
removed	sp|P34209|YDCF_ECOLI	266	
removed	sp|P34749|HOFQ_ECOLI	412	
removed	sp|P35340|AHPF_ECOLI	521	
removed	sp|P36547|EUTR_ECOLI	350	
removed	sp|P36548|AMIA_ECOLI	289	
removed	sp|P36553|HEM6_ECOLI	299	
removed	sp|P36554|MDTD_ECOLI	471	
removed	sp|P36560|ASR_ECOLI	102	
removed	sp|P36561|COBS_ECOLI	247	
removed	sp|P36562|COBT_ECOLI	359	
removed	sp|P36566|CMOM_ECOLI	261	
removed	sp|P36645|HOFB_ECOLI	461	
removed	sp|P36646|HOFC_ECOLI	400	
removed	sp|P36647|PPDD_ECOLI	146	
removed	sp|P36649|CUEO_ECOLI	516	
removed	sp|P36655|DSBD_ECOLI	565	
removed	sp|P36659|CBPA_ECOLI	306	
removed	sp|P36661|YCCE_ECOLI	418	
removed	sp|P36662|TORD_ECOLI	199	
removed	sp|P36667|WBBL_ECOLI	264	
removed	sp|P36672|PTTBC_ECOLI	473	
removed	sp|P36673|TRER_ECOLI	315	
removed	sp|P36675|ARFA_ECOLI	72	
removed	sp|P36677|YHDN_ECOLI	122	
removed	sp|P36678|GSPM_ECOLI	153	
removed	sp|P36680|ZAPD_ECOLI	247	
removed	sp|P36682|YACH_ECOLI	617	
removed	sp|P36683|ACNB_ECOLI	865	
removed	sp|P36767|RDGC_ECOLI	303	
removed	sp|P36771|LRHA_ECOLI	312	
removed	sp|P36837|DTPB_ECOLI	489	
removed	sp|P36879|YADG_ECOLI	308	
removed	sp|P36881|YADI_ECOLI	146	
removed	sp|P36928|YEGD_ECOLI	450	
removed	sp|P36929|RSMB_ECOLI	429	
removed	sp|P36930|GATR_ECOLI	112	
removed	sp|P36937|KDPF_ECOLI	29	
removed	sp|P36938|PGM_ECOLI	546	
removed	sp|P36943|EAEH_ECOLI	295	
removed	sp|P36979|RLMN_ECOLI	384	
removed	sp|P36995|CSPB_ECOLI	71	
removed	sp|P36999|RLMA_ECOLI	269	
removed	sp|P37001|PAGP_ECOLI	186	
removed	sp|P37002|FLUC_ECOLI	127	
removed	sp|P37003|YBFG_ECOLI	216	
removed	sp|P37005|LAST_ECOLI	228	
removed	sp|P37007|YAGA_ECOLI	384	
removed	sp|P37008|YAGB_ECOLI	116	
removed	sp|P37009|FBPC_ECOLI	348	
removed	sp|P37013|NORR_ECOLI	504	
removed	sp|P37014|RPNE_ECOLI	299	
removed	sp|P37016|YADK_ECOLI	198	
removed	sp|P37017|YADL_ECOLI	201	
removed	sp|P37018|YADM_ECOLI	189	
removed	sp|P37019|CLCA_ECOLI	473	
removed	sp|P37024|HRPB_ECOLI	809	
removed	sp|P37025|THPR_ECOLI	176	
removed	sp|P37028|BTUF_ECOLI	266	
removed	sp|P37047|CDAR_ECOLI	385	
removed	sp|P37049|YAEI_ECOLI	270	
removed	sp|P37050|YADN_ECOLI	194	
removed	sp|P37051|PURU_ECOLI	280	
removed	sp|P37052|YCHJ_ECOLI	152	
removed	sp|P37056|YAEF_ECOLI	274	
removed	sp|P37057|OGRK_ECOLI	72	
removed	sp|P37095|PEPB_ECOLI	427	
removed	sp|P37127|AEGA_ECOLI	659	
removed	sp|P37128|NUDK_ECOLI	191	
removed	sp|P37146|RIR4_ECOLI	319	
removed	sp|P37147|FXSA_ECOLI	158	
removed	sp|P37177|PT1P_ECOLI	748	
removed	sp|P37180|HYBB_ECOLI	392	
removed	sp|P37182|HYBD_ECOLI	164	
removed	sp|P37188|PTKB_ECOLI	94	
removed	sp|P37194|SLP_ECOLI	188	
removed	sp|P37195|DCTR_ECOLI	176	
removed	sp|P37197|CCP_ECOLI	465	
removed	sp|P37305|HOKA_ECOLI	50	
removed	sp|P37306|ALLK_ECOLI	297	
removed	sp|P37309|ARSR_ECOLI	117	
removed	sp|P37313|DPPF_ECOLI	334	
removed	sp|P37325|YBCH_ECOLI	296	
removed	sp|P37326|INTS_ECOLI	385	
removed	sp|P37327|YFDC_ECOLI	310	
removed	sp|P37329|MODA_ECOLI	257	
removed	sp|P37330|MASZ_ECOLI	723	
removed	sp|P37338|GLAR_ECOLI	220	
removed	sp|P37339|LHGD_ECOLI	422	
removed	sp|P37340|MDTK_ECOLI	457	
removed	sp|P37342|YJJI_ECOLI	516	
removed	sp|P37344|PSPF_ECOLI	325	
removed	sp|P37348|YECE_ECOLI	272	
removed	sp|P37349|DHAM_ECOLI	472	
removed	sp|P37351|RPIB_ECOLI	149	
removed	sp|P37353|MENE_ECOLI	451	
removed	sp|P37355|MENH_ECOLI	252	
removed	sp|P37387|XYLF_ECOLI	330	
removed	sp|P37388|XYLG_ECOLI	513	
removed	sp|P37440|UCPA_ECOLI	263	
removed	sp|P37443|YCAI_ECOLI	754	
removed	sp|P37590|PMRD_ECOLI	88	
removed	sp|P37595|IAAA_ECOLI	321	
removed	sp|P37596|NORW_ECOLI	377	
removed	sp|P37597|PUNC_ECOLI	403	
removed	sp|P37610|TAUD_ECOLI	283	
removed	sp|P37613|PANZ_ECOLI	127	
removed	sp|P37614|YHHL_ECOLI	89	
removed	sp|P37615|YHHM_ECOLI	119	
removed	sp|P37617|ZNTA_ECOLI	732	
removed	sp|P37619|QPTR_ECOLI	221	
removed	sp|P37621|YHHS_ECOLI	405	
removed	sp|P37623|ACPT_ECOLI	195	
removed	sp|P37624|RBBA_ECOLI	911	
removed	sp|P37626|YHII_ECOLI	355	
removed	sp|P37627|YHIJ_ECOLI	540	
removed	sp|P37629|YHIL_ECOLI	535	
removed	sp|P37630|YHIM_ECOLI	350	
removed	sp|P37631|RDSA_ECOLI	400	
removed	sp|P37634|RLMJ_ECOLI	280	
removed	sp|P37635|YHIS_ECOLI	260	
removed	sp|P37636|MDTE_ECOLI	385	
removed	sp|P37637|MDTF_ECOLI	1037	
removed	sp|P37639|GADX_ECOLI	274	
removed	sp|P37640|YHJB_ECOLI	200	
removed	sp|P37641|YHJC_ECOLI	299	
removed	sp|P37642|YHJD_ECOLI	337	
removed	sp|P37643|YHJE_ECOLI	440	
removed	sp|P37645|YHJG_ECOLI	686	
removed	sp|P37646|PDEH_ECOLI	255	
removed	sp|P37647|KDGK_ECOLI	309	
removed	sp|P37648|YHJJ_ECOLI	498	
removed	sp|P37649|PDEK_ECOLI	662	
removed	sp|P37650|BCSC_ECOLI	1157	
removed	sp|P37651|GUN_ECOLI	368	
removed	sp|P37652|BCSB_ECOLI	779	
removed	sp|P37653|BCSA_ECOLI	872	
removed	sp|P37655|BCSQP_ECOLI	242	
removed	sp|P37657|BCSE_ECOLI	523	
removed	sp|P37659|BCSG_ECOLI	559	
removed	sp|P37660|YHJV_ECOLI	423	
removed	sp|P37661|EPTB_ECOLI	563	
removed	sp|P37662|YHJX_ECOLI	402	
removed	sp|P37663|YHJY_ECOLI	232	
removed	sp|P37664|YIAC_ECOLI	146	
removed	sp|P37665|YIAD_ECOLI	219	
removed	sp|P37666|GHRB_ECOLI	324	
removed	sp|P37669|WECH_ECOLI	331	
removed	sp|P37671|PLAR_ECOLI	282	
removed	sp|P37672|DLGD_ECOLI	332	
removed	sp|P37673|YIAL_ECOLI	155	
removed	sp|P37674|YIAM_ECOLI	157	
removed	sp|P37675|YIAN_ECOLI	425	
removed	sp|P37676|YIAO_ECOLI	328	
removed	sp|P37677|LYXK_ECOLI	498	
removed	sp|P37678|SGBH_ECOLI	220	
removed	sp|P37679|SGBU_ECOLI	286	
removed	sp|P37680|SGBE_ECOLI	231	
removed	sp|P37681|YIAT_ECOLI	246	
removed	sp|P37682|YIAU_ECOLI	324	
removed	sp|P37683|YIAV_ECOLI	378	
removed	sp|P37685|ALDB_ECOLI	512	
removed	sp|P37686|ADH2_ECOLI	383	
removed	sp|P37689|GPMI_ECOLI	514	
removed	sp|P37690|ENVC_ECOLI	419	
removed	sp|P37691|YIBQ_ECOLI	319	
removed	sp|P37692|WAAF_ECOLI	348	
removed	sp|P37744|RMLA1_ECOLI	293	
removed	sp|P37745|RMLC_ECOLI	185	
removed	sp|P37746|RFBX_ECOLI	415	
removed	sp|P37747|GLF_ECOLI	367	
removed	sp|P37748|WZY_ECOLI	388	
removed	sp|P37749|WBBI_ECOLI	330	
removed	sp|P37750|WBBJ_ECOLI	196	
removed	sp|P37751|WBBK_ECOLI	372	
removed	sp|P37757|YDDE_ECOLI	297	
removed	sp|P37758|NARU_ECOLI	462	
removed	sp|P37759|RMLB1_ECOLI	361	
removed	sp|P37760|RMLD_ECOLI	299	
removed	sp|P37765|RLUB_ECOLI	291	
removed	sp|P37766|YDIF_ECOLI	531	
removed	sp|P37767|YFHH_ECOLI	282	
removed	sp|P37769|KDUD_ECOLI	253	
removed	sp|P37772|YJFF_ECOLI	331	
removed	sp|P37773|MPL_ECOLI	457	
removed	sp|P37774|TCYN_ECOLI	250	
removed	sp|P37794|CHBG_ECOLI	249	
removed	sp|P37902|GLTI_ECOLI	302	
removed	sp|P37903|USPF_ECOLI	144	
removed	sp|P37906|PUUB_ECOLI	426	
removed	sp|P37908|YFJD_ECOLI	428	
removed	sp|P37909|YBGD_ECOLI	188	
removed	sp|P38035|RTCR_ECOLI	532	
removed	sp|P38036|CAS3_ECOLI	888	
removed	sp|P38038|CYSJ_ECOLI	599	
removed	sp|P38051|MENF_ECOLI	431	
removed	sp|P38052|SFMF_ECOLI	171	
removed	sp|P38054|CUSA_ECOLI	1047	
removed	sp|P38055|YDJE_ECOLI	452	
removed	sp|P38097|DGCE_ECOLI	1105	
removed	sp|P38101|EAMB_ECOLI	195	
removed	sp|P38104|RSPA_ECOLI	404	
removed	sp|P38105|RSPB_ECOLI	339	
removed	sp|P38134|ETK_ECOLI	726	
removed	sp|P38135|FADK_ECOLI	566	
removed	sp|P38392|SIEB_ECOLI	162	
removed	sp|P38393|KILR_ECOLI	73	
removed	sp|P38394|YDAE_ECOLI	56	
removed	sp|P38489|NFSB_ECOLI	217	
removed	sp|P38506|XNI_ECOLI	251	
removed	sp|P38521|YGGL_ECOLI	108	
removed	sp|P38683|TORT_ECOLI	342	
removed	sp|P38684|TORR_ECOLI	230	
removed	sp|P39099|DEGQ_ECOLI	455	
removed	sp|P39160|UXUB_ECOLI	486	
removed	sp|P39161|UXUR_ECOLI	257	
removed	sp|P39163|CHAC_ECOLI	231	
removed	sp|P39165|YCHO_ECOLI	464	
removed	sp|P39172|ZNUA_ECOLI	310	
removed	sp|P39173|YEAD_ECOLI	294	
removed	sp|P39176|ERFK_ECOLI	310	
removed	sp|P39177|USPG_ECOLI	142	
removed	sp|P39180|AG43_ECOLI	1039	
removed	sp|P39187|YTFJ_ECOLI	184	
removed	sp|P39196|LPLT_ECOLI	397	
removed	sp|P39199|PRMB_ECOLI	310	
removed	sp|P39206|CAIE_ECOLI	196	
removed	sp|P39208|IDNK_ECOLI	187	
removed	sp|P39212|INSN2_ECOLI	88	
removed	sp|P39220|YABP_ECOLI	216	
removed	sp|P39221|YABQ_ECOLI	52	
removed	sp|P39263|YFCC_ECOLI	506	
removed	sp|P39264|FIMI_ECOLI	179	
removed	sp|P39265|ALSB_ECOLI	311	
removed	sp|P39267|RDCB_ECOLI	292	
removed	sp|P39270|YJDF_ECOLI	209	
removed	sp|P39274|YJDJ_ECOLI	90	
removed	sp|P39276|DTPC_ECOLI	485	
removed	sp|P39277|YJEH_ECOLI	418	
removed	sp|P39279|YJEJ_ECOLI	289	
removed	sp|P39280|EPMB_ECOLI	342	
removed	sp|P39282|YJEM_ECOLI	500	
removed	sp|P39283|YJEN_ECOLI	104	
removed	sp|P39284|YJEO_ECOLI	104	
removed	sp|P39285|MSCM_ECOLI	1107	
removed	sp|P39286|RSGA_ECOLI	350	
removed	sp|P39288|QUEG_ECOLI	379	
removed	sp|P39293|YJFK_ECOLI	219	
removed	sp|P39295|YJFM_ECOLI	212	
removed	sp|P39297|BSMA_ECOLI	109	
removed	sp|P39298|YJFP_ECOLI	249	
removed	sp|P39300|ULAG_ECOLI	354	
removed	sp|P39301|ULAA_ECOLI	465	
removed	sp|P39304|ULAD_ECOLI	216	
removed	sp|P39305|ULAE_ECOLI	284	
removed	sp|P39306|ULAF_ECOLI	228	
removed	sp|P39308|YJFZ_ECOLI	264	
removed	sp|P39309|YTFA_ECOLI	108	
removed	sp|P39310|YTFB_ECOLI	212	
removed	sp|P39314|YTFF_ECOLI	321	
removed	sp|P39315|QOR2_ECOLI	286	
removed	sp|P39317|YTFI_ECOLI	312	
removed	sp|P39321|TAMB_ECOLI	1259	
removed	sp|P39325|YTFQ_ECOLI	318	
removed	sp|P39328|YTFT_ECOLI	341	
removed	sp|P39332|YJGH_ECOLI	131	
removed	sp|P39333|BDCA_ECOLI	237	
removed	sp|P39334|BDCR_ECOLI	197	
removed	sp|P39336|YJGL_ECOLI	604	
removed	sp|P39337|YJGM_ECOLI	167	
removed	sp|P39338|YJGN_ECOLI	398	
removed	sp|P39342|YJGR_ECOLI	500	
removed	sp|P39343|IDNR_ECOLI	332	
removed	sp|P39344|IDNT_ECOLI	439	
removed	sp|P39346|IDND_ECOLI	343	
removed	sp|P39347|INTB_ECOLI	396	
removed	sp|P39349|YJGX_ECOLI	119	
removed	sp|P39351|YJGZ_ECOLI	109	
removed	sp|P39352|NANX_ECOLI	405	
removed	sp|P39353|NANY_ECOLI	372	
removed	sp|P39354|YJHD_ECOLI	76	
removed	sp|P39355|YJHE_ECOLI	82	
removed	sp|P39356|YJHU_ECOLI	328	
removed	sp|P39357|YJHF_ECOLI	449	
removed	sp|P39358|YJHG_ECOLI	655	
removed	sp|P39359|YJHH_ECOLI	301	
removed	sp|P39360|YJHI_ECOLI	262	
removed	sp|P39361|SGCR_ECOLI	260	
removed	sp|P39362|SGCE_ECOLI	210	
removed	sp|P39363|SGCA_ECOLI	143	
removed	sp|P39364|SGCQ_ECOLI	268	
removed	sp|P39365|SGCC_ECOLI	437	
removed	sp|P39366|SGCX_ECOLI	373	
removed	sp|P39367|YJHP_ECOLI	248	
removed	sp|P39368|YJHQ_ECOLI	181	
removed	sp|P39369|YJHR_ECOLI	338	
removed	sp|P39370|NANS_ECOLI	326	
removed	sp|P39371|NANM_ECOLI	368	
removed	sp|P39374|YJIC_ECOLI	276	
removed	sp|P39375|IRAD_ECOLI	130	
removed	sp|P39376|YJIE_ECOLI	303	
removed	sp|P39377|IADA_ECOLI	390	
removed	sp|P39379|YJIH_ECOLI	227	
removed	sp|P39380|KPTA_ECOLI	184	
removed	sp|P39381|YJIJ_ECOLI	392	
removed	sp|P39382|YJIK_ECOLI	286	
removed	sp|P39383|YJIL_ECOLI	255	
removed	sp|P39384|YJIM_ECOLI	383	
removed	sp|P39385|YJIN_ECOLI	426	
removed	sp|P39386|MDTM_ECOLI	410	
removed	sp|P39389|YJIR_ECOLI	470	
removed	sp|P39390|YJIS_ECOLI	54	
removed	sp|P39391|YJIT_ECOLI	521	
removed	sp|P39393|YJIV_ECOLI	906	
removed	sp|P39394|SYME_ECOLI	113	
removed	sp|P39396|BTST_ECOLI	716	
removed	sp|P39398|LGOT_ECOLI	453	
removed	sp|P39399|LGOR_ECOLI	304	
removed	sp|P39400|LGOD_ECOLI	340	
removed	sp|P39401|OPGB_ECOLI	763	
removed	sp|P39404|BGLJ_ECOLI	225	
removed	sp|P39405|FHUF_ECOLI	262	
removed	sp|P39406|RSMC_ECOLI	343	
removed	sp|P39407|YJJU_ECOLI	357	
removed	sp|P39408|YJJV_ECOLI	259	
removed	sp|P39409|YJJW_ECOLI	287	
removed	sp|P39410|YJJJ_ECOLI	443	
removed	sp|P39411|NCPP_ECOLI	170	
removed	sp|P39414|TTDT_ECOLI	487	
removed	sp|P39451|ADHP_ECOLI	336	
removed	sp|P39452|RIR3_ECOLI	714	
removed	sp|P39453|TORS_ECOLI	914	
removed	sp|P39829|GARD_ECOLI	523	
removed	sp|P39830|YBAL_ECOLI	558	
removed	sp|P39831|YDFG_ECOLI	248	
removed	sp|P39832|ZNUB_ECOLI	261	
removed	sp|P39834|YGIL_ECOLI	183	
removed	sp|P39835|GNTT_ECOLI	438	
removed	sp|P39836|YFEH_ECOLI	332	
removed	sp|P39838|RCSD_ECOLI	890	
removed	sp|P39901|YBFI_ECOLI	65	
removed	sp|P39902|SPRT_ECOLI	165	
removed	sp|P40120|OPGD_ECOLI	551	
removed	sp|P40191|PDXK_ECOLI	283	
removed	sp|P40710|NLPE_ECOLI	236	
removed	sp|P40711|ARFB_ECOLI	140	
removed	sp|P40719|QSEC_ECOLI	449	
removed	sp|P40874|MTOX_ECOLI	372	
removed	sp|P40876|YCBF_ECOLI	236	
removed	sp|P41036|NANT_ECOLI	496	
removed	sp|P41039|YBII_ECOLI	88	
removed	sp|P41052|MLTB_ECOLI	361	
removed	sp|P41407|AZOR_ECOLI	201	
removed	sp|P41409|RIHA_ECOLI	311	
removed	sp|P41441|GSPF_ECOLI	398	
removed	sp|P41442|GSPG_ECOLI	145	
removed	sp|P41443|GSPH_ECOLI	169	
removed	sp|P42588|PAT_ECOLI	459	
removed	sp|P42589|YGJH_ECOLI	110	
removed	sp|P42590|YGJI_ECOLI	477	
removed	sp|P42591|YGJJ_ECOLI	356	
removed	sp|P42592|YGJK_ECOLI	783	
removed	sp|P42593|FADH_ECOLI	672	
removed	sp|P42596|RLMG_ECOLI	378	
removed	sp|P42597|UTPP_ECOLI	167	
removed	sp|P42598|YGJQ_ECOLI	230	
removed	sp|P42599|YGJR_ECOLI	328	
removed	sp|P42601|ALX_ECOLI	321	
removed	sp|P42603|YGJV_ECOLI	183	
removed	sp|P42604|UXAA_ECOLI	495	
removed	sp|P42615|MZRA_ECOLI	127	
removed	sp|P42616|YQJC_ECOLI	122	
removed	sp|P42619|YQJF_ECOLI	130	
removed	sp|P42620|YQJG_ECOLI	328	
removed	sp|P42624|YHAK_ECOLI	233	
removed	sp|P42625|YHAL_ECOLI	54	
removed	sp|P42626|YHAM_ECOLI	436	
removed	sp|P42628|DLST_ECOLI	443	
removed	sp|P42630|TDCG_ECOLI	454	
removed	sp|P42632|TDCE_ECOLI	764	
removed	sp|P42640|YHBX_ECOLI	541	
removed	sp|P42641|OBG_ECOLI	390	
removed	sp|P42904|PTPB2_ECOLI	157	
removed	sp|P42905|PTPC2_ECOLI	133	
removed	sp|P42906|AGAA_ECOLI	167	
removed	sp|P42907|AGAS_ECOLI	384	
removed	sp|P42909|PTPB1_ECOLI	158	
removed	sp|P42910|PTPC1_ECOLI	267	
removed	sp|P42911|PTPD_ECOLI	263	
removed	sp|P42912|AGAI_ECOLI	251	
removed	sp|P42913|YRAH_ECOLI	194	
removed	sp|P42914|YRAI_ECOLI	231	
removed	sp|P42915|YRAJ_ECOLI	838	
removed	sp|P43319|YRAK_ECOLI	363	
removed	sp|P43329|HRPA_ECOLI	1300	
removed	sp|P43337|NUDL_ECOLI	192	
removed	sp|P43340|YCAK_ECOLI	196	
removed	sp|P43341|LPXH_ECOLI	240	
removed	sp|P43531|YNFM_ECOLI	417	
removed	sp|P43533|FLGN_ECOLI	138	
removed	sp|P43667|YGAH_ECOLI	111	
removed	sp|P43671|PQIB_ECOLI	546	
removed	sp|P43672|UUP_ECOLI	635	
removed	sp|P43674|YCAL_ECOLI	254	
removed	sp|P43676|PITB_ECOLI	499	
removed	sp|P45394|YRBG_ECOLI	325	
removed	sp|P45395|KDSD_ECOLI	328	
removed	sp|P45420|YHCD_ECOLI	793	
removed	sp|P45421|YHCE_ECOLI	181	
removed	sp|P45422|YHCF_ECOLI	238	
removed	sp|P45423|YHCG_ECOLI	375	
removed	sp|P45424|NANQ_ECOLI	154	
removed	sp|P45425|NANK_ECOLI	291	
removed	sp|P45428|DCUD_ECOLI	455	
removed	sp|P45463|TTDR_ECOLI	310	
removed	sp|P45464|LPOA_ECOLI	678	
removed	sp|P45465|YRAN_ECOLI	131	
removed	sp|P45468|YRAQ_ECOLI	346	
removed	sp|P45469|YRAR_ECOLI	211	
removed	sp|P45470|YHBO_ECOLI	172	
removed	sp|P45472|YHBQ_ECOLI	100	
removed	sp|P45475|UBIV_ECOLI	292	
removed	sp|P45505|YFAH_ECOLI	68	
removed	sp|P45508|YFAL_ECOLI	1250	
removed	sp|P45522|KEFB_ECOLI	601	
removed	sp|P45523|FKBA_ECOLI	270	
removed	sp|P45524|YHET_ECOLI	340	
removed	sp|P45527|UBIU_ECOLI	331	
removed	sp|P45530|TUSB_ECOLI	95	
removed	sp|P45531|TUSC_ECOLI	119	
removed	sp|P45532|TUSD_ECOLI	128	
removed	sp|P45537|YHFK_ECOLI	700	
removed	sp|P45539|FRLA_ECOLI	445	
removed	sp|P45541|FRLC_ECOLI	276	
removed	sp|P45543|FRLD_ECOLI	261	
removed	sp|P45544|FRLR_ECOLI	243	
removed	sp|P45545|YHFS_ECOLI	361	
removed	sp|P45546|YHFT_ECOLI	434	
removed	sp|P45548|PHP_ECOLI	292	
removed	sp|P45549|YHFW_ECOLI	408	
removed	sp|P45550|YHFX_ECOLI	387	
removed	sp|P45551|YHFY_ECOLI	120	
removed	sp|P45552|YHFZ_ECOLI	301	
removed	sp|P45562|XAPB_ECOLI	418	
removed	sp|P45563|XAPA_ECOLI	277	
removed	sp|P45564|YFEN_ECOLI	254	
removed	sp|P45565|AIS_ECOLI	200	
removed	sp|P45566|YHDT_ECOLI	80	
removed	sp|P45568|DXR_ECOLI	398	
removed	sp|P45570|YBCI_ECOLI	173	
removed	sp|P45577|PROQ_ECOLI	232	
removed	sp|P45578|LUXS_ECOLI	171	
removed	sp|P45579|HCXA_ECOLI	362	
removed	sp|P45581|STFP_ECOLI	209	
removed	sp|P45736|YCJD_ECOLI	117	
removed	sp|P45748|TSAC_ECOLI	190	
removed	sp|P45750|HOFP_ECOLI	134	
removed	sp|P45751|HOFO_ECOLI	146	
removed	sp|P45753|HOFM_ECOLI	259	
removed	sp|P45756|GSPA_ECOLI	489	
removed	sp|P45757|GSPC_ECOLI	271	
removed	sp|P45758|GSPD_ECOLI	650	
removed	sp|P45759|GSPE_ECOLI	493	
removed	sp|P45760|GSPI_ECOLI	125	
removed	sp|P45761|GSPJ_ECOLI	195	
removed	sp|P45762|GSPK_ECOLI	327	
removed	sp|P45763|GSPL_ECOLI	387	
removed	sp|P45766|YHDW_ECOLI	341	
removed	sp|P45767|YHDX_ECOLI	393	
removed	sp|P45768|YHDY_ECOLI	367	
removed	sp|P45769|YHDZ_ECOLI	252	
removed	sp|P45771|YRDD_ECOLI	180	
removed	sp|P45795|YRDB_ECOLI	85	
removed	sp|P45799|NUDE_ECOLI	186	
removed	sp|P45800|IGAA_ECOLI	711	
removed	sp|P45804|YHGE_ECOLI	574	
removed	sp|P45807|YBAM_ECOLI	53	
removed	sp|P45848|YCIQ_ECOLI	631	
removed	sp|P45955|CPOB_ECOLI	263	
removed	sp|P45956|CAS2_ECOLI	94	
removed	sp|P46022|MTGA_ECOLI	242	
removed	sp|P46068|DSDC_ECOLI	311	
removed	sp|P46118|HEXR_ECOLI	289	
removed	sp|P46119|YBJC_ECOLI	95	
removed	sp|P46122|YAJI_ECOLI	179	
removed	sp|P46125|YEDI_ECOLI	305	
removed	sp|P46126|YFIM_ECOLI	107	
removed	sp|P46130|YBHC_ECOLI	427	
removed	sp|P46133|ABGT_ECOLI	508	
removed	sp|P46136|YDDG_ECOLI	293	
removed	sp|P46139|DGCN_ECOLI	408	
removed	sp|P46141|YGBE_ECOLI	107	
removed	sp|P46142|YGGM_ECOLI	335	
removed	sp|P46144|YEDJ_ECOLI	231	
removed	sp|P46187|RSEC_ECOLI	159	
removed	sp|P46474|YHDP_ECOLI	1266	
removed	sp|P46478|AAEX_ECOLI	67	
removed	sp|P46481|AAEB_ECOLI	655	
removed	sp|P46482|AAEA_ECOLI	310	
removed	sp|P46837|YHGF_ECOLI	773	
removed	sp|P46846|GNTX_ECOLI	227	
removed	sp|P46849|RTCA_ECOLI	338	
removed	sp|P46850|RTCB_ECOLI	408	
removed	sp|P46852|YHHW_ECOLI	231	
removed	sp|P46853|YHHX_ECOLI	345	
removed	sp|P46854|AAAT_ECOLI	162	
removed	sp|P46855|YHHZ_ECOLI	392	
removed	sp|P46856|YRHA_ECOLI	138	
removed	sp|P46857|YRHB_ECOLI	94	
removed	sp|P46859|GNTK_ECOLI	175	
removed	sp|P46879|YQGD_ECOLI	83	
removed	sp|P46883|AMO_ECOLI	757	
removed	sp|P46887|YECH_ECOLI	79	
removed	sp|P46888|USPC_ECOLI	142	
removed	sp|P46889|FTSK_ECOLI	1329	
removed	sp|P46890|YBAE_ECOLI	566	
removed	sp|P46891|COF_ECOLI	272	
removed	sp|P46923|TORZ_ECOLI	809	
removed	sp|P50456|MLC_ECOLI	406	
removed	sp|P50457|PUUE_ECOLI	421	
removed	sp|P50465|END8_ECOLI	263	
removed	sp|P50466|AER_ECOLI	506	
removed	sp|P51020|HOA_ECOLI	337	
removed	sp|P51024|YAIL_ECOLI	179	
removed	sp|P51025|SFGH1_ECOLI	277	
removed	sp|P51981|AEEP_ECOLI	321	
removed	sp|P52005|TORY_ECOLI	366	
removed	sp|P52006|NUDI_ECOLI	141	
removed	sp|P52007|YECM_ECOLI	188	
removed	sp|P52037|YGFF_ECOLI	247	
removed	sp|P52043|SCPC_ECOLI	492	
removed	sp|P52044|YGFI_ECOLI	298	
removed	sp|P52045|SCPB_ECOLI	261	
removed	sp|P52048|YGGP_ECOLI	425	
removed	sp|P52052|YGGR_ECOLI	326	
removed	sp|P52060|YGGU_ECOLI	96	
removed	sp|P52061|IXTPA_ECOLI	197	
removed	sp|P52062|HEMW_ECOLI	378	
removed	sp|P52067|FSR_ECOLI	406	
removed	sp|P52073|GLCE_ECOLI	350	
removed	sp|P52074|GLCF_ECOLI	407	
removed	sp|P52076|QSEB_ECOLI	219	
removed	sp|P52086|COBC_ECOLI	203	
removed	sp|P52094|HISQ_ECOLI	228	
removed	sp|P52095|LDCC_ECOLI	713	
removed	sp|P52096|YAER_ECOLI	129	
removed	sp|P52097|TILS_ECOLI	432	
removed	sp|P52101|GLRK_ECOLI	475	
removed	sp|P52102|YFHL_ECOLI	86	
removed	sp|P52106|CSGD_ECOLI	216	
removed	sp|P52107|CSGC_ECOLI	110	
removed	sp|P52108|RSTA_ECOLI	239	
removed	sp|P52119|RATB_ECOLI	96	
removed	sp|P52123|YFJH_ECOLI	318	
removed	sp|P52124|YFJI_ECOLI	469	
removed	sp|P52125|YFJJ_ECOLI	208	
removed	sp|P52126|ABPB_ECOLI	729	
removed	sp|P52127|ABPA_ECOLI	538	
removed	sp|P52128|YFJM_ECOLI	87	
removed	sp|P52129|RNLA_ECOLI	357	
removed	sp|P52130|RNLB_ECOLI	123	
removed	sp|P52131|YFJP_ECOLI	287	
removed	sp|P52132|YFJQ_ECOLI	273	
removed	sp|P52133|YFJR_ECOLI	233	
removed	sp|P52134|YPJK_ECOLI	78	
removed	sp|P52135|YFJT_ECOLI	155	
removed	sp|P52138|YFJW_ECOLI	567	
removed	sp|P52139|YFJX_ECOLI	152	
removed	sp|P52140|YFJY_ECOLI	160	
removed	sp|P52141|YFJZ_ECOLI	105	
removed	sp|P52143|YPJA_ECOLI	1526	
removed	sp|P52598|YGBI_ECOLI	255	
removed	sp|P52599|EMRK_ECOLI	387	
removed	sp|P52600|EMRY_ECOLI	512	
removed	sp|P52612|FLII_ECOLI	457	
removed	sp|P52613|FLIJ_ECOLI	147	
removed	sp|P52614|FLIK_ECOLI	375	
removed	sp|P52627|FLIZ_ECOLI	183	
removed	sp|P52636|YCCM_ECOLI	357	
removed	sp|P52643|LDHD_ECOLI	329	
removed	sp|P52644|HSLJ_ECOLI	140	
removed	sp|P52645|YDBH_ECOLI	879	
removed	sp|P52647|NIFJ_ECOLI	1174	
removed	sp|P52696|YBHD_ECOLI	317	
removed	sp|P52697|6PGL_ECOLI	331	
removed	sp|P54745|MNGA_ECOLI	658	
removed	sp|P54746|MNGB_ECOLI	877	
removed	sp|P54901|CSIE_ECOLI	426	
removed	sp|P55135|RLMD_ECOLI	433	
removed	sp|P55138|YGCE_ECOLI	492	
removed	sp|P55140|YGCG_ECOLI	290	
removed	sp|P55734|YGAP_ECOLI	174	
removed	sp|P55798|PRP1_ECOLI	218	
removed	sp|P55799|PRP2_ECOLI	218	
removed	sp|P55914|YJJZ_ECOLI	78	
removed	sp|P56100|CYDX_ECOLI	37	
removed	sp|P56256|YSAA_ECOLI	157	
removed	sp|P56257|YKGL_ECOLI	75	
removed	sp|P56258|WECF_ECOLI	359	
removed	sp|P56259|YIFN_ECOLI	149	
removed	sp|P56262|DLHH_ECOLI	271	
removed	sp|P56579|PTHC_ECOLI	187	
removed	sp|P56580|PTHB_ECOLI	319	
removed	sp|P56614|YMDF_ECOLI	57	
removed	sp|P56976|BLR_ECOLI	41	
removed	sp|P57998|INSB4_ECOLI	167	
removed	sp|P58033|YPJJ_ECOLI	66	
removed	sp|P58034|YMGF_ECOLI	72	
removed	sp|P58035|SGCB_ECOLI	92	
removed	sp|P58036|YJBS_ECOLI	67	
removed	sp|P58037|YRHD_ECOLI	51	
removed	sp|P58041|RZOD_ECOLI	60	
removed	sp|P58042|RZOR_ECOLI	61	
removed	sp|P58094|YCIX_ECOLI	55	
removed	sp|P58095|YPJI_ECOLI	90	
removed	sp|P60061|ADIC_ECOLI	445	
removed	sp|P60240|RAPA_ECOLI	968	
removed	sp|P60293|MUKF_ECOLI	440	
removed	sp|P60340|TRUB_ECOLI	314	
removed	sp|P60390|RSMH_ECOLI	313	
removed	sp|P60422|RL2_ECOLI	273	
removed	sp|P60438|RL3_ECOLI	209	
removed	sp|P60472|UPPS_ECOLI	253	
removed	sp|P60546|KGUA_ECOLI	207	
removed	sp|P60560|GUAC_ECOLI	347	
removed	sp|P60566|FIXA_ECOLI	256	
removed	sp|P60584|CAIA_ECOLI	380	
removed	sp|P60595|HIS5_ECOLI	196	
removed	sp|P60624|RL24_ECOLI	104	
removed	sp|P60632|YOHJ_ECOLI	132	
removed	sp|P60651|SPEB_ECOLI	306	
removed	sp|P60664|HIS6_ECOLI	258	
removed	sp|P60716|LIPA_ECOLI	321	
removed	sp|P60720|LIPB_ECOLI	213	
removed	sp|P60723|RL4_ECOLI	201	
removed	sp|P60752|MSBA_ECOLI	582	
removed	sp|P60757|HIS1_ECOLI	299	
removed	sp|P60778|TSGA_ECOLI	393	
removed	sp|P60782|PLSY_ECOLI	205	
removed	sp|P60785|LEPA_ECOLI	599	
removed	sp|P60844|AQPZ_ECOLI	231	
removed	sp|P60869|YBJL_ECOLI	561	
removed	sp|P60872|YIDE_ECOLI	553	
removed	sp|P60906|SYH_ECOLI	424	
removed	sp|P60932|UPPP_ECOLI	273	
removed	sp|P60955|LGT_ECOLI	291	
removed	sp|P60995|LPHI_ECOLI	16	
removed	sp|P61175|RL22_ECOLI	110	
removed	sp|P61316|LOLA_ECOLI	203	
removed	sp|P61320|LOLB_ECOLI	207	
removed	sp|P61517|CAN_ECOLI	220	
removed	sp|P61714|RISB_ECOLI	156	
removed	sp|P61887|RMLA2_ECOLI	293	
removed	sp|P61889|MDH_ECOLI	312	
removed	sp|P61949|FLAV_ECOLI	176	
removed	sp|P62066|YCEQ_ECOLI	106	
removed	sp|P62395|SECM_ECOLI	170	
removed	sp|P62399|RL5_ECOLI	179	
removed	sp|P62517|OPGH_ECOLI	847	
removed	sp|P62522|LPID_ECOLI	32	
removed	sp|P62601|TREF_ECOLI	549	
removed	sp|P62615|ISPE_ECOLI	283	
removed	sp|P62617|ISPF_ECOLI	159	
removed	sp|P62620|ISPG_ECOLI	372	
removed	sp|P62623|ISPH_ECOLI	316	
removed	sp|P62672|APAG_ECOLI	125	
removed	sp|P62707|GPMA_ECOLI	250	
removed	sp|P62723|YEIH_ECOLI	349	
removed	sp|P62768|YAEH_ECOLI	128	
removed	sp|P63020|NFUA_ECOLI	191	
removed	sp|P63177|RLMB_ECOLI	243	
removed	sp|P63183|KUP_ECOLI	622	
removed	sp|P63201|GADW_ECOLI	242	
removed	sp|P63204|GADE_ECOLI	175	
removed	sp|P63224|GMHA_ECOLI	192	
removed	sp|P63228|GMHBB_ECOLI	191	
removed	sp|P63235|GADC_ECOLI	511	
removed	sp|P63264|CBPM_ECOLI	101	
removed	sp|P63284|CLPB_ECOLI	857	
removed	sp|P63340|YQEG_ECOLI	409	
removed	sp|P63386|MLAF_ECOLI	269	
removed	sp|P63389|YHES_ECOLI	637	
removed	sp|P63417|YHBS_ECOLI	167	
removed	sp|P63746|EUTS_ECOLI	111	
removed	sp|P63883|AMIC_ECOLI	417	
removed	sp|P64423|ZNTB_ECOLI	327	
removed	sp|P64426|DIGH_ECOLI	439	
removed	sp|P64429|YPFJ_ECOLI	287	
removed	sp|P64432|YPJD_ECOLI	263	
removed	sp|P64435|YBCW_ECOLI	68	
removed	sp|P64439|YBJM_ECOLI	125	
removed	sp|P64442|YCEO_ECOLI	46	
removed	sp|P64445|YNAJ_ECOLI	85	
removed	sp|P64448|YNBE_ECOLI	61	
removed	sp|P64451|YDCL_ECOLI	222	
removed	sp|P64453|ORTT_ECOLI	57	
removed	sp|P64455|YDCY_ECOLI	77	
removed	sp|P64459|YNCJ_ECOLI	76	
removed	sp|P64461|LSRG_ECOLI	96	
removed	sp|P64463|YDFZ_ECOLI	67	
removed	sp|P64467|CNU_ECOLI	71	
removed	sp|P64471|YDHI_ECOLI	78	
removed	sp|P64474|YDHL_ECOLI	79	
removed	sp|P64476|YDIH_ECOLI	62	
removed	sp|P64479|YDIZ_ECOLI	96	
removed	sp|P64481|YDJM_ECOLI	196	
removed	sp|P64483|PROXY_ECOLI	167	
removed	sp|P64485|YEAQ_ECOLI	82	
removed	sp|P64488|YEAR_ECOLI	119	
removed	sp|P64490|YOAC_ECOLI	99	
removed	sp|P64493|YOAF_ECOLI	84	
removed	sp|P64496|YOAG_ECOLI	60	
removed	sp|P64499|YEBO_ECOLI	95	
removed	sp|P64503|YEBV_ECOLI	78	
removed	sp|P64506|YEBY_ECOLI	113	
removed	sp|P64508|YOBF_ECOLI	47	
removed	sp|P64512|MGRB_ECOLI	47	
removed	sp|P64515|YECN_ECOLI	131	
removed	sp|P64517|YODC_ECOLI	60	
removed	sp|P64519|YODD_ECOLI	75	
removed	sp|P64521|YEET_ECOLI	73	
removed	sp|P64524|CBTA_ECOLI	124	
removed	sp|P64526|YEEW_ECOLI	64	
removed	sp|P64530|RCNR_ECOLI	90	
removed	sp|P64534|RCNB_ECOLI	112	
removed	sp|P64536|YEIS_ECOLI	79	
removed	sp|P64540|YFCL_ECOLI	92	
removed	sp|P64542|YPEC_ECOLI	108	
removed	sp|P64545|YFGG_ECOLI	63	
removed	sp|P64548|YFIR_ECOLI	172	
removed	sp|P64550|ALAE_ECOLI	149	
removed	sp|P64554|QUEE_ECOLI	223	
removed	sp|P64557|YGFM_ECOLI	259	
removed	sp|P64559|SDHE_ECOLI	88	
removed	sp|P64562|YQFE_ECOLI	76	
removed	sp|P64564|YGGT_ECOLI	188	
removed	sp|P64567|YQGB_ECOLI	43	
removed	sp|P64570|YQGC_ECOLI	71	
removed	sp|P64572|YGHR_ECOLI	252	
removed	sp|P64574|YGHW_ECOLI	95	
removed	sp|P64578|HIGB_ECOLI	104	
removed	sp|P64581|YQJD_ECOLI	101	
removed	sp|P64585|YQJE_ECOLI	134	
removed	sp|P64588|YQJI_ECOLI	207	
removed	sp|P64590|YHAH_ECOLI	121	
removed	sp|P64592|YHAI_ECOLI	118	
removed	sp|P64594|YHAV_ECOLI	154	
removed	sp|P64596|DOLP_ECOLI	191	
removed	sp|P64599|UBIT_ECOLI	174	
removed	sp|P64602|MLAB_ECOLI	97	
removed	sp|P64604|MLAD_ECOLI	183	
removed	sp|P64606|MLAE_ECOLI	260	
removed	sp|P64610|YRBL_ECOLI	210	
removed	sp|P64612|ZAPE_ECOLI	375	
removed	sp|P64614|YHCN_ECOLI	87	
removed	sp|P64616|YHCO_ECOLI	90	
removed	sp|P64619|YHDU_ECOLI	59	
removed	sp|P64622|YHDV_ECOLI	73	
removed	sp|P64624|YHEO_ECOLI	240	
removed	sp|P64627|YHFL_ECOLI	55	
removed	sp|P64631|YHFU_ECOLI	117	
removed	sp|P64634|HOFN_ECOLI	179	
removed	sp|P64636|YRFG_ECOLI	222	
removed	sp|P64638|FEOC_ECOLI	78	
removed	sp|P64646|GHOT_ECOLI	57	
removed	sp|P65290|YFGH_ECOLI	172	
removed	sp|P65292|YGDI_ECOLI	75	
removed	sp|P65294|YGDR_ECOLI	72	
removed	sp|P65298|YQHH_ECOLI	85	
removed	sp|P65367|YQCA_ECOLI	149	
removed	sp|P65556|YFCD_ECOLI	180	
removed	sp|P65643|EUTT_ECOLI	267	
removed	sp|P65807|YGEY_ECOLI	403	
removed	sp|P65870|QUED_ECOLI	121	
removed	sp|P66817|DIAA_ECOLI	196	
removed	sp|P66899|DPAL_ECOLI	398	
removed	sp|P66948|BEPA_ECOLI	487	
removed	sp|P67080|PLPHP_ECOLI	234	
removed	sp|P67087|RSMI_ECOLI	286	
removed	sp|P67095|YFCE_ECOLI	184	
removed	sp|P67127|YGDQ_ECOLI	237	
removed	sp|P67143|YHGN_ECOLI	197	
removed	sp|P67153|YQFA_ECOLI	219	
removed	sp|P67244|YQHA_ECOLI	164	
removed	sp|P67338|YOAH_ECOLI	59	
removed	sp|P67430|NEMR_ECOLI	199	
removed	sp|P67444|XANQ_ECOLI	466	
removed	sp|P67553|YNFC_ECOLI	236	
removed	sp|P67601|YOBD_ECOLI	152	
removed	sp|P67603|AC4CH_ECOLI	103	
removed	sp|P67624|YHEU_ECOLI	72	
removed	sp|P67660|YHAJ_ECOLI	298	
removed	sp|P67662|AAER_ECOLI	309	
removed	sp|P67697|HICB_ECOLI	138	
removed	sp|P67699|YDDM_ECOLI	94	
removed	sp|P67701|HIGA_ECOLI	138	
removed	sp|P67729|YFEO_ECOLI	418	
removed	sp|P67762|YHBP_ECOLI	147	
removed	sp|P67826|CUTC_ECOLI	248	
removed	sp|P67910|HLDD_ECOLI	310	
removed	sp|P68066|GRCA_ECOLI	127	
removed	sp|P68183|MALG_ECOLI	296	
removed	sp|P68187|MALK_ECOLI	371	
removed	sp|P68191|SRA_ECOLI	45	
removed	sp|P68206|YJBJ_ECOLI	69	
removed	sp|P68398|TADA_ECOLI	167	
removed	sp|P68567|RSMJ_ECOLI	250	
removed	sp|P68644|FIXC_ECOLI	428	
removed	sp|P68646|FIXX_ECOLI	95	
removed	sp|P68661|YBCO_ECOLI	96	
removed	sp|P68679|RS21_ECOLI	71	
removed	sp|P68688|GLRX1_ECOLI	85	
removed	sp|P68699|ATPL_ECOLI	79	
removed	sp|P68739|NFI_ECOLI	223	
removed	sp|P68767|AMPA_ECOLI	503	
removed	sp|P68919|RL25_ECOLI	94	
removed	sp|P69054|DHSC_ECOLI	129	
removed	sp|P69210|MDTI_ECOLI	109	
removed	sp|P69212|MDTJ_ECOLI	121	
removed	sp|P69222|IF1_ECOLI	72	
removed	sp|P69228|BAER_ECOLI	240	
removed	sp|P69330|CITD_ECOLI	98	
removed	sp|P69346|YEFM_ECOLI	83	
removed	sp|P69348|YOEB_ECOLI	84	
removed	sp|P69367|MDTH_ECOLI	402	
removed	sp|P69380|FIEF_ECOLI	300	
removed	sp|P69411|RCSF_ECOLI	134	
removed	sp|P69423|TATC_ECOLI	258	
removed	sp|P69425|TATB_ECOLI	171	
removed	sp|P69428|TATA_ECOLI	89	
removed	sp|P69432|PGAD_ECOLI	137	
removed	sp|P69434|PGAA_ECOLI	807	
removed	sp|P69441|KAD_ECOLI	214	
removed	sp|P69451|LCFA_ECOLI	561	
removed	sp|P69488|CUTA_ECOLI	112	
removed	sp|P69490|CCME_ECOLI	159	
removed	sp|P69503|APT_ECOLI	183	
removed	sp|P69506|YTFE_ECOLI	220	
removed	sp|P69681|AMTB_ECOLI	428	
removed	sp|P69739|MBHS_ECOLI	372	
removed	sp|P69741|MBHT_ECOLI	372	
removed	sp|P69776|LPP_ECOLI	78	
removed	sp|P69783|PTGA_ECOLI	169	
removed	sp|P69786|PTGCB_ECOLI	477	
removed	sp|P69789|PTXB_ECOLI	161	
removed	sp|P69791|PTQA_ECOLI	116	
removed	sp|P69795|PTQB_ECOLI	106	
removed	sp|P69797|PTNAB_ECOLI	323	
removed	sp|P69801|PTNC_ECOLI	266	
removed	sp|P69805|PTND_ECOLI	283	
removed	sp|P69808|PTFB1_ECOLI	108	
removed	sp|P69811|PTFAH_ECOLI	376	
removed	sp|P69816|PTFB2_ECOLI	106	
removed	sp|P69820|ULAC_ECOLI	154	
removed	sp|P69822|ULAB_ECOLI	101	
removed	sp|P69824|PTMA_ECOLI	147	
removed	sp|P69826|PTMCB_ECOLI	462	
removed	sp|P69828|PTKA_ECOLI	150	
removed	sp|P69829|PTSN_ECOLI	163	
removed	sp|P69831|PTKC_ECOLI	451	
removed	sp|P69853|DMSD_ECOLI	204	
removed	sp|P69856|NANC_ECOLI	238	
removed	sp|P69874|POTA_ECOLI	378	
removed	sp|P69902|FCTA_ECOLI	416	
removed	sp|P69908|DCEA_ECOLI	466	
removed	sp|P69910|DCEB_ECOLI	466	
removed	sp|P69913|CSRA_ECOLI	61	
removed	sp|P69922|FUCI_ECOLI	591	
removed	sp|P69924|RIR2_ECOLI	376	
removed	sp|P69931|HDA_ECOLI	233	
removed	sp|P69937|GDX_ECOLI	105	
removed	sp|P71229|HYFR_ECOLI	670	
removed	sp|P71237|WCAC_ECOLI	405	
removed	sp|P71238|WCAD_ECOLI	405	
removed	sp|P71239|WCAE_ECOLI	248	
removed	sp|P71241|WCAJ_ECOLI	464	
removed	sp|P71242|WCAK_ECOLI	426	
removed	sp|P71243|WCAL_ECOLI	406	
removed	sp|P71244|WCAM_ECOLI	464	
removed	sp|P71296|YAGM_ECOLI	284	
removed	sp|P71297|YAGN_ECOLI	146	
removed	sp|P71298|INTF_ECOLI	466	
removed	sp|P71301|ECPR_ECOLI	196	
removed	sp|P71311|YAIS_ECOLI	185	
removed	sp|P75616|YAAX_ECOLI	98	
removed	sp|P75617|YAAW_ECOLI	237	
removed	sp|P75620|YAAY_ECOLI	72	
removed	sp|P75672|YAFS_ECOLI	240	
removed	sp|P75675|YKFJ_ECOLI	88	
removed	sp|P75676|YAFX_ECOLI	152	
removed	sp|P75677|YKFF_ECOLI	79	
removed	sp|P75678|YKFA_ECOLI	287	
removed	sp|P75679|INSN1_ECOLI	134	
removed	sp|P75680|INSO1_ECOLI	141	
removed	sp|P75681|AFUB_ECOLI	120	
removed	sp|P75682|YAGE_ECOLI	302	
removed	sp|P75683|YAGG_ECOLI	460	
removed	sp|P75684|YAGP_ECOLI	136	
removed	sp|P75685|RCLC_ECOLI	197	
removed	sp|P75687|RCLB_ECOLI	78	
removed	sp|P75688|Y309_ECOLI	70	
removed	sp|P75691|YAHK_ECOLI	349	
removed	sp|P75692|YAHM_ECOLI	81	
removed	sp|P75693|YAHN_ECOLI	223	
removed	sp|P75694|YAHO_ECOLI	91	
removed	sp|P75697|YAIX_ECOLI	230	
removed	sp|P75704|YKIA_ECOLI	93	
removed	sp|P75711|YBBV_ECOLI	92	
removed	sp|P75712|ALLP_ECOLI	484	
removed	sp|P75713|ALLE_ECOLI	261	
removed	sp|P75715|SFMH_ECOLI	327	
removed	sp|P75717|EXOD_ECOLI	87	
removed	sp|P75718|REND_ECOLI	61	
removed	sp|P75719|RZPD_ECOLI	153	
removed	sp|P75726|CILA_ECOLI	510	
removed	sp|P75728|UBIF_ECOLI	391	
removed	sp|P75733|CHIP_ECOLI	468	
removed	sp|P75734|CHIQ_ECOLI	108	
removed	sp|P75736|YBFF_ECOLI	254	
removed	sp|P75737|YBFP_ECOLI	164	
removed	sp|P75741|YBFL_ECOLI	378	
removed	sp|P75742|DTPD_ECOLI	493	
removed	sp|P75745|PXPC_ECOLI	310	
removed	sp|P75746|PXPA_ECOLI	244	
removed	sp|P75747|ABRB_ECOLI	348	
removed	sp|P75748|YBGO_ECOLI	353	
removed	sp|P75749|YBGP_ECOLI	242	
removed	sp|P75750|YBGQ_ECOLI	815	
removed	sp|P75757|ZITB_ECOLI	313	
removed	sp|P75763|YBHI_ECOLI	477	
removed	sp|P75764|YBHJ_ECOLI	753	
removed	sp|P75767|GNGF_ECOLI	302	
removed	sp|P75769|YBHM_ECOLI	237	
removed	sp|P75770|YBHN_ECOLI	318	
removed	sp|P75777|YBHG_ECOLI	332	
removed	sp|P75779|YBIX_ECOLI	225	
removed	sp|P75780|FIU_ECOLI	760	
removed	sp|P75782|RLMF_ECOLI	308	
removed	sp|P75783|YBIO_ECOLI	741	
removed	sp|P75785|OPGE_ECOLI	527	
removed	sp|P75788|YBIR_ECOLI	372	
removed	sp|P75791|YBIU_ECOLI	421	
removed	sp|P75792|SUPH_ECOLI	271	
removed	sp|P75793|GRE2_ECOLI	810	
removed	sp|P75794|PFLE_ECOLI	299	
removed	sp|P75796|GSIA_ECOLI	623	
removed	sp|P75797|GSIB_ECOLI	512	
removed	sp|P75798|GSIC_ECOLI	306	
removed	sp|P75799|GSID_ECOLI	303	
removed	sp|P75800|PDEI_ECOLI	782	
removed	sp|P75801|DGCI_ECOLI	442	
removed	sp|P75804|YLII_ECOLI	371	
removed	sp|P75806|YBJG_ECOLI	198	
removed	sp|P75809|YBJI_ECOLI	271	
removed	sp|P75810|YBJJ_ECOLI	402	
removed	sp|P75811|RCDA_ECOLI	178	
removed	sp|P75817|RLMC_ECOLI	375	
removed	sp|P75818|YBJP_ECOLI	171	
removed	sp|P75820|AMID_ECOLI	276	
removed	sp|P75821|YBJS_ECOLI	337	
removed	sp|P75822|YBJT_ECOLI	476	
removed	sp|P75823|LTAE_ECOLI	333	
removed	sp|P75824|HCR_ECOLI	322	
removed	sp|P75825|HCP_ECOLI	550	
removed	sp|P75826|LYSO_ECOLI	299	
removed	sp|P75828|YBJD_ECOLI	552	
removed	sp|P75829|YBJX_ECOLI	330	
removed	sp|P75830|MACA_ECOLI	371	
removed	sp|P75831|MACB_ECOLI	648	
removed	sp|P75835|YCAM_ECOLI	476	
removed	sp|P75836|YCAN_ECOLI	302	
removed	sp|P75838|YCAO_ECOLI	586	
removed	sp|P75839|YCAP_ECOLI	230	
removed	sp|P75843|ICLRG_ECOLI	410	
removed	sp|P75849|GLO22_ECOLI	215	
removed	sp|P75851|SSUC_ECOLI	263	
removed	sp|P75853|SSUA_ECOLI	319	
removed	sp|P75855|ELFA_ECOLI	179	
removed	sp|P75856|ELFD_ECOLI	233	
removed	sp|P75857|ELFC_ECOLI	866	
removed	sp|P75858|ELFG_ECOLI	356	
removed	sp|P75859|YCBU_ECOLI	180	
removed	sp|P75860|YCBV_ECOLI	171	
removed	sp|P75862|ZAPC_ECOLI	180	
removed	sp|P75863|YCBX_ECOLI	369	
removed	sp|P75864|RLMKL_ECOLI	702	
removed	sp|P75867|LONH_ECOLI	586	
removed	sp|P75869|SXY_ECOLI	209	
removed	sp|P75870|YCCS_ECOLI	717	
removed	sp|P75874|YCCU_ECOLI	137	
removed	sp|P75876|RLMI_ECOLI	396	
removed	sp|P75882|GFCD_ECOLI	698	
removed	sp|P75883|GFCC_ECOLI	248	
removed	sp|P75884|GFCB_ECOLI	214	
removed	sp|P75885|GFCA_ECOLI	101	
removed	sp|P75892|RUTG_ECOLI	442	
removed	sp|P75893|RUTF_ECOLI	164	
removed	sp|P75894|RUTE_ECOLI	196	
removed	sp|P75895|RUTD_ECOLI	266	
removed	sp|P75897|RUTB_ECOLI	230	
removed	sp|P75898|RUTA_ECOLI	382	
removed	sp|P75901|EFEU_ECOLI	276	
removed	sp|P75905|PGAC_ECOLI	441	
removed	sp|P75906|PGAB_ECOLI	672	
removed	sp|P75908|DGCT_ECOLI	452	
removed	sp|P75910|YCDU_ECOLI	328	
removed	sp|P75913|GHRA_ECOLI	312	
removed	sp|P75914|YCDX_ECOLI	245	
removed	sp|P75915|YCDY_ECOLI	184	
removed	sp|P75916|YCDZ_ECOLI	163	
removed	sp|P75917|YMDA_ECOLI	103	
removed	sp|P75919|CLSC_ECOLI	473	
removed	sp|P75920|OPGC_ECOLI	385	
removed	sp|P75925|C56H2_ECOLI	188	
removed	sp|P75931|YCEM_ECOLI	307	
removed	sp|P75933|FLGA_ECOLI	219	
removed	sp|P75936|FLGD_ECOLI	231	
removed	sp|P75937|FLGE_ECOLI	402	
removed	sp|P75938|FLGF_ECOLI	251	
removed	sp|P75942|FLGJ_ECOLI	313	
removed	sp|P75946|YCFL_ECOLI	125	
removed	sp|P75948|THIK_ECOLI	274	
removed	sp|P75949|NAGZ_ECOLI	341	
removed	sp|P75952|COMR_ECOLI	210	
removed	sp|P75954|YCFS_ECOLI	320	
removed	sp|P75955|YCFT_ECOLI	357	
removed	sp|P75957|LOLD_ECOLI	233	
removed	sp|P75958|LOLE_ECOLI	414	
removed	sp|P75959|NAGK_ECOLI	303	
removed	sp|P75960|NPD_ECOLI	279	
removed	sp|P75961|YCFZ_ECOLI	262	
removed	sp|P75962|YMFA_ECOLI	153	
removed	sp|P75966|RLUE_ECOLI	217	
removed	sp|P75967|YMFD_ECOLI	221	
removed	sp|P75968|YMFE_ECOLI	234	
removed	sp|P75969|INTE_ECOLI	375	
removed	sp|P75970|VXIS_ECOLI	81	
removed	sp|P75971|YMFH_ECOLI	103	
removed	sp|P75972|YMFI_ECOLI	113	
removed	sp|P75973|YMFJ_ECOLI	102	
removed	sp|P75974|COHE_ECOLI	224	
removed	sp|P75975|CROE_ECOLI	66	
removed	sp|P75976|YMFL_ECOLI	185	
removed	sp|P75977|YMFM_ECOLI	112	
removed	sp|P75978|YMFN_ECOLI	455	
removed	sp|P75979|YMFR_ECOLI	60	
removed	sp|P75980|BEEE_ECOLI	157	
removed	sp|P75981|JAYE_ECOLI	263	
removed	sp|P75982|YMFQ_ECOLI	194	
removed	sp|P75987|IRAM_ECOLI	107	
removed	sp|P75988|YCGX_ECOLI	134	
removed	sp|P75989|BLUR_ECOLI	243	
removed	sp|P75990|BLUF_ECOLI	403	
removed	sp|P75991|YCGZ_ECOLI	78	
removed	sp|P75992|YMGA_ECOLI	90	
removed	sp|P75993|ARIR_ECOLI	88	
removed	sp|P75994|YMGC_ECOLI	82	
removed	sp|P75995|PDEG_ECOLI	507	
removed	sp|P76000|YCGI_ECOLI	147	
removed	sp|P76001|YCGJ_ECOLI	122	
removed	sp|P76002|PLIG_ECOLI	133	
removed	sp|P76004|YCGM_ECOLI	219	
removed	sp|P76007|NHAP2_ECOLI	578	
removed	sp|P76008|LDCA_ECOLI	304	
removed	sp|P76010|YCGR_ECOLI	244	
removed	sp|P76011|YMGE_ECOLI	84	
removed	sp|P76012|YCGY_ECOLI	146	
removed	sp|P76014|DHAL_ECOLI	210	
removed	sp|P76015|DHAK_ECOLI	356	
removed	sp|P76016|DHAR_ECOLI	639	
removed	sp|P76017|YCGV_ECOLI	955	
removed	sp|P76023|YCHS_ECOLI	91	
removed	sp|P76027|OPPD_ECOLI	337	
removed	sp|P76034|YCIT_ECOLI	249	
removed	sp|P76035|YCIW_ECOLI	375	
removed	sp|P76037|PUUP_ECOLI	461	
removed	sp|P76038|PUUD_ECOLI	254	
removed	sp|P76041|GGAP_ECOLI	559	
removed	sp|P76042|YCJN_ECOLI	430	
removed	sp|P76043|YCJQ_ECOLI	350	
removed	sp|P76044|YCJR_ECOLI	262	
removed	sp|P76045|OMPG_ECOLI	301	
removed	sp|P76046|YCJX_ECOLI	465	
removed	sp|P76049|YCJY_ECOLI	306	
removed	sp|P76052|ABGB_ECOLI	481	
removed	sp|P76053|SMRA_ECOLI	187	
removed	sp|P76055|TTCA_ECOLI	311	
removed	sp|P76056|INTR_ECOLI	411	
removed	sp|P76057|XISR_ECOLI	71	
removed	sp|P76061|YDAG_ECOLI	44	
removed	sp|P76062|RACR_ECOLI	158	
removed	sp|P76063|YDAS_ECOLI	98	
removed	sp|P76064|YDAT_ECOLI	140	
removed	sp|P76065|YDAU_ECOLI	285	
removed	sp|P76066|YDAW_ECOLI	186	
removed	sp|P76068|YNAK_ECOLI	87	
removed	sp|P76069|YDAY_ECOLI	119	
removed	sp|P76071|INSH5_ECOLI	326	
removed	sp|P76072|STFR_ECOLI	1120	
removed	sp|P76073|YNAE_ECOLI	77	
removed	sp|P76076|YDBL_ECOLI	108	
removed	sp|P76077|PAAA_ECOLI	309	
removed	sp|P76078|PAAB_ECOLI	95	
removed	sp|P76079|PAAC_ECOLI	248	
removed	sp|P76080|PAAD_ECOLI	165	
removed	sp|P76081|PAAE_ECOLI	356	
removed	sp|P76082|PAAF_ECOLI	255	
removed	sp|P76083|PAAH_ECOLI	475	
removed	sp|P76084|PAAI_ECOLI	140	
removed	sp|P76085|PAAK_ECOLI	437	
removed	sp|P76086|PAAX_ECOLI	316	
removed	sp|P76090|YNBA_ECOLI	201	
removed	sp|P76091|YNBB_ECOLI	298	
removed	sp|P76092|YNBC_ECOLI	585	
removed	sp|P76093|YNBD_ECOLI	430	
removed	sp|P76096|MOKB_ECOLI	55	
removed	sp|P76097|HGLS_ECOLI	447	
removed	sp|P76100|YDCK_ECOLI	326	
removed	sp|P76102|INSQ_ECOLI	402	
removed	sp|P76103|YDCO_ECOLI	391	
removed	sp|P76104|RLHA_ECOLI	653	
removed	sp|P76106|HICA_ECOLI	58	
removed	sp|P76108|YDCS_ECOLI	381	
removed	sp|P76111|YDCZ_ECOLI	149	
removed	sp|P76112|MNAT_ECOLI	172	
removed	sp|P76113|CURA_ECOLI	345	
removed	sp|P76114|MCBR_ECOLI	221	
removed	sp|P76115|PQQU_ECOLI	700	
removed	sp|P76116|YNCE_ECOLI	353	
removed	sp|P76117|YNCG_ECOLI	205	
removed	sp|P76118|YNCH_ECOLI	70	
removed	sp|P76119|YNCI_ECOLI	248	
removed	sp|P76121|YDDH_ECOLI	189	
removed	sp|P76122|YDDJ_ECOLI	111	
removed	sp|P76123|YDDK_ECOLI	318	
removed	sp|P76127|BDM_ECOLI	71	
removed	sp|P76128|DDPA_ECOLI	516	
removed	sp|P76129|DOSP_ECOLI	799	
removed	sp|P76134|YDEM_ECOLI	385	
removed	sp|P76135|YDEO_ECOLI	253	
removed	sp|P76136|SAFA_ECOLI	65	
removed	sp|P76137|YDET_ECOLI	382	
removed	sp|P76138|YNEL_ECOLI	59	
removed	sp|P76141|LSRR_ECOLI	317	
removed	sp|P76142|LSRB_ECOLI	340	
removed	sp|P76143|LSRF_ECOLI	291	
removed	sp|P76145|TAM_ECOLI	252	
removed	sp|P76146|YNEE_ECOLI	304	
removed	sp|P76147|DGCF_ECOLI	315	
removed	sp|P76148|YNEG_ECOLI	119	
removed	sp|P76149|SAD_ECOLI	462	
removed	sp|P76150|YNEK_ECOLI	371	
removed	sp|P76154|YDFK_ECOLI	77	
removed	sp|P76155|TFAQ_ECOLI	191	
removed	sp|P76156|YDFO_ECOLI	136	
removed	sp|P76157|YNFN_ECOLI	51	
removed	sp|P76158|RZPQ_ECOLI	165	
removed	sp|P76159|LYSQ_ECOLI	177	
removed	sp|P76160|YDFR_ECOLI	103	
removed	sp|P76161|REQ2_ECOLI	250	
removed	sp|P76162|YDFU_ECOLI	349	
removed	sp|P76163|YDFV_ECOLI	101	
removed	sp|P76164|YDFW_ECOLI	49	
removed	sp|P76165|YDFX_ECOLI	96	
removed	sp|P76168|INTQ_ECOLI	398	
removed	sp|P76169|YNFA_ECOLI	108	
removed	sp|P76170|YNFB_ECOLI	113	
removed	sp|P76172|YNFD_ECOLI	101	
removed	sp|P76173|YNFH_ECOLI	284	
removed	sp|P76175|CLCB_ECOLI	418	
removed	sp|P76176|YDGD_ECOLI	273	
removed	sp|P76177|YDGH_ECOLI	314	
removed	sp|P76180|YDGK_ECOLI	146	
removed	sp|P76182|RSXD_ECOLI	352	
removed	sp|P76185|YDHJ_ECOLI	285	
removed	sp|P76186|YDHK_ECOLI	670	
removed	sp|P76187|YDHF_ECOLI	298	
removed	sp|P76190|MEPH_ECOLI	271	
removed	sp|P76192|YDHV_ECOLI	700	
removed	sp|P76193|YNHG_ECOLI	334	
removed	sp|P76194|SUFE_ECOLI	138	
removed	sp|P76196|YDIL_ECOLI	118	
removed	sp|P76197|YDIM_ECOLI	404	
removed	sp|P76198|YDIN_ECOLI	421	
removed	sp|P76201|YDIQ_ECOLI	254	
removed	sp|P76204|YDIV_ECOLI	237	
removed	sp|P76205|ARPB_ECOLI	157	
removed	sp|P76206|YDIY_ECOLI	252	
removed	sp|P76208|YNIB_ECOLI	178	
removed	sp|P76210|YDJO_ECOLI	267	
removed	sp|P76213|CHO_ECOLI	295	
removed	sp|P76214|VES_ECOLI	191	
removed	sp|P76215|ASTE_ECOLI	322	
removed	sp|P76216|ASTB_ECOLI	447	
removed	sp|P76217|ASTD_ECOLI	492	
removed	sp|P76219|YDJX_ECOLI	236	
removed	sp|P76220|YDJY_ECOLI	225	
removed	sp|P76221|YDJZ_ECOLI	235	
removed	sp|P76222|YNJA_ECOLI	182	
removed	sp|P76223|YNJB_ECOLI	388	
removed	sp|P76224|YNJC_ECOLI	511	
removed	sp|P76226|YNJF_ECOLI	206	
removed	sp|P76227|YNJH_ECOLI	90	
removed	sp|P76228|YNJI_ECOLI	346	
removed	sp|P76230|YDJK_ECOLI	459	
removed	sp|P76231|YEAC_ECOLI	90	
removed	sp|P76234|YEAE_ECOLI	284	
removed	sp|P76235|YEAH_ECOLI	427	
removed	sp|P76236|CDGI_ECOLI	491	
removed	sp|P76237|DGCJ_ECOLI	496	
removed	sp|P76239|YOAI_ECOLI	34	
removed	sp|P76241|NIMR_ECOLI	273	
removed	sp|P76242|NIMT_ECOLI	393	
removed	sp|P76243|YEAO_ECOLI	115	
removed	sp|P76245|DGCP_ECOLI	341	
removed	sp|P76249|LEUE_ECOLI	212	
removed	sp|P76250|DMLR_ECOLI	307	
removed	sp|P76251|DMLA_ECOLI	361	
removed	sp|P76254|CNTB_ECOLI	321	
removed	sp|P76256|TSAB_ECOLI	231	
removed	sp|P76257|YOAA_ECOLI	636	
removed	sp|P76261|PDED_ECOLI	532	
removed	sp|P76264|MNTP_ECOLI	188	
removed	sp|P76268|KDGR_ECOLI	263	
removed	sp|P76269|YEBQ_ECOLI	457	
removed	sp|P76270|MSRC_ECOLI	165	
removed	sp|P76272|LETB_ECOLI	877	
removed	sp|P76273|RSMF_ECOLI	479	
removed	sp|P76275|YEBW_ECOLI	63	
removed	sp|P76278|YEBZ_ECOLI	290	
removed	sp|P76280|YOBB_ECOLI	218	
removed	sp|P76290|CMOA_ECOLI	247	
removed	sp|P76291|CMOB_ECOLI	323	
removed	sp|P76296|YECT_ECOLI	162	
removed	sp|P76297|FLHE_ECOLI	130	
removed	sp|P76298|FLHA_ECOLI	692	
removed	sp|P76299|FLHB_ECOLI	382	
removed	sp|P76308|YECR_ECOLI	107	
removed	sp|P76316|DCYD_ECOLI	328	
removed	sp|P76318|YEDK_ECOLI	222	
removed	sp|P76319|YEDL_ECOLI	159	
removed	sp|P76322|YEDM_ECOLI	116	
removed	sp|P76323|INTG_ECOLI	92	
removed	sp|P76329|MPGP_ECOLI	271	
removed	sp|P76330|DGCQ_ECOLI	564	
removed	sp|P76334|DRPB_ECOLI	100	
removed	sp|P76335|YEDS_ECOLI	161	
removed	sp|P76339|HPRS_ECOLI	452	
removed	sp|P76340|HPRR_ECOLI	223	
removed	sp|P76341|HIUH_ECOLI	137	
removed	sp|P76342|MSRP_ECOLI	334	
removed	sp|P76343|MSRQ_ECOLI	211	
removed	sp|P76344|ZINT_ECOLI	216	
removed	sp|P76345|C56H1_ECOLI	176	
removed	sp|P76346|MTFA_ECOLI	265	
removed	sp|P76347|YEEJ_ECOLI	2339	
removed	sp|P76349|YEEL_ECOLI	234	
removed	sp|P76350|SHIA_ECOLI	438	
removed	sp|P76352|YEEO_ECOLI	547	
removed	sp|P76356|YOEA_ECOLI	130	
removed	sp|P76359|YEEP_ECOLI	236	
removed	sp|P76361|YEER_ECOLI	510	
removed	sp|P76362|YEES_ECOLI	148	
removed	sp|P76364|CBEA_ECOLI	122	
removed	sp|P76369|YEEY_ECOLI	309	
removed	sp|P76372|WZZB_ECOLI	326	
removed	sp|P76373|UDG_ECOLI	388	
removed	sp|P76387|WZC_ECOLI	720	
removed	sp|P76389|YEGH_ECOLI	527	
removed	sp|P76393|YEGI_ECOLI	648	
removed	sp|P76394|YEGJ_ECOLI	153	
removed	sp|P76395|PRP3_ECOLI	253	
removed	sp|P76396|YEGL_ECOLI	219	
removed	sp|P76397|MDTA_ECOLI	415	
removed	sp|P76398|MDTB_ECOLI	1040	
removed	sp|P76399|MDTC_ECOLI	1025	
removed	sp|P76402|YEGP_ECOLI	110	
removed	sp|P76403|TRHP_ECOLI	453	
removed	sp|P76406|YEGR_ECOLI	105	
removed	sp|P76407|YEGS_ECOLI	299	
removed	sp|P76417|YEGT_ECOLI	425	
removed	sp|P76418|YEGU_ECOLI	334	
removed	sp|P76419|YEGV_ECOLI	321	
removed	sp|P76421|YEGX_ECOLI	272	
removed	sp|P76422|THID_ECOLI	266	
removed	sp|P76423|THIM_ECOLI	262	
removed	sp|P76425|RCNA_ECOLI	274	
removed	sp|P76440|PRET_ECOLI	412	
removed	sp|P76445|LPXT_ECOLI	237	
removed	sp|P76446|PDEN_ECOLI	518	
removed	sp|P76458|ATOD_ECOLI	220	
removed	sp|P76459|ATOA_ECOLI	216	
removed	sp|P76460|ATOE_ECOLI	440	
removed	sp|P76461|ATOB_ECOLI	394	
removed	sp|P76462|YFAP_ECOLI	258	
removed	sp|P76463|YFAQ_ECOLI	549	
removed	sp|P76464|A2MGH_ECOLI	1367	
removed	sp|P76466|YFAT_ECOLI	207	
removed	sp|P76469|RHMA_ECOLI	267	
removed	sp|P76470|RHMT_ECOLI	429	
removed	sp|P76471|YFAZ_ECOLI	180	
removed	sp|P76472|ARND_ECOLI	296	
removed	sp|P76473|ARNT_ECOLI	550	
removed	sp|P76474|ARNF_ECOLI	128	
removed	sp|P76481|YFBK_ECOLI	575	
removed	sp|P76482|YFBL_ECOLI	323	
removed	sp|P76483|YFBM_ECOLI	167	
removed	sp|P76484|YFBN_ECOLI	238	
removed	sp|P76485|YFBO_ECOLI	140	
removed	sp|P76486|YFBP_ECOLI	282	
removed	sp|P76491|5DNU_ECOLI	199	
removed	sp|P76498|YFCO_ECOLI	273	
removed	sp|P76499|YFCP_ECOLI	179	
removed	sp|P76500|YFCQ_ECOLI	162	
removed	sp|P76501|YFCR_ECOLI	170	
removed	sp|P76502|SIXA_ECOLI	161	
removed	sp|P76503|FADI_ECOLI	436	
removed	sp|P76505|YFDF_ECOLI	352	
removed	sp|P76506|MLAA_ECOLI	251	
removed	sp|P76507|YFDI_ECOLI	443	
removed	sp|P76508|YFDL_ECOLI	172	
removed	sp|P76509|YFDM_ECOLI	91	
removed	sp|P76510|YFDN_ECOLI	164	
removed	sp|P76512|YFDP_ECOLI	120	
removed	sp|P76513|YFDQ_ECOLI	274	
removed	sp|P76514|YFDR_ECOLI	178	
removed	sp|P76515|YFDS_ECOLI	120	
removed	sp|P76516|YFDT_ECOLI	101	
removed	sp|P76518|ACOCT_ECOLI	381	
removed	sp|P76520|YFDX_ECOLI	211	
removed	sp|P76521|YFDY_ECOLI	80	
removed	sp|P76524|YPDF_ECOLI	361	
removed	sp|P76535|MURQ_ECOLI	298	
removed	sp|P76536|YFEX_ECOLI	299	
removed	sp|P76537|YFEY_ECOLI	191	
removed	sp|P76538|YFEZ_ECOLI	149	
removed	sp|P76539|YPEA_ECOLI	141	
removed	sp|P76540|EUTK_ECOLI	166	
removed	sp|P76541|EUTL_ECOLI	219	
removed	sp|P76542|INTZ_ECOLI	402	
removed	sp|P76543|YFFL_ECOLI	213	
removed	sp|P76544|YFFM_ECOLI	81	
removed	sp|P76545|YFFN_ECOLI	122	
removed	sp|P76546|YFFO_ECOLI	138	
removed	sp|P76547|YFFP_ECOLI	197	
removed	sp|P76548|YFFQ_ECOLI	125	
removed	sp|P76549|YFFR_ECOLI	130	
removed	sp|P76550|YFFS_ECOLI	269	
removed	sp|P76551|EUTA_ECOLI	467	
removed	sp|P76552|EUTH_ECOLI	408	
removed	sp|P76553|EUTG_ECOLI	395	
removed	sp|P76555|EUTQ_ECOLI	233	
removed	sp|P76556|EUTP_ECOLI	159	
removed	sp|P76558|MAO2_ECOLI	759	
removed	sp|P76559|YPFG_ECOLI	347	
removed	sp|P76561|YPFH_ECOLI	232	
removed	sp|P76562|TMCA_ECOLI	671	
removed	sp|P76569|YFGD_ECOLI	119	
removed	sp|P76573|YFGI_ECOLI	179	
removed	sp|P76575|YFGJ_ECOLI	71	
removed	sp|P76576|YFGM_ECOLI	206	
removed	sp|P76577|PBPC_ECOLI	770	
removed	sp|P76578|A2MG_ECOLI	1653	
removed	sp|P76584|YPHB_ECOLI	290	
removed	sp|P76585|YPHG_ECOLI	1093	
removed	sp|P76586|YPHH_ECOLI	397	
removed	sp|P76594|LYSAC_ECOLI	886	
removed	sp|P76611|PINH_ECOLI	47	
removed	sp|P76612|YPJB_ECOLI	263	
removed	sp|P76613|YPJC_ECOLI	160	
removed	sp|P76616|YGAQ_ECOLI	750	
removed	sp|P76621|GLAH_ECOLI	325	
removed	sp|P76628|YGAY_ECOLI	394	
removed	sp|P76630|YGAZ_ECOLI	245	
removed	sp|P76632|CSE2_ECOLI	160	
removed	sp|P76633|YGCW_ECOLI	261	
removed	sp|P76639|YGEH_ECOLI	458	
removed	sp|P76641|GUAD_ECOLI	439	
removed	sp|P76655|YQIG_ECOLI	821	
removed	sp|P76656|YQII_ECOLI	354	
removed	sp|P76657|YQIJ_ECOLI	209	
removed	sp|P76658|HLDE_ECOLI	477	
removed	sp|P76692|YZGL_ECOLI	93	
removed	sp|P76773|OMPL_ECOLI	230	
removed	sp|P76909|YNJD_ECOLI	217	
removed	sp|P76938|EPMC_ECOLI	182	
removed	sp|P77031|YQCE_ECOLI	425	
removed	sp|P77044|MHPC_ECOLI	288	
removed	sp|P77087|TFAX_ECOLI	61	
removed	sp|P77091|HOKE_ECOLI	50	
removed	sp|P77129|ALLG_ECOLI	419	
removed	sp|P77136|YQEK_ECOLI	141	
removed	sp|P77147|YDHT_ECOLI	270	
removed	sp|P77148|YDHS_ECOLI	534	
removed	sp|P77150|PDXY_ECOLI	287	
removed	sp|P77154|KOJP_ECOLI	755	
removed	sp|P77156|YDCU_ECOLI	313	
removed	sp|P77161|GLXR_ECOLI	292	
removed	sp|P77162|YKFB_ECOLI	155	
removed	sp|P77163|TFAR_ECOLI	191	
removed	sp|P77165|PAOA_ECOLI	229	
removed	sp|P77169|YAGJ_ECOLI	243	
removed	sp|P77170|PINQ_ECOLI	196	
removed	sp|P77171|YDCI_ECOLI	307	
removed	sp|P77172|PDEF_ECOLI	747	
removed	sp|P77173|ZIPA_ECOLI	328	
removed	sp|P77174|YBDM_ECOLI	209	
removed	sp|P77179|RSXE_ECOLI	231	
removed	sp|P77180|YKGH_ECOLI	222	
removed	sp|P77181|PAAY_ECOLI	196	
removed	sp|P77182|MNMC_ECOLI	668	
removed	sp|P77183|PAOD_ECOLI	318	
removed	sp|P77184|LOMR_ECOLI	51	
removed	sp|P77187|YAHF_ECOLI	515	
removed	sp|P77188|ECPB_ECOLI	222	
removed	sp|P77196|YFCU_ECOLI	881	
removed	sp|P77199|YAIT_ECOLI	968	
removed	sp|P77202|DSBG_ECOLI	248	
removed	sp|P77206|YAFZ_ECOLI	273	
removed	sp|P77211|CUSC_ECOLI	457	
removed	sp|P77212|RCLA_ECOLI	441	
removed	sp|P77213|GCS2_ECOLI	372	
removed	sp|P77214|CUSF_ECOLI	110	
removed	sp|P77215|RHMD_ECOLI	401	
removed	sp|P77216|YBDN_ECOLI	406	
removed	sp|P77218|EUTD_ECOLI	338	
removed	sp|P77219|YAHC_ECOLI	165	
removed	sp|P77221|YAHG_ECOLI	472	
removed	sp|P77223|RSXB_ECOLI	192	
removed	sp|P77228|YDFJ_ECOLI	427	
removed	sp|P77231|CITG_ECOLI	292	
removed	sp|P77234|YBEQ_ECOLI	325	
removed	sp|P77237|ESSQ_ECOLI	71	
removed	sp|P77239|CUSB_ECOLI	407	
removed	sp|P77243|PRPD_ECOLI	483	
removed	sp|P77245|MURR_ECOLI	285	
removed	sp|P77247|HXPB_ECOLI	222	
removed	sp|P77249|SFMC_ECOLI	230	
removed	sp|P77252|YKGE_ECOLI	239	
removed	sp|P77256|AKRMG_ECOLI	326	
removed	sp|P77257|LSRA_ECOLI	511	
removed	sp|P77258|NEMA_ECOLI	365	
removed	sp|P77260|YDFI_ECOLI	486	
removed	sp|P77263|ECPE_ECOLI	236	
removed	sp|P77265|MDLA_ECOLI	590	
removed	sp|P77268|DDPD_ECOLI	328	
removed	sp|P77269|YPHF_ECOLI	327	
removed	sp|P77272|PTYBC_ECOLI	474	
removed	sp|P77277|EUTJ_ECOLI	278	
removed	sp|P77279|FETA_ECOLI	225	
removed	sp|P77280|YDJJ_ECOLI	347	
removed	sp|P77285|RSXG_ECOLI	206	
removed	sp|P77286|YDEU_ECOLI	466	
removed	sp|P77288|YFCV_ECOLI	187	
removed	sp|P77293|GTRB_ECOLI	306	
removed	sp|P77294|YDER_ECOLI	167	
removed	sp|P77295|YGAV_ECOLI	99	
removed	sp|P77296|YBET_ECOLI	184	
removed	sp|P77297|YAHE_ECOLI	287	
removed	sp|P77300|XYNR_ECOLI	252	
removed	sp|P77301|YBAP_ECOLI	264	
removed	sp|P77302|DGCM_ECOLI	410	
removed	sp|P77304|DTPA_ECOLI	500	
removed	sp|P77306|YQIK_ECOLI	553	
removed	sp|P77307|FETB_ECOLI	259	
removed	sp|P77308|DDPB_ECOLI	340	
removed	sp|P77309|YNEJ_ECOLI	293	
removed	sp|P77315|YPHD_ECOLI	332	
removed	sp|P77316|YBDR_ECOLI	412	
removed	sp|P77318|YDEN_ECOLI	560	
removed	sp|P77319|HSCC_ECOLI	556	
removed	sp|P77324|PAOB_ECOLI	318	
removed	sp|P77326|TFAS_ECOLI	114	
removed	sp|P77328|YBBY_ECOLI	433	
removed	sp|P77329|HYFG_ECOLI	555	
removed	sp|P77330|BORD_ECOLI	97	
removed	sp|P77333|PGRR_ECOLI	299	
removed	sp|P77334|PDER_ECOLI	661	
removed	sp|P77335|HLYE_ECOLI	303	
removed	sp|P77337|YDIS_ECOLI	429	
removed	sp|P77338|MSCK_ECOLI	1120	
removed	sp|P77339|YAFT_ECOLI	261	
removed	sp|P77348|MPPA_ECOLI	537	
removed	sp|P77354|YAFU_ECOLI	112	
removed	sp|P77357|ABGA_ECOLI	436	
removed	sp|P77359|DJLC_ECOLI	483	
removed	sp|P77360|YPHC_ECOLI	353	
removed	sp|P77364|GLXK2_ECOLI	381	
removed	sp|P77365|YAFY_ECOLI	147	
removed	sp|P77366|PGMB_ECOLI	219	
removed	sp|P77368|YBCL_ECOLI	183	
removed	sp|P77374|YNFE_ECOLI	808	
removed	sp|P77375|YDHX_ECOLI	222	
removed	sp|P77376|YDGJ_ECOLI	346	
removed	sp|P77377|WZXC_ECOLI	492	
removed	sp|P77378|YDIR_ECOLI	312	
removed	sp|P77379|RCLR_ECOLI	284	
removed	sp|P77381|DJLB_ECOLI	475	
removed	sp|P77389|YDHP_ECOLI	389	
removed	sp|P77390|CITC_ECOLI	352	
removed	sp|P77393|YAHL_ECOLI	271	
removed	sp|P77395|CNOX_ECOLI	284	
removed	sp|P77396|YPDC_ECOLI	285	
removed	sp|P77397|MHPA_ECOLI	554	
removed	sp|P77398|ARNA_ECOLI	660	
removed	sp|P77399|FADJ_ECOLI	714	
removed	sp|P77400|YBAT_ECOLI	430	
removed	sp|P77402|YDIP_ECOLI	303	
removed	sp|P77409|YDHU_ECOLI	261	
removed	sp|P77414|WCAA_ECOLI	279	
removed	sp|P77416|HYFD_ECOLI	479	
removed	sp|P77423|HYFH_ECOLI	181	
removed	sp|P77425|ALLC_ECOLI	411	
removed	sp|P77427|YBEU_ECOLI	235	
removed	sp|P77432|LSRK_ECOLI	530	
removed	sp|P77433|YKGG_ECOLI	231	
removed	sp|P77434|ALAC_ECOLI	412	
removed	sp|P77437|HYFF_ECOLI	526	
removed	sp|P77439|PTFX1_ECOLI	831	
removed	sp|P77444|SUFS_ECOLI	406	
removed	sp|P77445|EUTE_ECOLI	467	
removed	sp|P77453|HYFJ_ECOLI	137	
removed	sp|P77454|GLSA1_ECOLI	310	
removed	sp|P77455|PAAZ_ECOLI	681	
removed	sp|P77460|YBCY_ECOLI	194	
removed	sp|P77463|DDPC_ECOLI	298	
removed	sp|P77467|PAAG_ECOLI	262	
removed	sp|P77468|SFMD_ECOLI	867	
removed	sp|P77473|PDEB_ECOLI	516	
removed	sp|P77475|YQAB_ECOLI	188	
removed	sp|P77481|YCJV_ECOLI	360	
removed	sp|P77485|CUSS_ECOLI	480	
removed	sp|P77488|DXS_ECOLI	620	
removed	sp|P77489|PAOC_ECOLI	732	
removed	sp|P77493|YDJH_ECOLI	315	
removed	sp|P77494|HOKB_ECOLI	49	
removed	sp|P77495|PRPE_ECOLI	628	
removed	sp|P77499|SUFC_ECOLI	248	
removed	sp|P77503|YCJS_ECOLI	351	
removed	sp|P77504|YBBP_ECOLI	804	
removed	sp|P77506|YBDJ_ECOLI	82	
removed	sp|P77509|YPHE_ECOLI	503	
removed	sp|P77510|DPIB_ECOLI	552	
removed	sp|P77515|STFQ_ECOLI	320	
removed	sp|P77519|YDDL_ECOLI	96	
removed	sp|P77522|SUFB_ECOLI	495	
removed	sp|P77526|YFCG_ECOLI	215	
removed	sp|P77528|PEAD_ECOLI	78	
removed	sp|P77529|TCYP_ECOLI	463	
removed	sp|P77536|YKGF_ECOLI	475	
removed	sp|P77538|YFHR_ECOLI	284	
removed	sp|P77539|YDJL_ECOLI	358	
removed	sp|P77541|PRPB_ECOLI	296	
removed	sp|P77544|YFCF_ECOLI	214	
removed	sp|P77546|YDAV_ECOLI	248	
removed	sp|P77549|YFCJ_ECOLI	392	
removed	sp|P77551|RZPR_ECOLI	99	
removed	sp|P77552|YDHQ_ECOLI	418	
removed	sp|P77554|YAHJ_ECOLI	460	
removed	sp|P77555|ALLD_ECOLI	349	
removed	sp|P77559|YNFL_ECOLI	297	
removed	sp|P77561|YDEP_ECOLI	759	
removed	sp|P77562|YAIW_ECOLI	364	
removed	sp|P77564|YDHW_ECOLI	215	
removed	sp|P77567|NHOA_ECOLI	281	
removed	sp|P77569|MHPR_ECOLI	277	
removed	sp|P77570|ANMK_ECOLI	369	
removed	sp|P77579|PTFC1_ECOLI	415	
removed	sp|P77580|ACDH_ECOLI	316	
removed	sp|P77581|ASTC_ECOLI	406	
removed	sp|P77585|YPDE_ECOLI	345	
removed	sp|P77588|YDEQ_ECOLI	304	
removed	sp|P77589|MHPT_ECOLI	403	
removed	sp|P77596|YAGF_ECOLI	655	
removed	sp|P77598|YBCV_ECOLI	136	
removed	sp|P77599|YFCS_ECOLI	250	
removed	sp|P77601|YKGA_ECOLI	239	
removed	sp|P77607|YAGL_ECOLI	232	
removed	sp|P77608|MHPD_ECOLI	269	
removed	sp|P77609|FLXA_ECOLI	110	
removed	sp|P77610|ANSP_ECOLI	499	
removed	sp|P77611|RSXC_ECOLI	740	
removed	sp|P77615|YCJW_ECOLI	332	
removed	sp|P77616|YQIH_ECOLI	249	
removed	sp|P77619|YFEW_ECOLI	434	
removed	sp|P77622|DDPF_ECOLI	308	
removed	sp|P77624|ARCM_ECOLI	316	
removed	sp|P77625|HXPA_ECOLI	216	
removed	sp|P77626|SUTR_ECOLI	178	
removed	sp|P77627|YBER_ECOLI	235	
removed	sp|P77634|YBCM_ECOLI	265	
removed	sp|P77649|SELO_ECOLI	478	
removed	sp|P77650|HCAD_ECOLI	400	
removed	sp|P77656|YFDK_ECOLI	146	
removed	sp|P77657|YAGK_ECOLI	208	
removed	sp|P77658|YNAA_ECOLI	342	
removed	sp|P77667|SUFA_ECOLI	122	
removed	sp|P77668|HYFI_ECOLI	252	
removed	sp|P77671|ALLB_ECOLI	453	
removed	sp|P77672|LSRC_ECOLI	342	
removed	sp|P77674|ABDH_ECOLI	474	
removed	sp|P77682|GTRA_ECOLI	120	
removed	sp|P77688|YLBG_ECOLI	123	
removed	sp|P77689|SUFD_ECOLI	423	
removed	sp|P77690|ARNB_ECOLI	385	
removed	sp|P77692|YKFI_ECOLI	113	
removed	sp|P77694|ECPD_ECOLI	547	
removed	sp|P77695|GNSB_ECOLI	57	
removed	sp|P77698|YBCK_ECOLI	508	
removed	sp|P77699|TFAD_ECOLI	187	
removed	sp|P77700|YAHB_ECOLI	310	
removed	sp|P77704|YDJI_ECOLI	278	
removed	sp|P77712|FADM_ECOLI	132	
removed	sp|P77713|YAGH_ECOLI	536	
removed	sp|P77714|YDIT_ECOLI	97	
removed	sp|P77716|YCJP_ECOLI	280	
removed	sp|P77717|YBAY_ECOLI	190	
removed	sp|P77718|THII_ECOLI	482	
removed	sp|P77721|YDJF_ECOLI	252	
removed	sp|P77726|YAJR_ECOLI	454	
removed	sp|P77730|YDCR_ECOLI	468	
removed	sp|P77731|ALLA_ECOLI	160	
removed	sp|P77732|RHMR_ECOLI	260	
removed	sp|P77733|FOCB_ECOLI	282	
removed	sp|P77735|YAJO_ECOLI	324	
removed	sp|P77736|YAHD_ECOLI	201	
removed	sp|P77737|OPPF_ECOLI	334	
removed	sp|P77739|KT3K_ECOLI	286	
removed	sp|P77743|PRPR_ECOLI	528	
removed	sp|P77744|ABGR_ECOLI	302	
removed	sp|P77746|YBDO_ECOLI	300	
removed	sp|P77747|OMPN_ECOLI	377	
removed	sp|P77748|D2HDH_ECOLI	1018	
removed	sp|P77754|SPY_ECOLI	161	
removed	sp|P77756|QUEC_ECOLI	231	
removed	sp|P77757|ARNC_ECOLI	322	
removed	sp|P77759|YLBH_ECOLI	236	
removed	sp|P77766|RNM_ECOLI	293	
removed	sp|P77768|RPNB_ECOLI	296	
removed	sp|P77774|BAMB_ECOLI	392	
removed	sp|P77775|YFCH_ECOLI	297	
removed	sp|P77779|YBFO_ECOLI	477	
removed	sp|P77781|MENI_ECOLI	136	
removed	sp|P77783|YNFF_ECOLI	807	
removed	sp|P77788|NUDG_ECOLI	135	
removed	sp|P77789|YDES_ECOLI	176	
removed	sp|P77790|DDPX_ECOLI	193	
removed	sp|P77791|MAA_ECOLI	183	
removed	sp|P77795|YDCT_ECOLI	337	
removed	sp|P77802|ECPC_ECOLI	841	
removed	sp|P77804|YDGA_ECOLI	502	
removed	sp|P77806|YBDL_ECOLI	386	
removed	sp|P77808|CINAL_ECOLI	400	
removed	sp|P77858|HYFC_ECOLI	315	
removed	sp|P78055|FSAA_ECOLI	220	
removed	sp|P78061|PUUA_ECOLI	472	
removed	sp|P78067|YNJE_ECOLI	435	
removed	sp|P78271|YFES_ECOLI	244	
removed	sp|P78285|LYSD_ECOLI	165	
removed	sp|P80644|SSUE_ECOLI	191	
removed	sp|P80645|SSUD_ECOLI	381	
removed	sp|P80668|FEAB_ECOLI	499	
removed	sp|Q06065|ATOC_ECOLI	461	
removed	sp|Q06067|ATOS_ECOLI	608	
removed	sp|Q2EEP9|YAFF_ECOLI	62	
removed	sp|Q2EEQ2|RL362_ECOLI	46	
removed	sp|Q2EEQ3|YAHH_ECOLI	106	
removed	sp|Q2EEQ8|YBFQ_ECOLI	84	
removed	sp|Q2EER5|YMJC_ECOLI	60	
removed	sp|Q2EES0|YNFO_ECOLI	77	
removed	sp|Q2EES1|YNID_ECOLI	35	
removed	sp|Q2EES3|YOEF_ECOLI	118	
removed	sp|Q2EES6|YOHO_ECOLI	35	
removed	sp|Q2EES9|TORI_ECOLI	66	
removed	sp|Q2EET0|YPDJ_ECOLI	46	
removed	sp|Q2EET2|YPFN_ECOLI	66	
removed	sp|Q2EEU2|YJHX_ECOLI	85	
removed	sp|Q2M5U1|YTJA_ECOLI	53	
removed	sp|Q2M7M3|YSAB_ECOLI	99	
removed	sp|Q2M7R5|YIBT_ECOLI	69	
removed	sp|Q2M7X4|YICS_ECOLI	97	
removed	sp|Q2MB16|YOBH_ECOLI	79	
removed	sp|Q46755|SIRB2_ECOLI	130	
removed	sp|Q46786|YGEF_ECOLI	148	
removed	sp|Q46787|YGEG_ECOLI	163	
removed	sp|Q46789|YGEI_ECOLI	72	
removed	sp|Q46790|PBL_ECOLI	158	
removed	sp|Q46791|YGEK_ECOLI	147	
removed	sp|Q46793|YGEN_ECOLI	235	
removed	sp|Q46795|YGEO_ECOLI	141	
removed	sp|Q46796|YGEP_ECOLI	99	
removed	sp|Q46797|YGEQ_ECOLI	264	
removed	sp|Q46798|YGER_ECOLI	251	
removed	sp|Q46799|XDHA_ECOLI	752	
removed	sp|Q46800|XDHB_ECOLI	292	
removed	sp|Q46801|XDHC_ECOLI	159	
removed	sp|Q46802|UACR_ECOLI	592	
removed	sp|Q46803|YGEW_ECOLI	396	
removed	sp|Q46806|PHYDA_ECOLI	461	
removed	sp|Q46807|ARCL_ECOLI	310	
removed	sp|Q46808|YQEB_ECOLI	541	
removed	sp|Q46809|YQEC_ECOLI	256	
removed	sp|Q46810|MOCA_ECOLI	192	
removed	sp|Q46811|YGFK_ECOLI	1032	
removed	sp|Q46812|SSNA_ECOLI	442	
removed	sp|Q46814|XDHD_ECOLI	956	
removed	sp|Q46817|GHXQ_ECOLI	455	
removed	sp|Q46819|YGFS_ECOLI	162	
removed	sp|Q46820|UACF_ECOLI	639	
removed	sp|Q46821|UACT_ECOLI	482	
removed	sp|Q46822|IDI_ECOLI	182	
removed	sp|Q46824|YGFX_ECOLI	135	
removed	sp|Q46829|BGLA_ECOLI	479	
removed	sp|Q46831|YQGA_ECOLI	235	
removed	sp|Q46832|YGHD_ECOLI	178	
removed	sp|Q46833|YGHE_ECOLI	286	
removed	sp|Q46834|YGHF_ECOLI	331	
removed	sp|Q46835|YGHG_ECOLI	136	
removed	sp|Q46836|PPPA_ECOLI	269	
removed	sp|Q46839|GLCA_ECOLI	560	
removed	sp|Q46840|YGHO_ECOLI	390	
removed	sp|Q46841|YGHQ_ECOLI	355	
removed	sp|Q46843|YGHS_ECOLI	237	
removed	sp|Q46844|YGHT_ECOLI	230	
removed	sp|Q46845|YGHU_ECOLI	288	
removed	sp|Q46851|GPR_ECOLI	346	
removed	sp|Q46855|YQHC_ECOLI	318	
removed	sp|Q46856|YQHD_ECOLI	387	
removed	sp|Q46857|DKGA_ECOLI	275	
removed	sp|Q46858|YQHG_ECOLI	308	
removed	sp|Q46861|YGIQ_ECOLI	739	
removed	sp|Q46863|YGIS_ECOLI	535	
removed	sp|Q46864|MQSA_ECOLI	131	
removed	sp|Q46865|MQSR_ECOLI	98	
removed	sp|Q46866|YGIV_ECOLI	160	
removed	sp|Q46867|YGIZ_ECOLI	110	
removed	sp|Q46868|UBIK_ECOLI	96	
removed	sp|Q46871|YQJH_ECOLI	254	
removed	sp|Q46877|NORV_ECOLI	479	
removed	sp|Q46888|LTND_ECOLI	302	
removed	sp|Q46889|OTNK_ECOLI	388	
removed	sp|Q46890|OTNC_ECOLI	212	
removed	sp|Q46891|OTNI_ECOLI	258	
removed	sp|Q46892|YGBN_ECOLI	454	
removed	sp|Q46893|ISPD_ECOLI	236	
removed	sp|Q46896|CAS1_ECOLI	305	
removed	sp|Q46897|CAS6_ECOLI	199	
removed	sp|Q46898|CAS5_ECOLI	224	
removed	sp|Q46899|CASC_ECOLI	363	
removed	sp|Q46901|CSE1_ECOLI	502	
removed	sp|Q46904|YGCN_ECOLI	423	
removed	sp|Q46905|YGCO_ECOLI	86	
removed	sp|Q46906|YGCP_ECOLI	191	
removed	sp|Q46907|YGCQ_ECOLI	286	
removed	sp|Q46908|YGCR_ECOLI	259	
removed	sp|Q46909|YGCS_ECOLI	445	
removed	sp|Q46911|YGCU_ECOLI	484	
removed	sp|Q46915|GUDX_ECOLI	446	
removed	sp|Q46916|GUDP_ECOLI	450	
removed	sp|Q46919|YQCC_ECOLI	109	
removed	sp|Q46920|QUEF_ECOLI	282	
removed	sp|Q46925|CSDA_ECOLI	401	
removed	sp|Q46927|TCDA_ECOLI	268	
removed	sp|Q46938|KDUI_ECOLI	278	
removed	sp|Q46939|YQEF_ECOLI	393	
removed	sp|Q46941|YQEH_ECOLI	210	
removed	sp|Q46942|YQEI_ECOLI	269	
removed	sp|Q46943|YQEJ_ECOLI	160	
removed	sp|Q46948|YAJL_ECOLI	196	
removed	sp|Q46953|YPJF_ECOLI	109	
removed	sp|Q47005|NAC_ECOLI	305	
removed	sp|Q47013|ELAD_ECOLI	403	
removed	sp|Q47083|CBL_ECOLI	316	
removed	sp|Q47129|FEAR_ECOLI	301	
removed	sp|Q47138|YDFE_ECOLI	306	
removed	sp|Q47140|HCAF_ECOLI	172	
removed	sp|Q47141|HCAR_ECOLI	296	
removed	sp|Q47142|HCAT_ECOLI	379	
removed	sp|Q47146|FADE_ECOLI	814	
removed	sp|Q47147|YAFJ_ECOLI	255	
removed	sp|Q47149|YAFQ_ECOLI	92	
removed	sp|Q47150|DINJ_ECOLI	86	
removed	sp|Q47151|YAFL_ECOLI	249	
removed	sp|Q47152|RAYT_ECOLI	165	
removed	sp|Q47153|LFHA_ECOLI	579	
removed	sp|Q47154|LAFU_ECOLI	211	
removed	sp|Q47155|DPO4_ECOLI	351	
removed	sp|Q47156|YAFN_ECOLI	97	
removed	sp|Q47157|YAFO_ECOLI	132	
removed	sp|Q47158|YAFP_ECOLI	150	
removed	sp|Q47208|ALLF_ECOLI	555	
removed	sp|Q47268|YLCH_ECOLI	33	
removed	sp|Q47269|YBCN_ECOLI	151	
removed	sp|Q47270|NINE_ECOLI	56	
removed	sp|Q47272|YLCG_ECOLI	46	
removed	sp|Q47274|REQ1_ECOLI	127	
removed	sp|Q47319|TAPT_ECOLI	232	
removed	sp|Q47377|ARNE_ECOLI	111	
removed	sp|Q47534|YAIO_ECOLI	257	
removed	sp|Q47536|YAIP_ECOLI	398	
removed	sp|Q47537|TAUA_ECOLI	320	
removed	sp|Q47538|TAUB_ECOLI	255	
removed	sp|Q47539|TAUC_ECOLI	275	
removed	sp|Q47622|SAPA_ECOLI	547	
removed	sp|Q47679|YAFV_ECOLI	256	
removed	sp|Q47684|YAFW_ECOLI	105	
removed	sp|Q47685|YKFG_ECOLI	158	
removed	sp|Q47688|YKFC_ECOLI	381	
removed	sp|Q47689|MMUP_ECOLI	467	
removed	sp|Q47690|MMUM_ECOLI	310	
removed	sp|Q47702|YFEK_ECOLI	124	
removed	sp|Q47706|UIDC_ECOLI	421	
removed	sp|Q47710|YQJK_ECOLI	99	
removed	sp|Q47718|INSO2_ECOLI	198	
removed	sp|Q47719|YJHV_ECOLI	137	
removed	sp|Q57083|PERR_ECOLI	297	
removed	sp|Q57261|TRUD_ECOLI	349	
removed	sp|Q59385|COPA_ECOLI	834	
removed	sp|Q6BEX0|YTFR_ECOLI	500	
removed	sp|Q6BEX5|YJDP_ECOLI	109	
removed	sp|Q6BF16|DGOA_ECOLI	205	
removed	sp|Q6BF17|DGOD_ECOLI	382	
removed	sp|Q6BF25|LDRD_ECOLI	35	
removed	sp|Q6BF87|LDRB_ECOLI	35	
removed	sp|Q79E92|YKGN_ECOLI	112	
removed	sp|Q7DFU6|YGHX_ECOLI	117	
removed	sp|Q7DFV3|YMGG_ECOLI	114	
removed	sp|Q7DFV4|YMDE_ECOLI	107	
removed	sp|Q93K97|ADPP_ECOLI	209	
removed	sp|Q9XB42|YKFH_ECOLI	73	
removed	sp|Q9Z3A0|YJGW_ECOLI	111	
removed	sp|U3PVA8|IROK_ECOLI	21	
removed	sp|V9HVX0|YPAA_ECOLI	61	